datetime,open,high,low,close,volume
2026-07-01T17:30:00+00:00,71.365,71.376,71.294,71.325,301
2026-07-01T17:35:00+00:00,71.325,71.35,71.294,71.309,286
2026-07-01T17:40:00+00:00,71.309,71.326,71.221,71.256,431
2026-07-01T17:45:00+00:00,71.256,71.296,71.209,71.235,390
2026-07-01T17:50:00+00:00,71.235,71.276,71.144,71.24,441
2026-07-01T17:55:00+00:00,71.24,71.366,71.214,71.359,374
2026-07-01T18:00:00+00:00,71.359,71.451,71.354,71.395,617
2026-07-01T18:05:00+00:00,71.395,71.436,71.384,71.404,439
2026-07-01T18:10:00+00:00,71.404,71.411,71.294,71.315,413
2026-07-01T18:15:00+00:00,71.315,71.376,71.314,71.325,410
2026-07-01T18:20:00+00:00,71.325,71.365,71.294,71.306,438
2026-07-01T18:25:00+00:00,71.306,71.7,71.251,71.645,1545
2026-07-01T18:30:00+00:00,71.645,71.685,71.524,71.55,741
2026-07-01T18:35:00+00:00,71.55,71.586,71.464,71.469,439
2026-07-01T18:40:00+00:00,71.469,71.491,71.414,71.475,334
2026-07-01T18:45:00+00:00,71.475,71.506,71.444,71.471,302
2026-07-01T18:50:00+00:00,71.471,71.476,71.419,71.445,170
2026-07-01T18:55:00+00:00,71.445,71.456,71.354,71.365,234
2026-07-01T19:00:00+00:00,71.365,71.365,71.324,71.325,170
2026-07-01T19:05:00+00:00,71.325,71.345,71.256,71.259,205
2026-07-01T19:10:00+00:00,71.259,71.356,71.255,71.355,194
2026-07-01T19:15:00+00:00,71.355,71.381,71.324,71.354,237
2026-07-01T19:20:00+00:00,71.354,71.386,71.319,71.381,204
2026-07-01T19:25:00+00:00,71.381,71.385,71.294,71.294,244
2026-07-01T19:30:00+00:00,71.294,71.304,71.254,71.26,150
2026-07-01T19:35:00+00:00,71.26,71.279,71.094,71.131,381
2026-07-01T19:40:00+00:00,71.131,71.221,71.1,71.22,326
2026-07-01T19:45:00+00:00,71.22,71.226,71.155,71.176,175
2026-07-01T19:50:00+00:00,71.176,71.186,71.126,71.141,252
2026-07-01T19:55:00+00:00,71.141,71.144,71.004,71.109,470
2026-07-01T20:00:00+00:00,71.109,71.141,71.08,71.117,189.89986219568212
2026-07-01T20:05:00+00:00,71.117,71.147,71.08000000000001,71.10700000000001,179
2026-07-01T20:10:00+00:00,71.10700000000001,71.17000000000002,71.08000000000001,71.10700000000001,185
2026-07-01T20:15:00+00:00,71.10700000000001,71.13600000000001,71.061,71.13100000000001,105
2026-07-01T20:20:00+00:00,71.13100000000001,71.212,71.13100000000001,71.20500000000001,148
2026-07-01T20:25:00+00:00,71.20500000000001,71.22200000000001,71.19500000000001,71.2,99
2026-07-01T20:30:00+00:00,71.2,71.20700000000001,71.12,71.14500000000001,102
2026-07-01T20:35:00+00:00,71.14500000000001,71.186,71.135,71.15500000000002,66
2026-07-01T20:40:00+00:00,71.15500000000002,71.177,71.14500000000001,71.16000000000001,56
2026-07-01T20:45:00+00:00,71.16000000000001,71.191,71.14500000000001,71.165,134
2026-07-01T20:50:00+00:00,71.165,71.17200000000001,71.11600000000001,71.12700000000001,184
2026-07-01T20:55:00+00:00,71.12700000000001,71.15100000000001,71.105,71.15100000000001,328
2026-07-02T00:00:00+00:00,71.15100000000001,71.16100000000002,70.99000000000001,71.00100000000002,220.18694096601075
2026-07-02T00:05:00+00:00,71.00100000000002,71.01700000000001,70.86600000000001,70.99700000000001,275
2026-07-02T00:10:00+00:00,70.99700000000001,71.06600000000002,70.98500000000001,71.06000000000002,156
2026-07-02T00:15:00+00:00,71.06000000000002,71.06600000000002,70.99200000000002,70.99500000000002,150
2026-07-02T00:20:00+00:00,70.99500000000002,71.03200000000001,70.94500000000001,70.94700000000002,105
2026-07-02T00:25:00+00:00,70.94700000000002,70.97200000000001,70.89500000000001,70.96700000000001,173
2026-07-02T00:30:00+00:00,70.96700000000001,71.01700000000001,70.96200000000002,70.98700000000001,143
2026-07-02T00:35:00+00:00,70.98700000000001,70.99000000000001,70.92000000000002,70.92700000000002,92
2026-07-02T00:40:00+00:00,70.92700000000002,70.95700000000001,70.88000000000001,70.89600000000002,153
2026-07-02T00:45:00+00:00,70.89600000000002,70.92700000000002,70.81100000000002,70.86600000000001,143
2026-07-02T00:50:00+00:00,70.86600000000001,70.95700000000001,70.85500000000002,70.94000000000001,102
2026-07-02T00:55:00+00:00,70.94000000000001,70.99700000000001,70.94000000000001,70.98200000000001,122
2026-07-02T01:00:00+00:00,70.98200000000001,71.03500000000001,70.78500000000001,70.89500000000001,764
2026-07-02T01:05:00+00:00,70.89500000000001,70.97700000000002,70.73500000000001,70.75500000000001,547
2026-07-02T01:10:00+00:00,70.75500000000001,70.86700000000002,70.75000000000001,70.84200000000001,506
2026-07-02T01:15:00+00:00,70.84200000000001,70.91200000000002,70.76000000000002,70.88100000000001,391
2026-07-02T01:20:00+00:00,70.88100000000001,70.88100000000001,70.66500000000002,70.72600000000001,569
2026-07-02T01:25:00+00:00,70.72600000000001,70.73600000000002,70.64500000000001,70.66600000000001,439
2026-07-02T01:30:00+00:00,70.66600000000001,70.77700000000002,70.66000000000001,70.74700000000001,286
2026-07-02T01:35:00+00:00,70.74700000000001,70.82700000000001,70.73500000000001,70.76600000000002,232
2026-07-02T01:40:00+00:00,70.76600000000002,70.83100000000002,70.74500000000002,70.81700000000002,223
2026-07-02T01:45:00+00:00,70.81700000000002,70.81700000000002,70.68100000000001,70.75600000000001,270
2026-07-02T01:50:00+00:00,70.75600000000001,70.76600000000002,70.70500000000001,70.75700000000002,229
2026-07-02T01:55:00+00:00,70.75700000000002,70.89700000000002,70.74500000000002,70.86100000000002,310
2026-07-02T02:00:00+00:00,70.86100000000002,70.90200000000002,70.72000000000001,70.88700000000001,366
2026-07-02T02:05:00+00:00,70.88700000000001,71.04200000000002,70.85500000000002,70.98600000000002,277
2026-07-02T02:10:00+00:00,70.98600000000002,71.07000000000001,70.90500000000002,70.90500000000002,268
2026-07-02T02:15:00+00:00,70.90500000000002,70.92700000000002,70.88100000000001,70.88600000000001,136
2026-07-02T02:20:00+00:00,70.88600000000001,70.90700000000001,70.86500000000001,70.87600000000002,81
2026-07-02T02:25:00+00:00,70.87600000000002,70.90200000000002,70.85500000000002,70.89600000000002,131
2026-07-02T02:30:00+00:00,70.89600000000002,70.95600000000002,70.85500000000002,70.95200000000001,242
2026-07-02T02:35:00+00:00,70.95200000000001,70.97000000000001,70.82600000000001,70.84700000000001,280
2026-07-02T02:40:00+00:00,70.84700000000001,70.86700000000002,70.78500000000001,70.81600000000002,225
2026-07-02T02:45:00+00:00,70.81600000000002,70.83200000000001,70.77500000000002,70.82500000000002,215
2026-07-02T02:50:00+00:00,70.82500000000002,70.89200000000001,70.73600000000002,70.73600000000002,274
2026-07-02T02:55:00+00:00,70.73600000000002,70.79600000000002,70.70000000000002,70.74700000000001,250
2026-07-02T03:00:00+00:00,70.74700000000001,70.81700000000002,70.73000000000002,70.77500000000002,217
2026-07-02T03:05:00+00:00,70.77500000000002,70.79700000000001,70.71700000000001,70.77000000000001,223
2026-07-02T03:10:00+00:00,70.77000000000001,70.77600000000001,70.62000000000002,70.64500000000001,159
2026-07-02T03:15:00+00:00,70.64500000000001,70.66600000000001,70.61000000000001,70.65500000000002,198
2026-07-02T03:20:00+00:00,70.65500000000002,70.67200000000001,70.62500000000001,70.63500000000002,215
2026-07-02T03:25:00+00:00,70.63500000000002,70.66700000000002,70.61500000000001,70.65700000000001,237
2026-07-02T03:30:00+00:00,70.65700000000001,70.76700000000001,70.65700000000001,70.72700000000002,153
2026-07-02T03:35:00+00:00,70.72700000000002,70.75600000000001,70.70500000000001,70.72200000000001,92
2026-07-02T03:40:00+00:00,70.72200000000001,70.76100000000001,70.70600000000002,70.75500000000001,110
2026-07-02T03:45:00+00:00,70.75500000000001,70.77200000000002,70.61500000000001,70.75000000000001,200
2026-07-02T03:50:00+00:00,70.75000000000001,70.80700000000002,70.74500000000002,70.78700000000002,117
2026-07-02T03:55:00+00:00,70.78700000000002,70.78700000000002,70.62500000000001,70.72700000000002,132
2026-07-02T04:00:00+00:00,70.72700000000002,70.78700000000002,70.72000000000001,70.78700000000002,88
2026-07-02T04:05:00+00:00,70.78700000000002,70.83200000000001,70.77600000000001,70.77700000000002,63
2026-07-02T04:10:00+00:00,70.77700000000002,70.80700000000002,70.77500000000002,70.79500000000002,51
2026-07-02T04:15:00+00:00,70.79500000000002,70.80600000000001,70.79000000000002,70.80000000000001,40
2026-07-02T04:20:00+00:00,70.80000000000001,70.82700000000001,70.79000000000002,70.81600000000002,55
2026-07-02T04:25:00+00:00,70.81600000000002,70.83700000000002,70.80600000000001,70.82700000000001,74
2026-07-02T04:30:00+00:00,70.82700000000001,70.83700000000002,70.79500000000002,70.80500000000002,61
2026-07-02T04:35:00+00:00,70.80500000000002,70.89100000000002,70.79600000000002,70.85600000000001,167
2026-07-02T04:40:00+00:00,70.85600000000001,70.90000000000002,70.85600000000001,70.88600000000001,59
2026-07-02T04:45:00+00:00,70.88600000000001,70.88600000000001,70.85500000000002,70.86500000000001,65
2026-07-02T04:50:00+00:00,70.86500000000001,70.87500000000001,70.83000000000001,70.86700000000002,93
2026-07-02T04:55:00+00:00,70.86700000000002,70.89000000000001,70.85500000000002,70.88100000000001,57
2026-07-02T05:00:00+00:00,70.88100000000001,70.91700000000002,70.85500000000002,70.86200000000001,156
2026-07-02T05:05:00+00:00,70.86200000000001,70.86200000000001,70.84100000000001,70.84600000000002,66
2026-07-02T05:10:00+00:00,70.84600000000002,70.86100000000002,70.83500000000001,70.84600000000002,65
2026-07-02T05:15:00+00:00,70.84600000000002,70.85700000000001,70.82100000000001,70.84000000000002,70
2026-07-02T05:20:00+00:00,70.84000000000002,70.89700000000002,70.84000000000002,70.85600000000001,158
2026-07-02T05:25:00+00:00,70.85600000000001,70.86700000000002,70.83500000000001,70.84700000000001,81
2026-07-02T05:30:00+00:00,70.84700000000001,70.89000000000001,70.75600000000001,70.80500000000002,534
2026-07-02T05:35:00+00:00,70.80500000000002,70.84700000000001,70.64000000000001,70.73600000000002,473
2026-07-02T05:40:00+00:00,70.73600000000002,70.81200000000001,70.71600000000001,70.76500000000001,319
2026-07-02T05:45:00+00:00,70.76500000000001,70.83200000000001,70.72500000000001,70.82000000000001,257
2026-07-02T05:50:00+00:00,70.82000000000001,70.88600000000001,70.81000000000002,70.83500000000001,261
2026-07-02T05:55:00+00:00,70.83500000000001,70.86200000000001,70.77500000000002,70.85500000000002,330
2026-07-02T06:00:00+00:00,70.85500000000002,70.90700000000001,70.71600000000001,70.74600000000001,454
2026-07-02T06:05:00+00:00,70.74600000000001,70.79200000000002,70.70600000000002,70.74500000000002,329
2026-07-02T06:10:00+00:00,70.74500000000002,70.74600000000001,70.64500000000001,70.68600000000002,514
2026-07-02T06:15:00+00:00,70.68600000000002,70.84000000000002,70.68200000000002,70.76000000000002,423
2026-07-02T06:20:00+00:00,70.76000000000002,70.92200000000001,70.74600000000001,70.92100000000002,470
2026-07-02T06:25:00+00:00,70.92100000000002,71.00200000000001,70.86500000000001,70.99100000000001,395
2026-07-02T06:30:00+00:00,70.99100000000001,71.00700000000002,70.74100000000001,70.74100000000001,568
2026-07-02T06:35:00+00:00,70.74100000000001,70.81200000000001,70.71500000000002,70.73500000000001,361
2026-07-02T06:40:00+00:00,70.73500000000001,70.79200000000002,70.73500000000001,70.77500000000002,299
2026-07-02T06:45:00+00:00,70.77500000000002,70.78200000000001,70.66500000000002,70.66500000000002,403
2026-07-02T06:50:00+00:00,70.66500000000002,70.69200000000002,70.56000000000002,70.64000000000001,463
2026-07-02T06:55:00+00:00,70.64000000000001,70.64000000000001,70.52000000000001,70.57100000000001,542
2026-07-02T07:00:00+00:00,70.57100000000001,70.60100000000001,70.49000000000001,70.54100000000001,812
2026-07-02T07:05:00+00:00,70.54100000000001,70.54200000000002,70.39000000000001,70.44700000000002,653
2026-07-02T07:10:00+00:00,70.44700000000002,70.47000000000001,70.36200000000001,70.45000000000002,410
2026-07-02T07:15:00+00:00,70.45000000000002,70.59600000000002,70.39600000000002,70.55100000000002,427
2026-07-02T07:20:00+00:00,70.55100000000002,70.71000000000001,70.51000000000002,70.68700000000001,314
2026-07-02T07:25:00+00:00,70.68700000000001,71.06200000000001,70.68100000000001,70.93100000000001,896
2026-07-02T07:30:00+00:00,70.93100000000001,71.11200000000001,70.90500000000002,71.02200000000002,713
2026-07-02T07:35:00+00:00,71.02200000000002,71.05100000000002,70.92000000000002,71.00600000000001,557
2026-07-02T07:40:00+00:00,71.00600000000001,71.08700000000002,70.98600000000002,71.06600000000002,433
2026-07-02T07:45:00+00:00,71.06600000000002,71.15100000000001,71.04500000000002,71.06700000000002,564
2026-07-02T07:50:00+00:00,71.06700000000002,71.12700000000001,70.94500000000001,70.94700000000002,385
2026-07-02T07:55:00+00:00,70.94700000000002,71.00100000000002,70.76100000000001,70.82200000000002,743
2026-07-02T08:00:00+00:00,70.82200000000002,70.89100000000002,70.74000000000001,70.86100000000002,772
2026-07-02T08:05:00+00:00,70.86100000000002,70.95700000000001,70.80100000000002,70.82700000000001,660
2026-07-02T08:10:00+00:00,70.82700000000001,71.14600000000002,70.77000000000001,71.06700000000002,792
2026-07-02T08:15:00+00:00,71.06700000000002,71.18200000000002,71.03500000000001,71.05600000000001,694
2026-07-02T08:20:00+00:00,71.05600000000001,71.11600000000001,70.94500000000001,71.03100000000002,707
2026-07-02T08:25:00+00:00,71.03100000000002,71.16700000000002,70.88000000000001,71.05200000000002,2128
2026-07-02T08:30:00+00:00,71.05200000000002,71.16200000000002,70.81100000000002,70.83100000000002,966
2026-07-02T08:35:00+00:00,70.83100000000002,70.90200000000002,70.78600000000002,70.89000000000001,583
2026-07-02T08:40:00+00:00,70.89000000000001,70.97200000000001,70.87200000000001,70.91000000000001,388
2026-07-02T08:45:00+00:00,70.91000000000001,71.01700000000001,70.85700000000001,70.87200000000001,540
2026-07-02T08:50:00+00:00,70.87200000000001,70.89100000000002,70.75100000000002,70.79200000000002,526
2026-07-02T08:55:00+00:00,70.79200000000002,70.84200000000001,70.73000000000002,70.83100000000002,429
2026-07-02T09:00:00+00:00,70.83100000000002,70.84700000000001,70.73500000000001,70.79700000000001,406
2026-07-02T09:05:00+00:00,70.79700000000001,70.83200000000001,70.70100000000001,70.72600000000001,440
2026-07-02T09:10:00+00:00,70.72600000000001,70.72700000000002,70.53100000000002,70.61500000000001,669
2026-07-02T09:15:00+00:00,70.61500000000001,70.71700000000001,70.54500000000002,70.56100000000002,556
2026-07-02T09:20:00+00:00,70.56100000000002,70.62500000000001,70.46000000000001,70.49000000000001,358
2026-07-02T09:25:00+00:00,70.49000000000001,70.55600000000001,70.47100000000002,70.48200000000001,312
2026-07-02T09:30:00+00:00,70.48200000000001,70.57700000000001,70.46000000000001,70.56500000000001,317
2026-07-02T09:35:00+00:00,70.56500000000001,70.56500000000001,70.36000000000001,70.43600000000002,486
2026-07-02T09:40:00+00:00,70.43600000000002,70.55100000000002,70.38200000000002,70.55000000000001,467
2026-07-02T09:45:00+00:00,70.55000000000001,70.65200000000002,70.54000000000002,70.62000000000002,412
2026-07-02T09:50:00+00:00,70.62000000000002,70.62000000000002,70.48000000000002,70.53100000000002,528
2026-07-02T09:55:00+00:00,70.53100000000002,70.57000000000001,70.44000000000001,70.47000000000001,433
2026-07-02T10:00:00+00:00,70.47000000000001,70.54200000000002,70.43000000000002,70.43500000000002,399
2026-07-02T10:05:00+00:00,70.43500000000002,70.59700000000001,70.43500000000002,70.57700000000001,436
2026-07-02T10:10:00+00:00,70.57700000000001,70.63200000000002,70.46500000000002,70.57000000000001,464
2026-07-02T10:15:00+00:00,70.57000000000001,70.68200000000002,70.54500000000002,70.62600000000002,298
2026-07-02T10:20:00+00:00,70.62600000000002,70.70000000000002,70.59600000000002,70.68100000000001,341
2026-07-02T10:25:00+00:00,70.68100000000001,70.68700000000001,70.61100000000002,70.65000000000002,241
2026-07-02T10:30:00+00:00,70.65000000000002,70.67100000000002,70.61000000000001,70.64600000000002,239
2026-07-02T10:35:00+00:00,70.64600000000002,70.71200000000002,70.58000000000001,70.59200000000001,345
2026-07-02T10:40:00+00:00,70.59200000000001,70.70200000000001,70.59000000000002,70.66200000000002,376
2026-07-02T10:45:00+00:00,70.66200000000002,70.72200000000001,70.63000000000001,70.70000000000002,250
2026-07-02T10:50:00+00:00,70.70000000000002,70.71000000000001,70.62000000000002,70.62000000000002,243
2026-07-02T10:55:00+00:00,70.62000000000002,70.63200000000002,70.48000000000002,70.50200000000001,434
2026-07-02T11:00:00+00:00,70.50200000000001,70.65200000000002,70.47000000000001,70.64700000000002,554
2026-07-02T11:05:00+00:00,70.64700000000002,70.69200000000002,70.52100000000002,70.52600000000001,329
2026-07-02T11:10:00+00:00,70.52600000000001,70.58700000000002,70.48000000000002,70.54200000000002,266
2026-07-02T11:15:00+00:00,70.54200000000002,70.56200000000001,70.45500000000001,70.46600000000001,343
2026-07-02T11:20:00+00:00,70.46600000000001,70.47200000000001,70.33000000000001,70.37200000000001,446
2026-07-02T11:25:00+00:00,70.37200000000001,70.37200000000001,70.28100000000002,70.36000000000001,379
2026-07-02T11:30:00+00:00,70.36000000000001,70.36600000000001,70.12000000000002,70.16200000000002,541
2026-07-02T11:35:00+00:00,70.16200000000002,70.26200000000001,70.12000000000002,70.23100000000001,732
2026-07-02T11:40:00+00:00,70.23100000000001,70.40200000000002,70.23100000000001,70.38000000000001,562
2026-07-02T11:45:00+00:00,70.38000000000001,70.39200000000001,70.33000000000001,70.34600000000002,380
2026-07-02T11:50:00+00:00,70.34600000000002,70.43200000000002,70.33000000000001,70.42100000000002,458
2026-07-02T11:55:00+00:00,70.42100000000002,70.42200000000001,70.26600000000002,70.28000000000002,334
2026-07-02T12:00:00+00:00,70.28000000000002,70.43000000000002,70.23600000000002,70.34200000000001,580
2026-07-02T12:05:00+00:00,70.34200000000001,70.40700000000001,70.32000000000001,70.34100000000001,321
2026-07-02T12:10:00+00:00,70.34100000000001,70.36500000000001,70.26000000000002,70.29100000000001,356
2026-07-02T12:15:00+00:00,70.29100000000001,70.30200000000002,70.18500000000002,70.20200000000001,520
2026-07-02T12:20:00+00:00,70.20200000000001,70.30000000000001,70.15200000000002,70.26700000000001,405
2026-07-02T12:25:00+00:00,70.26700000000001,70.42200000000001,70.23000000000002,70.41000000000001,492
2026-07-02T12:30:00+00:00,70.41000000000001,70.45200000000001,70.33500000000001,70.38700000000001,1363
2026-07-02T12:35:00+00:00,70.38700000000001,70.45700000000001,70.34100000000001,70.41100000000002,775
2026-07-02T12:40:00+00:00,70.41100000000002,70.45700000000001,70.32500000000002,70.33200000000001,620
2026-07-02T12:45:00+00:00,70.33200000000001,70.51700000000001,70.32500000000002,70.48700000000001,769
2026-07-02T12:50:00+00:00,70.48700000000001,70.66700000000002,70.48700000000001,70.57700000000001,963
2026-07-02T12:55:00+00:00,70.57700000000001,70.67700000000002,70.55000000000001,70.57600000000001,791
2026-07-02T13:00:00+00:00,70.57600000000001,70.72200000000001,70.51500000000001,70.69200000000002,1291
2026-07-02T13:05:00+00:00,70.69200000000002,70.72200000000001,70.52000000000001,70.52700000000002,967
2026-07-02T13:10:00+00:00,70.52700000000002,70.58700000000002,70.47000000000001,70.56200000000001,1040
2026-07-02T13:15:00+00:00,70.56200000000001,70.68200000000002,70.54500000000002,70.62700000000001,1044
2026-07-02T13:20:00+00:00,70.62700000000001,70.79500000000002,70.59000000000002,70.73700000000001,852
2026-07-02T13:25:00+00:00,70.73700000000001,70.78200000000001,70.60100000000001,70.78100000000002,819
2026-07-02T13:30:00+00:00,70.78100000000002,70.87200000000001,70.70000000000002,70.71000000000001,1597
2026-07-02T13:35:00+00:00,70.71000000000001,70.91200000000002,70.69600000000001,70.89700000000002,1110
2026-07-02T13:40:00+00:00,70.89700000000002,70.95200000000001,70.84500000000001,70.90100000000001,1067
2026-07-02T13:45:00+00:00,70.90100000000001,71.13200000000002,70.90000000000002,71.08000000000001,938
2026-07-02T13:50:00+00:00,71.08000000000001,71.08200000000001,70.87100000000001,70.88600000000001,1151
2026-07-02T13:55:00+00:00,70.88600000000001,70.90700000000001,70.80000000000001,70.86700000000002,884
2026-07-02T14:00:00+00:00,70.86700000000002,70.91200000000002,70.77200000000002,70.82000000000001,1009
2026-07-02T14:05:00+00:00,70.82000000000001,70.86200000000001,70.74000000000001,70.75000000000001,780
2026-07-02T14:10:00+00:00,70.75000000000001,70.87600000000002,70.71000000000001,70.71100000000001,1519
2026-07-02T14:15:00+00:00,70.71100000000001,70.83200000000001,70.71100000000001,70.79700000000001,780
2026-07-02T14:20:00+00:00,70.79700000000001,70.79700000000001,70.64000000000001,70.67200000000001,840
2026-07-02T14:25:00+00:00,70.67200000000001,70.78200000000001,70.66000000000001,70.73700000000001,815
2026-07-02T14:30:00+00:00,70.73700000000001,70.79700000000001,70.67500000000001,70.77600000000001,1099
2026-07-02T14:35:00+00:00,70.77600000000001,70.82200000000002,70.72600000000001,70.79700000000001,703
2026-07-02T14:40:00+00:00,70.79700000000001,70.86700000000002,70.67600000000002,70.82700000000001,1104
2026-07-02T14:45:00+00:00,70.82700000000001,70.94000000000001,70.81000000000002,70.82500000000002,876
2026-07-02T14:50:00+00:00,70.82500000000002,70.85700000000001,70.71100000000001,70.85600000000001,793
2026-07-02T14:55:00+00:00,70.85600000000001,70.92600000000002,70.78000000000002,70.83000000000001,678
2026-07-02T15:00:00+00:00,70.83000000000001,70.89600000000002,70.77000000000001,70.78500000000001,965
2026-07-02T15:05:00+00:00,70.78500000000001,70.78500000000001,70.53000000000002,70.55200000000002,951
2026-07-02T15:10:00+00:00,70.55200000000002,70.63600000000001,70.52000000000001,70.61500000000001,900
2026-07-02T15:15:00+00:00,70.61500000000001,70.90200000000002,70.61000000000001,70.78200000000001,1199
2026-07-02T15:20:00+00:00,70.78200000000001,70.79100000000001,70.60000000000001,70.71100000000001,895
2026-07-02T15:25:00+00:00,70.71100000000001,70.84200000000001,70.63100000000001,70.67700000000002,1425
2026-07-02T15:30:00+00:00,70.67700000000002,70.71200000000002,70.58000000000001,70.67100000000002,799
2026-07-02T15:35:00+00:00,70.67100000000002,70.68100000000001,70.54500000000002,70.59200000000001,499
2026-07-02T15:40:00+00:00,70.59200000000001,70.65200000000002,70.50000000000001,70.51600000000002,564
2026-07-02T15:45:00+00:00,70.51600000000002,70.51600000000002,70.40000000000002,70.49000000000001,636
2026-07-02T15:50:00+00:00,70.49000000000001,70.69200000000002,70.43100000000001,70.68100000000001,809
2026-07-02T15:55:00+00:00,70.68100000000001,70.74100000000001,70.62000000000002,70.73000000000002,532
2026-07-02T16:00:00+00:00,70.73000000000002,70.82200000000002,70.68000000000002,70.78100000000002,696
2026-07-02T16:05:00+00:00,70.78100000000002,71.01700000000001,70.77600000000001,70.99700000000001,1122
2026-07-02T16:10:00+00:00,70.99700000000001,71.12100000000001,70.99600000000001,71.09700000000001,815
2026-07-02T16:15:00+00:00,71.09700000000001,71.16200000000002,71.06500000000001,71.13100000000001,503
2026-07-02T16:20:00+00:00,71.13100000000001,71.20200000000001,71.11000000000001,71.12000000000002,628
2026-07-02T16:25:00+00:00,71.12000000000002,71.16200000000002,71.07500000000002,71.12100000000001,608
2026-07-02T16:30:00+00:00,71.12100000000001,71.15600000000002,71.06000000000002,71.08100000000002,547
2026-07-02T16:35:00+00:00,71.08100000000002,71.11200000000001,71.03100000000002,71.04000000000002,470
2026-07-02T16:40:00+00:00,71.04000000000002,71.10700000000001,71.00000000000001,71.08700000000002,602
2026-07-02T16:45:00+00:00,71.08700000000002,71.20200000000001,71.07000000000001,71.16200000000002,370
2026-07-02T16:50:00+00:00,71.16200000000002,71.31700000000002,71.16000000000001,71.25500000000001,567
2026-07-02T16:55:00+00:00,71.25500000000001,71.29200000000002,71.14500000000001,71.16200000000002,408
2026-07-02T17:00:00+00:00,71.16200000000002,71.24200000000002,71.11000000000001,71.23100000000001,427
2026-07-02T17:05:00+00:00,71.23100000000001,71.31600000000002,71.20000000000002,71.30000000000001,410
2026-07-02T17:10:00+00:00,71.30000000000001,71.35200000000002,71.26000000000002,71.34700000000001,360
2026-07-02T17:15:00+00:00,71.34700000000001,71.35600000000001,71.27000000000001,71.30000000000001,465
2026-07-02T17:20:00+00:00,71.30000000000001,71.36200000000001,71.25500000000001,71.32100000000001,400
2026-07-02T17:25:00+00:00,71.32100000000001,71.41200000000002,71.31500000000001,71.39600000000002,457
2026-07-02T17:30:00+00:00,71.39600000000002,71.45600000000002,71.36000000000001,71.39500000000001,348
2026-07-02T17:35:00+00:00,71.39500000000001,71.48200000000001,71.36000000000001,71.43000000000002,605
2026-07-02T17:40:00+00:00,71.43000000000002,71.52200000000002,71.37100000000001,71.51000000000002,628
2026-07-02T17:45:00+00:00,71.51000000000002,71.54100000000001,71.45500000000001,71.47100000000002,503
2026-07-02T17:50:00+00:00,71.47100000000002,71.53200000000001,71.45100000000001,71.50100000000002,555
2026-07-02T17:55:00+00:00,71.50100000000002,71.53100000000002,71.45000000000002,71.49700000000001,766
2026-07-02T18:00:00+00:00,71.49700000000001,71.53100000000002,71.39000000000001,71.40700000000001,756
2026-07-02T18:05:00+00:00,71.40700000000001,71.49700000000001,71.39500000000001,71.47100000000002,504
2026-07-02T18:10:00+00:00,71.47100000000002,71.60100000000001,71.46000000000001,71.57700000000001,599
2026-07-02T18:15:00+00:00,71.57700000000001,71.69700000000002,71.53500000000001,71.67200000000001,849
2026-07-02T18:20:00+00:00,71.67200000000001,71.75700000000002,71.64600000000002,71.71200000000002,772
2026-07-02T18:25:00+00:00,71.71200000000002,71.89700000000002,71.60000000000001,71.76000000000002,1927
2026-07-02T18:30:00+00:00,71.76000000000002,71.78200000000001,71.62600000000002,71.66100000000002,593
2026-07-02T18:35:00+00:00,71.66100000000002,71.72700000000002,71.63500000000002,71.68200000000002,324
2026-07-02T18:40:00+00:00,71.68200000000002,71.71700000000001,71.67200000000001,71.68700000000001,180
2026-07-02T18:45:00+00:00,71.68700000000001,71.71100000000001,71.61000000000001,71.62000000000002,190
2026-07-02T18:50:00+00:00,71.62000000000002,71.66200000000002,71.57000000000001,71.57700000000001,185
2026-07-02T18:55:00+00:00,71.57700000000001,71.57700000000001,71.51000000000002,71.52200000000002,159
2026-07-02T19:00:00+00:00,71.52200000000002,71.57200000000002,71.49000000000001,71.56500000000001,178
2026-07-02T19:05:00+00:00,71.56500000000001,71.59200000000001,71.54000000000002,71.56500000000001,239
2026-07-02T19:10:00+00:00,71.56500000000001,71.58200000000001,71.49100000000001,71.55200000000002,128
2026-07-02T19:15:00+00:00,71.55200000000002,71.59200000000001,71.55000000000001,71.57100000000001,220
2026-07-02T19:20:00+00:00,71.57100000000001,71.60200000000002,71.55000000000001,71.57600000000001,251
2026-07-02T19:25:00+00:00,71.57600000000001,71.57700000000001,71.51700000000001,71.56600000000002,147
2026-07-02T19:30:00+00:00,71.56600000000002,71.64200000000001,71.56600000000002,71.61600000000001,111
2026-07-02T19:35:00+00:00,71.61600000000001,71.61700000000002,71.54000000000002,71.54200000000002,112
2026-07-02T19:40:00+00:00,71.54200000000002,71.57200000000002,71.53200000000001,71.57200000000002,150
2026-07-02T19:45:00+00:00,71.57200000000002,71.58200000000001,71.55600000000001,71.56000000000002,95
2026-07-02T19:50:00+00:00,71.56000000000002,71.59200000000001,71.55000000000001,71.56700000000002,217
2026-07-02T19:55:00+00:00,71.56700000000002,71.60100000000001,71.56000000000002,71.58600000000001,97
2026-07-02T20:00:00+00:00,71.58600000000001,71.59200000000001,71.54100000000001,71.54700000000001,149
2026-07-02T20:05:00+00:00,71.54700000000001,71.58200000000001,71.53500000000001,71.57100000000001,109
2026-07-02T20:10:00+00:00,71.57100000000001,71.57700000000001,71.54200000000002,71.56200000000001,91
2026-07-02T20:15:00+00:00,71.56200000000001,71.60200000000002,71.55500000000002,71.59500000000001,96
2026-07-02T20:20:00+00:00,71.59500000000001,71.59700000000001,71.53500000000001,71.55600000000001,79
2026-07-02T20:25:00+00:00,71.55600000000001,71.58100000000002,71.55200000000002,71.56600000000002,57
2026-07-02T20:30:00+00:00,71.56600000000002,71.59200000000001,71.56600000000002,71.58100000000002,66
2026-07-02T20:35:00+00:00,71.58100000000002,71.59200000000001,71.55100000000002,71.56200000000001,60
2026-07-02T20:40:00+00:00,71.56200000000001,71.57200000000002,71.53500000000001,71.56700000000002,119
2026-07-02T20:45:00+00:00,71.56700000000002,71.58200000000001,71.55200000000002,71.56100000000002,81
2026-07-02T20:50:00+00:00,71.56100000000002,71.57200000000002,71.55000000000001,71.55600000000001,88
2026-07-02T20:55:00+00:00,71.55600000000001,71.57700000000001,71.53000000000002,71.57200000000002,214
2026-07-03T00:00:00+00:00,71.57200000000002,71.57200000000002,71.44000000000001,71.45100000000001,98.87625113739763
2026-07-03T00:05:00+00:00,71.45100000000001,71.54700000000001,71.45000000000002,71.47600000000001,148
2026-07-03T00:10:00+00:00,71.47600000000001,71.53200000000001,71.46500000000002,71.51600000000002,108
2026-07-03T00:15:00+00:00,71.51600000000002,71.55000000000001,71.47200000000001,71.52700000000002,77
2026-07-03T00:20:00+00:00,71.52700000000002,71.55200000000002,71.51600000000002,71.53500000000001,68
2026-07-03T00:25:00+00:00,71.53500000000001,71.53700000000002,71.50500000000001,71.51200000000001,48
2026-07-03T00:30:00+00:00,71.51200000000001,71.51500000000001,71.47000000000001,71.48000000000002,70
2026-07-03T00:35:00+00:00,71.48000000000002,71.52700000000002,71.47500000000001,71.52500000000002,61
2026-07-03T00:40:00+00:00,71.52500000000002,71.54700000000001,71.51000000000002,71.51000000000002,56
2026-07-03T00:45:00+00:00,71.51000000000002,71.52200000000002,71.47600000000001,71.52100000000002,83
2026-07-03T00:50:00+00:00,71.52100000000002,71.60100000000001,71.51500000000001,71.54600000000002,69
2026-07-03T00:55:00+00:00,71.54600000000002,71.62100000000001,71.51500000000001,71.52500000000002,185
2026-07-03T01:00:00+00:00,71.52500000000002,71.63100000000001,71.45000000000002,71.62600000000002,713
2026-07-03T01:05:00+00:00,71.62600000000002,71.69700000000002,71.54000000000002,71.56600000000002,455
2026-07-03T01:10:00+00:00,71.56600000000002,71.62700000000001,71.48700000000001,71.49600000000001,407
2026-07-03T01:15:00+00:00,71.49600000000001,71.53700000000002,71.42000000000002,71.49000000000001,467
2026-07-03T01:20:00+00:00,71.49000000000001,71.56200000000001,71.45500000000001,71.53600000000002,241
2026-07-03T01:25:00+00:00,71.53600000000002,71.66200000000002,71.52000000000001,71.64700000000002,304
2026-07-03T01:30:00+00:00,71.64700000000002,71.74200000000002,71.63600000000001,71.69500000000001,328
2026-07-03T01:35:00+00:00,71.69500000000001,71.79600000000002,71.67500000000001,71.79600000000002,358
2026-07-03T01:40:00+00:00,71.79600000000002,71.94600000000001,71.76200000000001,71.93100000000001,543
2026-07-03T01:45:00+00:00,71.93100000000001,72.06600000000002,71.86600000000001,71.99500000000002,537
2026-07-03T01:50:00+00:00,71.99500000000002,72.03200000000001,71.89000000000001,71.91700000000002,387
2026-07-03T01:55:00+00:00,71.91700000000002,72.05700000000002,71.91700000000002,72.04500000000002,281
2026-07-03T02:00:00+00:00,72.04500000000002,72.10200000000002,72.02500000000002,72.10000000000001,357
2026-07-03T02:05:00+00:00,72.10000000000001,72.13600000000001,72.04500000000002,72.07600000000001,238
2026-07-03T02:10:00+00:00,72.07600000000001,72.10700000000001,72.01500000000001,72.07700000000001,224
2026-07-03T02:15:00+00:00,72.07700000000001,72.09200000000001,72.03500000000001,72.03600000000002,70
2026-07-03T02:20:00+00:00,72.03600000000002,72.09200000000001,72.02500000000002,72.08200000000001,70
2026-07-03T02:25:00+00:00,72.08200000000001,72.12100000000001,72.03000000000002,72.07000000000001,114
2026-07-03T02:30:00+00:00,72.07000000000001,72.15700000000001,72.02100000000002,72.11600000000001,315
2026-07-03T02:35:00+00:00,72.11600000000001,72.19200000000002,72.10600000000001,72.14700000000002,287
2026-07-03T02:40:00+00:00,72.14700000000002,72.28700000000002,72.11500000000001,72.22500000000001,372
2026-07-03T02:45:00+00:00,72.22500000000001,72.24100000000001,72.15700000000001,72.19100000000002,386
2026-07-03T02:50:00+00:00,72.19100000000002,72.19700000000002,72.07000000000001,72.07500000000002,355
2026-07-03T02:55:00+00:00,72.07500000000002,72.11600000000001,72.00000000000001,72.05500000000002,283
2026-07-03T03:00:00+00:00,72.05500000000002,72.15200000000002,72.04500000000002,72.14600000000002,234
2026-07-03T03:05:00+00:00,72.14600000000002,72.20200000000001,72.10600000000001,72.19500000000001,257
2026-07-03T03:10:00+00:00,72.19500000000001,72.28200000000001,72.16000000000001,72.21600000000001,203
2026-07-03T03:15:00+00:00,72.21600000000001,72.25500000000001,72.20000000000002,72.22000000000001,275
2026-07-03T03:20:00+00:00,72.22000000000001,72.34700000000001,72.22000000000001,72.29600000000002,420
2026-07-03T03:25:00+00:00,72.29600000000002,72.33700000000002,72.26500000000001,72.27700000000002,245
2026-07-03T03:30:00+00:00,72.27700000000002,72.27700000000002,72.20100000000001,72.23100000000001,215
2026-07-03T03:35:00+00:00,72.23100000000001,72.27200000000002,72.22500000000001,72.25700000000002,95
2026-07-03T03:40:00+00:00,72.25700000000002,72.25700000000002,72.19500000000001,72.20200000000001,74
2026-07-03T03:45:00+00:00,72.20200000000001,72.20700000000001,72.18100000000001,72.18500000000002,50
2026-07-03T03:50:00+00:00,72.18500000000002,72.20700000000001,72.17500000000001,72.19600000000001,51
2026-07-03T03:55:00+00:00,72.19600000000001,72.24700000000001,72.19600000000001,72.22700000000002,68
2026-07-03T04:00:00+00:00,72.22700000000002,72.24700000000001,72.21100000000001,72.22500000000001,47
2026-07-03T04:05:00+00:00,72.22500000000001,72.23700000000001,72.21000000000001,72.22600000000001,72
2026-07-03T04:10:00+00:00,72.22600000000001,72.24700000000001,72.22500000000001,72.24200000000002,58
2026-07-03T04:15:00+00:00,72.24200000000002,72.24600000000001,72.21100000000001,72.21200000000002,49
2026-07-03T04:20:00+00:00,72.21200000000002,72.22100000000002,72.18000000000002,72.21500000000002,67
2026-07-03T04:25:00+00:00,72.21500000000002,72.23100000000001,72.18500000000002,72.22500000000001,77
2026-07-03T04:30:00+00:00,72.22500000000001,72.25200000000001,72.20500000000001,72.24000000000001,82
2026-07-03T04:35:00+00:00,72.24000000000001,72.28700000000002,72.24000000000001,72.26700000000001,73
2026-07-03T04:40:00+00:00,72.26700000000001,72.28000000000002,72.24000000000001,72.24700000000001,71
2026-07-03T04:45:00+00:00,72.24700000000001,72.26000000000002,72.24000000000001,72.24200000000002,37
2026-07-03T04:50:00+00:00,72.24200000000002,72.25700000000002,72.24000000000001,72.24000000000001,39
2026-07-03T04:55:00+00:00,72.24000000000001,72.24200000000002,72.16000000000001,72.17000000000002,144
2026-07-03T05:00:00+00:00,72.17000000000002,72.20700000000001,72.16500000000002,72.19600000000001,94
2026-07-03T05:05:00+00:00,72.19600000000001,72.23700000000001,72.19600000000001,72.22500000000001,118
2026-07-03T05:10:00+00:00,72.22500000000001,72.25600000000001,72.18500000000002,72.23500000000001,145
2026-07-03T05:15:00+00:00,72.23500000000001,72.27700000000002,72.23000000000002,72.27700000000002,93
2026-07-03T05:20:00+00:00,72.27700000000002,72.27700000000002,72.23000000000002,72.23500000000001,84
2026-07-03T05:25:00+00:00,72.23500000000001,72.24600000000001,72.18600000000002,72.18700000000001,59
2026-07-03T05:30:00+00:00,72.18700000000001,72.33000000000001,72.17500000000001,72.30700000000002,459
2026-07-03T05:35:00+00:00,72.30700000000002,72.32700000000001,72.23200000000001,72.25600000000001,232
2026-07-03T05:40:00+00:00,72.25600000000001,72.41000000000001,72.23500000000001,72.38700000000001,335
2026-07-03T05:45:00+00:00,72.38700000000001,72.39200000000001,72.33100000000002,72.35200000000002,260
2026-07-03T05:50:00+00:00,72.35200000000002,72.41200000000002,72.33500000000001,72.39200000000001,239
2026-07-03T05:55:00+00:00,72.39200000000001,72.44100000000002,72.36500000000001,72.38200000000002,261
2026-07-03T06:00:00+00:00,72.38200000000002,72.46200000000002,72.38000000000001,72.38000000000001,363
2026-07-03T06:05:00+00:00,72.38000000000001,72.40100000000001,72.25100000000002,72.25700000000002,309
2026-07-03T06:10:00+00:00,72.25700000000002,72.28100000000002,72.16500000000002,72.17500000000001,368
2026-07-03T06:15:00+00:00,72.17500000000001,72.20700000000001,72.13100000000001,72.18000000000002,330
2026-07-03T06:20:00+00:00,72.18000000000002,72.19200000000002,72.13100000000001,72.14100000000002,328
2026-07-03T06:25:00+00:00,72.14100000000002,72.16700000000002,72.10500000000002,72.13700000000001,285
2026-07-03T06:30:00+00:00,72.13700000000001,72.31200000000001,72.13000000000001,72.19600000000001,291
2026-07-03T06:35:00+00:00,72.19600000000001,72.26500000000001,72.13500000000002,72.23600000000002,255
2026-07-03T06:40:00+00:00,72.23600000000002,72.26100000000001,72.14000000000001,72.16500000000002,333
2026-07-03T06:45:00+00:00,72.16500000000002,72.18700000000001,72.10000000000001,72.15500000000002,339
2026-07-03T06:50:00+00:00,72.15500000000002,72.15500000000002,72.09500000000001,72.13600000000001,229
2026-07-03T06:55:00+00:00,72.13600000000001,72.20600000000002,72.13000000000001,72.14700000000002,420
2026-07-03T07:00:00+00:00,72.14700000000002,72.21200000000002,72.09100000000001,72.13700000000001,430
2026-07-03T07:05:00+00:00,72.13700000000001,72.13700000000001,72.01500000000001,72.07500000000002,387
2026-07-03T07:10:00+00:00,72.07500000000002,72.09700000000001,71.87500000000001,71.91000000000001,460
2026-07-03T07:15:00+00:00,71.91000000000001,72.05100000000002,71.90100000000001,72.00100000000002,272
2026-07-03T07:20:00+00:00,72.00100000000002,72.01200000000001,71.82100000000001,71.84200000000001,299
2026-07-03T07:25:00+00:00,71.84200000000001,71.88100000000001,71.77000000000001,71.80000000000001,441
2026-07-03T07:30:00+00:00,71.80000000000001,71.85200000000002,71.70600000000002,71.82100000000001,310
2026-07-03T07:35:00+00:00,71.82100000000001,71.94200000000002,71.79600000000002,71.91600000000001,214
2026-07-03T07:40:00+00:00,71.91600000000001,71.92600000000002,71.80600000000001,71.82600000000001,238
2026-07-03T07:45:00+00:00,71.82600000000001,71.84700000000001,71.73000000000002,71.74600000000001,310
2026-07-03T07:50:00+00:00,71.74600000000001,71.78700000000002,71.68100000000001,71.69700000000002,566
2026-07-03T07:55:00+00:00,71.69700000000002,71.74100000000001,71.62200000000001,71.72700000000002,434
2026-07-03T08:00:00+00:00,71.72700000000002,71.84700000000001,71.72500000000001,71.81700000000002,324
2026-07-03T08:05:00+00:00,71.81700000000002,71.89100000000002,71.80500000000002,71.86700000000002,331
2026-07-03T08:10:00+00:00,71.86700000000002,71.95200000000001,71.85000000000001,71.91100000000002,368
2026-07-03T08:15:00+00:00,71.91100000000002,71.91100000000002,71.71000000000001,71.73500000000001,492
2026-07-03T08:20:00+00:00,71.73500000000001,71.78700000000002,71.60100000000001,71.60600000000001,633
2026-07-03T08:25:00+00:00,71.60600000000001,71.62200000000001,71.32000000000001,71.44500000000001,2735
2026-07-03T08:30:00+00:00,71.44500000000001,71.61700000000002,71.36500000000001,71.42700000000002,1057
2026-07-03T08:35:00+00:00,71.42700000000002,71.63700000000001,71.36000000000001,71.63500000000002,559
2026-07-03T08:40:00+00:00,71.63500000000002,71.70600000000002,71.58000000000001,71.63700000000001,540
2026-07-03T08:45:00+00:00,71.63700000000001,71.93700000000001,71.61000000000001,71.84200000000001,606
2026-07-03T08:50:00+00:00,71.84200000000001,71.95200000000001,71.79500000000002,71.93600000000002,578
2026-07-03T08:55:00+00:00,71.93600000000002,72.05700000000002,71.86500000000001,72.04200000000002,514
2026-07-03T09:00:00+00:00,72.04200000000002,72.11200000000001,71.88000000000001,71.89000000000001,677
2026-07-03T09:05:00+00:00,71.89000000000001,71.91700000000002,71.72600000000001,71.91700000000002,559
2026-07-03T09:10:00+00:00,71.91700000000002,72.00200000000001,71.89000000000001,71.96000000000001,288
2026-07-03T09:15:00+00:00,71.96000000000001,72.02600000000001,71.93000000000002,72.00600000000001,469
2026-07-03T09:20:00+00:00,72.00600000000001,72.03100000000002,71.78500000000001,71.80700000000002,423
2026-07-03T09:25:00+00:00,71.80700000000002,71.99100000000001,71.79600000000002,71.97100000000002,534
2026-07-03T09:30:00+00:00,71.97100000000002,72.01200000000001,71.91000000000001,71.93600000000002,302
2026-07-03T09:35:00+00:00,71.93600000000002,71.95700000000001,71.81600000000002,71.91500000000002,415
2026-07-03T09:40:00+00:00,71.91500000000002,71.91500000000002,71.78000000000002,71.79200000000002,358
2026-07-03T09:45:00+00:00,71.79200000000002,71.87200000000001,71.79200000000002,71.84500000000001,230
2026-07-03T09:50:00+00:00,71.84500000000001,72.01700000000001,71.84500000000001,71.86100000000002,354
2026-07-03T09:55:00+00:00,71.86100000000002,71.96700000000001,71.84000000000002,71.91000000000001,365
2026-07-03T10:00:00+00:00,71.91000000000001,71.97700000000002,71.89000000000001,71.90000000000002,404
2026-07-03T10:05:00+00:00,71.90000000000002,71.90000000000002,71.77100000000002,71.81000000000002,297
2026-07-03T10:10:00+00:00,71.81000000000002,71.91500000000002,71.81000000000002,71.86700000000002,352
2026-07-03T10:15:00+00:00,71.86700000000002,71.89700000000002,71.78500000000001,71.81500000000001,273
2026-07-03T10:20:00+00:00,71.81500000000001,71.89700000000002,71.80200000000002,71.85200000000002,241
2026-07-03T10:25:00+00:00,71.85200000000002,71.87200000000001,71.78000000000002,71.85600000000001,297
2026-07-03T10:30:00+00:00,71.85600000000001,71.92600000000002,71.79500000000002,71.83100000000002,342
2026-07-03T10:35:00+00:00,71.83100000000002,71.84200000000001,71.69500000000001,71.76500000000001,336
2026-07-03T10:40:00+00:00,71.76500000000001,71.94200000000002,71.76500000000001,71.88200000000002,283
2026-07-03T10:45:00+00:00,71.88200000000002,71.94700000000002,71.84100000000001,71.85100000000001,137
2026-07-03T10:50:00+00:00,71.85100000000001,71.92700000000002,71.85000000000001,71.89500000000001,207
2026-07-03T10:55:00+00:00,71.89500000000001,71.97200000000001,71.86500000000001,71.88200000000002,312
2026-07-03T11:00:00+00:00,71.88200000000002,71.94200000000002,71.81500000000001,71.90600000000002,441
2026-07-03T11:05:00+00:00,71.90600000000002,71.99200000000002,71.87700000000001,71.88500000000002,354
2026-07-03T11:10:00+00:00,71.88500000000002,71.90700000000001,71.78000000000002,71.80000000000001,345
2026-07-03T11:15:00+00:00,71.80000000000001,71.80600000000001,71.72500000000001,71.75500000000001,296
2026-07-03T11:20:00+00:00,71.75500000000001,71.76200000000001,71.66500000000002,71.72100000000002,247
2026-07-03T11:25:00+00:00,71.72100000000002,71.78600000000002,71.69100000000002,71.75000000000001,148
2026-07-03T11:30:00+00:00,71.75000000000001,71.76200000000001,71.67500000000001,71.75200000000001,235
2026-07-03T11:35:00+00:00,71.75200000000001,71.75200000000001,71.66000000000001,71.71000000000001,266
2026-07-03T11:40:00+00:00,71.71000000000001,71.71700000000001,71.61000000000001,71.62500000000001,296
2026-07-03T11:45:00+00:00,71.62500000000001,71.65200000000002,71.59200000000001,71.61600000000001,225
2026-07-03T11:50:00+00:00,71.61600000000001,71.72200000000001,71.61600000000001,71.70700000000001,249
2026-07-03T11:55:00+00:00,71.70700000000001,71.70700000000001,71.62000000000002,71.66000000000001,294
2026-07-03T12:00:00+00:00,71.66000000000001,71.67200000000001,71.50500000000001,71.53200000000001,502
2026-07-03T12:05:00+00:00,71.53200000000001,71.57100000000001,71.37200000000001,71.47500000000001,437
2026-07-03T12:10:00+00:00,71.47500000000001,71.49700000000001,71.42000000000002,71.49700000000001,232
2026-07-03T12:15:00+00:00,71.49700000000001,71.56600000000002,71.49500000000002,71.54600000000002,182
2026-07-03T12:20:00+00:00,71.54600000000002,71.65700000000001,71.54000000000002,71.59600000000002,209
2026-07-03T12:25:00+00:00,71.59600000000002,71.61700000000002,71.42500000000001,71.52700000000002,419
2026-07-03T12:30:00+00:00,71.52700000000002,71.53100000000002,71.35000000000001,71.42200000000001,290.73939393939395
2026-07-03T12:35:00+00:00,71.42200000000001,71.471,71.29100000000001,71.316,345
2026-07-03T12:40:00+00:00,71.316,71.45700000000001,71.28500000000001,71.44200000000001,272
2026-07-03T12:45:00+00:00,71.44200000000001,71.45700000000001,71.331,71.432,333
2026-07-03T12:50:00+00:00,71.432,71.492,71.38600000000001,71.456,209
2026-07-03T12:55:00+00:00,71.456,71.48700000000001,71.44500000000001,71.471,149
2026-07-03T13:00:00+00:00,71.471,71.647,71.43,71.61200000000001,1035
2026-07-03T13:05:00+00:00,71.61200000000001,71.75500000000001,71.605,71.712,682
2026-07-03T13:10:00+00:00,71.712,71.897,71.676,71.85600000000001,795
2026-07-03T13:15:00+00:00,71.85600000000001,71.857,71.73700000000001,71.836,707
2026-07-03T13:20:00+00:00,71.836,71.956,71.79,71.882,698
2026-07-03T13:25:00+00:00,71.882,71.95700000000001,71.84,71.917,620
2026-07-03T13:30:00+00:00,71.917,71.967,71.85600000000001,71.961,628
2026-07-03T13:35:00+00:00,71.961,71.967,71.815,71.83500000000001,456
2026-07-03T13:40:00+00:00,71.83500000000001,71.912,71.80000000000001,71.846,397
2026-07-03T13:45:00+00:00,71.846,71.95100000000001,71.831,71.947,283
2026-07-03T13:50:00+00:00,71.947,71.967,71.896,71.965,256
2026-07-03T13:55:00+00:00,71.965,72.057,71.915,72.045,533
2026-07-03T14:00:00+00:00,72.045,72.217,72.045,72.081,703
2026-07-03T14:05:00+00:00,72.081,72.247,72.045,72.152,654
2026-07-03T14:10:00+00:00,72.152,72.185,72.065,72.072,427
2026-07-03T14:15:00+00:00,72.072,72.087,71.99000000000001,72.05600000000001,454
2026-07-03T14:20:00+00:00,72.05600000000001,72.05600000000001,71.816,71.885,570
2026-07-03T14:25:00+00:00,71.885,71.95700000000001,71.84100000000001,71.95100000000001,473
2026-07-03T14:30:00+00:00,71.95100000000001,72.086,71.93,72.08,493
2026-07-03T14:35:00+00:00,72.08,72.132,72.03500000000001,72.086,408
2026-07-03T14:40:00+00:00,72.086,72.126,72.02000000000001,72.086,338
2026-07-03T14:45:00+00:00,72.086,72.137,71.965,72.03500000000001,589
2026-07-03T14:50:00+00:00,72.03500000000001,72.05600000000001,71.915,71.96000000000001,351
2026-07-03T14:55:00+00:00,71.96000000000001,71.997,71.846,71.902,670
2026-07-03T15:00:00+00:00,71.902,71.94500000000001,71.86500000000001,71.906,475
2026-07-03T15:05:00+00:00,71.906,71.94200000000001,71.845,71.86500000000001,511
2026-07-03T15:10:00+00:00,71.86500000000001,71.882,71.75,71.75,663
2026-07-03T15:15:00+00:00,71.75,71.772,71.605,71.67500000000001,715
2026-07-03T15:20:00+00:00,71.67500000000001,71.827,71.64,71.80600000000001,581
2026-07-03T15:25:00+00:00,71.80600000000001,71.882,71.715,71.821,1381
2026-07-03T15:30:00+00:00,71.821,71.89200000000001,71.706,71.85600000000001,690
2026-07-03T15:35:00+00:00,71.85600000000001,72.057,71.851,72.052,489
2026-07-03T15:40:00+00:00,72.052,72.066,71.921,72.01100000000001,378
2026-07-03T15:45:00+00:00,72.01100000000001,72.01100000000001,71.94500000000001,71.95700000000001,170
2026-07-03T15:50:00+00:00,71.95700000000001,72.05600000000001,71.94500000000001,71.986,313
2026-07-03T15:55:00+00:00,71.986,72.06700000000001,71.97500000000001,72.05600000000001,347
2026-07-03T16:00:00+00:00,72.05600000000001,72.11500000000001,71.915,71.991,524
2026-07-03T16:05:00+00:00,71.991,72.04100000000001,71.98100000000001,72.00200000000001,178
2026-07-03T16:10:00+00:00,72.00200000000001,72.037,71.96000000000001,71.976,262
2026-07-03T16:15:00+00:00,71.976,72.02600000000001,71.92500000000001,72.012,184
2026-07-03T16:20:00+00:00,72.012,72.065,71.986,71.986,261
2026-07-03T16:25:00+00:00,71.986,72.02600000000001,71.97500000000001,72.00200000000001,234
2026-07-03T16:30:00+00:00,72.00200000000001,72.016,71.89500000000001,71.902,276
2026-07-03T16:35:00+00:00,71.902,71.967,71.88000000000001,71.93700000000001,199
2026-07-03T16:40:00+00:00,71.93700000000001,71.95700000000001,71.88000000000001,71.94200000000001,247
2026-07-03T16:45:00+00:00,71.94200000000001,72.016,71.911,72.007,261
2026-07-03T16:50:00+00:00,72.007,72.045,71.965,71.99600000000001,265
2026-07-03T16:55:00+00:00,71.99600000000001,72.137,71.98100000000001,72.092,708
2026-07-03T17:00:00+00:00,72.092,72.092,72.025,72.045,413
2026-07-03T17:05:00+00:00,72.045,72.087,72.045,72.065,214
2026-07-03T17:10:00+00:00,72.065,72.125,72.025,72.061,381
2026-07-03T17:15:00+00:00,72.061,72.066,71.921,71.941,410
2026-07-03T17:20:00+00:00,71.941,71.94200000000001,71.881,71.89500000000001,491
2026-07-03T17:25:00+00:00,71.89500000000001,71.932,71.89,71.90700000000001,369
2026-07-03T17:30:00+00:00,71.90700000000001,71.926,71.90700000000001,71.92500000000001,3
2026-07-06T00:00:00+00:00,72.191,72.196,71.791,71.89699999999999,264.2470733210105
2026-07-06T00:05:00+00:00,71.89699999999999,72.15199999999999,71.89599999999999,72.14599999999999,330
2026-07-06T00:10:00+00:00,72.14599999999999,72.17299999999999,72.05099999999999,72.05799999999999,227
2026-07-06T00:15:00+00:00,72.05799999999999,72.08699999999999,72.03099999999999,72.05099999999999,134
2026-07-06T00:20:00+00:00,72.05099999999999,72.073,72.011,72.017,76
2026-07-06T00:25:00+00:00,72.017,72.03299999999999,71.86099999999999,71.86099999999999,113
2026-07-06T00:30:00+00:00,71.86099999999999,71.88799999999999,71.80099999999999,71.87299999999999,131
2026-07-06T00:35:00+00:00,71.87299999999999,71.90299999999999,71.84299999999999,71.862,79
2026-07-06T00:40:00+00:00,71.862,71.89599999999999,71.782,71.82199999999999,129
2026-07-06T00:45:00+00:00,71.82199999999999,71.92299999999999,71.82199999999999,71.883,99
2026-07-06T00:50:00+00:00,71.883,71.88699999999999,71.81099999999999,71.81099999999999,108
2026-07-06T00:55:00+00:00,71.81099999999999,71.883,71.78099999999999,71.79199999999999,171
2026-07-06T01:00:00+00:00,71.79199999999999,71.957,71.692,71.93199999999999,895
2026-07-06T01:05:00+00:00,71.93199999999999,72.05799999999999,71.85199999999999,71.942,513
2026-07-06T01:10:00+00:00,71.942,72.16699999999999,71.92599999999999,72.16099999999999,523
2026-07-06T01:15:00+00:00,72.16099999999999,72.20799999999998,72.10099999999998,72.14099999999999,383
2026-07-06T01:20:00+00:00,72.14099999999999,72.20799999999998,72.121,72.151,415
2026-07-06T01:25:00+00:00,72.151,72.163,72.07699999999998,72.088,295
2026-07-06T01:30:00+00:00,72.088,72.103,72.026,72.04199999999999,280
2026-07-06T01:35:00+00:00,72.04199999999999,72.047,71.87599999999999,71.913,499
2026-07-06T01:40:00+00:00,71.913,72.088,71.892,72.07199999999999,433
2026-07-06T01:45:00+00:00,72.07199999999999,72.19699999999999,72.05699999999999,72.142,270
2026-07-06T01:50:00+00:00,72.142,72.35799999999999,72.14099999999999,72.30799999999999,405
2026-07-06T01:55:00+00:00,72.30799999999999,72.38799999999999,72.30599999999998,72.347,743
2026-07-06T02:00:00+00:00,72.347,72.40799999999999,72.31299999999999,72.398,337
2026-07-06T02:05:00+00:00,72.398,72.62799999999999,72.39599999999999,72.54199999999999,523
2026-07-06T02:10:00+00:00,72.54199999999999,72.55199999999999,72.44099999999999,72.51299999999999,219
2026-07-06T02:15:00+00:00,72.51299999999999,72.52799999999999,72.45599999999999,72.481,146
2026-07-06T02:20:00+00:00,72.481,72.553,72.481,72.53299999999999,121
2026-07-06T02:25:00+00:00,72.53299999999999,72.59299999999999,72.53099999999999,72.55099999999999,100
2026-07-06T02:30:00+00:00,72.55099999999999,72.573,72.451,72.463,340
2026-07-06T02:35:00+00:00,72.463,72.478,72.371,72.38199999999999,352
2026-07-06T02:40:00+00:00,72.38199999999999,72.41699999999999,72.31599999999999,72.33299999999998,279
2026-07-06T02:45:00+00:00,72.33299999999998,72.347,72.246,72.282,469
2026-07-06T02:50:00+00:00,72.282,72.33299999999998,72.136,72.16699999999999,337
2026-07-06T02:55:00+00:00,72.16699999999999,72.198,72.00099999999999,72.06199999999998,347
2026-07-06T03:00:00+00:00,72.06199999999998,72.08299999999998,71.98199999999999,72.02199999999999,290
2026-07-06T03:05:00+00:00,72.02199999999999,72.09799999999998,71.97599999999998,72.026,256
2026-07-06T03:10:00+00:00,72.026,72.026,71.901,71.90299999999999,233
2026-07-06T03:15:00+00:00,71.90299999999999,72.01199999999999,71.89599999999999,71.97099999999999,248
2026-07-06T03:20:00+00:00,71.97099999999999,72.03299999999999,71.93099999999998,72.002,287
2026-07-06T03:25:00+00:00,72.002,72.05699999999999,71.98599999999999,71.99699999999999,305
2026-07-06T03:30:00+00:00,71.99699999999999,72.04799999999999,71.91199999999999,71.916,113
2026-07-06T03:35:00+00:00,71.916,71.97299999999998,71.907,71.951,112
2026-07-06T03:40:00+00:00,71.951,71.95799999999998,71.85099999999998,71.90299999999999,113
2026-07-06T03:45:00+00:00,71.90299999999999,71.948,71.901,71.91199999999999,108
2026-07-06T03:50:00+00:00,71.91199999999999,71.948,71.90199999999999,71.90199999999999,89
2026-07-06T03:55:00+00:00,71.90199999999999,71.93299999999999,71.89099999999999,71.928,76
2026-07-06T04:00:00+00:00,71.928,71.963,71.901,71.93299999999999,97
2026-07-06T04:05:00+00:00,71.93299999999999,72.09299999999999,71.92099999999999,72.04599999999999,138
2026-07-06T04:10:00+00:00,72.04599999999999,72.073,72.02199999999999,72.053,86
2026-07-06T04:15:00+00:00,72.053,72.103,72.041,72.091,66
2026-07-06T04:20:00+00:00,72.091,72.11299999999999,72.05199999999999,72.10199999999999,104
2026-07-06T04:25:00+00:00,72.10199999999999,72.11299999999999,72.067,72.073,70
2026-07-06T04:30:00+00:00,72.073,72.088,72.06099999999999,72.06099999999999,81
2026-07-06T04:35:00+00:00,72.06099999999999,72.112,72.04599999999999,72.08299999999998,96
2026-07-06T04:40:00+00:00,72.08299999999998,72.106,72.06299999999999,72.091,138
2026-07-06T04:45:00+00:00,72.091,72.133,72.07699999999998,72.112,111
2026-07-06T04:50:00+00:00,72.112,72.112,72.03599999999999,72.06299999999999,90
2026-07-06T04:55:00+00:00,72.06299999999999,72.09299999999999,72.03599999999999,72.07199999999999,99
2026-07-06T05:00:00+00:00,72.07199999999999,72.19299999999998,72.06299999999999,72.18299999999999,231
2026-07-06T05:05:00+00:00,72.18299999999999,72.20299999999999,72.151,72.151,101
2026-07-06T05:10:00+00:00,72.151,72.18299999999999,72.121,72.18199999999999,111
2026-07-06T05:15:00+00:00,72.18199999999999,72.20799999999998,72.17599999999999,72.18099999999998,106
2026-07-06T05:20:00+00:00,72.18099999999998,72.18299999999999,72.13099999999999,72.15599999999999,98
2026-07-06T05:25:00+00:00,72.15599999999999,72.19599999999998,72.151,72.163,96
2026-07-06T05:30:00+00:00,72.163,72.258,72.151,72.20299999999999,431
2026-07-06T05:35:00+00:00,72.20299999999999,72.213,72.14599999999999,72.172,213
2026-07-06T05:40:00+00:00,72.172,72.258,72.13199999999999,72.24699999999999,216
2026-07-06T05:45:00+00:00,72.24699999999999,72.25599999999999,72.201,72.201,112
2026-07-06T05:50:00+00:00,72.201,72.30799999999999,72.201,72.282,168
2026-07-06T05:55:00+00:00,72.282,72.30799999999999,72.25099999999999,72.276,206
2026-07-06T06:00:00+00:00,72.276,72.40799999999999,72.26599999999999,72.39699999999999,288
2026-07-06T06:05:00+00:00,72.39699999999999,72.591,72.39299999999999,72.56199999999998,376
2026-07-06T06:10:00+00:00,72.56199999999998,72.618,72.511,72.52199999999999,354
2026-07-06T06:15:00+00:00,72.52199999999999,72.65799999999999,72.496,72.541,448
2026-07-06T06:20:00+00:00,72.541,72.56199999999998,72.44599999999998,72.45199999999998,276
2026-07-06T06:25:00+00:00,72.45199999999998,72.463,72.33099999999999,72.36299999999999,456
2026-07-06T06:30:00+00:00,72.36299999999999,72.398,72.31599999999999,72.31799999999998,432
2026-07-06T06:35:00+00:00,72.31799999999998,72.39099999999999,72.30599999999998,72.34599999999999,359
2026-07-06T06:40:00+00:00,72.34599999999999,72.353,72.23599999999999,72.24199999999999,262
2026-07-06T06:45:00+00:00,72.24199999999999,72.35799999999999,72.22099999999999,72.35099999999998,224
2026-07-06T06:50:00+00:00,72.35099999999998,72.35799999999999,72.20599999999999,72.21699999999998,233
2026-07-06T06:55:00+00:00,72.21699999999998,72.31299999999999,72.21699999999998,72.28099999999999,287
2026-07-06T07:00:00+00:00,72.28099999999999,72.28099999999999,72.12599999999999,72.14099999999999,619
2026-07-06T07:05:00+00:00,72.14099999999999,72.142,71.98199999999999,72.02099999999999,516
2026-07-06T07:10:00+00:00,72.02099999999999,72.07099999999998,71.981,72.05199999999999,549
2026-07-06T07:15:00+00:00,72.05199999999999,72.073,72.00099999999999,72.011,314
2026-07-06T07:20:00+00:00,72.011,72.15599999999999,71.978,72.08599999999998,354
2026-07-06T07:25:00+00:00,72.08599999999998,72.11299999999999,72.03099999999999,72.03099999999999,342
2026-07-06T07:30:00+00:00,72.03099999999999,72.03299999999999,71.90599999999999,71.95599999999999,467
2026-07-06T07:35:00+00:00,71.95599999999999,71.99699999999999,71.88199999999999,71.93099999999998,365
2026-07-06T07:40:00+00:00,71.93099999999998,71.93699999999998,71.54599999999999,71.60199999999999,698
2026-07-06T07:45:00+00:00,71.60199999999999,71.66799999999999,71.51599999999999,71.52799999999999,553
2026-07-06T07:50:00+00:00,71.52799999999999,71.52799999999999,71.23599999999999,71.31799999999998,872
2026-07-06T07:55:00+00:00,71.31799999999998,71.392,71.276,71.35199999999999,414
2026-07-06T08:00:00+00:00,71.35199999999999,71.52799999999999,71.31099999999999,71.43199999999999,611
2026-07-06T08:05:00+00:00,71.43199999999999,71.71799999999999,71.36599999999999,71.69099999999999,763
2026-07-06T08:10:00+00:00,71.69099999999999,71.79799999999999,71.612,71.65199999999999,774
2026-07-06T08:15:00+00:00,71.65199999999999,71.80799999999999,71.541,71.61699999999999,677
2026-07-06T08:20:00+00:00,71.61699999999999,71.68099999999998,71.54599999999999,71.678,686
2026-07-06T08:25:00+00:00,71.678,71.826,71.58699999999999,71.59599999999999,1413
2026-07-06T08:30:00+00:00,71.59599999999999,71.89699999999999,71.57099999999998,71.892,873
2026-07-06T08:35:00+00:00,71.892,71.91699999999999,71.76599999999999,71.80099999999999,509
2026-07-06T08:40:00+00:00,71.80099999999999,71.993,71.73299999999999,71.96099999999998,412
2026-07-06T08:45:00+00:00,71.96099999999998,72.05799999999999,71.91099999999999,71.98199999999999,525
2026-07-06T08:50:00+00:00,71.98199999999999,72.13799999999999,71.96799999999999,71.993,475
2026-07-06T08:55:00+00:00,71.993,72.032,71.731,71.74099999999999,449
2026-07-06T09:00:00+00:00,71.74099999999999,71.883,71.731,71.79299999999999,393
2026-07-06T09:05:00+00:00,71.79299999999999,72.00599999999999,71.76799999999999,71.85799999999999,497
2026-07-06T09:10:00+00:00,71.85799999999999,72.008,71.82699999999998,72.00299999999999,295
2026-07-06T09:15:00+00:00,72.00299999999999,72.10199999999999,71.98599999999999,72.06599999999999,330
2026-07-06T09:20:00+00:00,72.06599999999999,72.136,71.886,71.89699999999999,342
2026-07-06T09:25:00+00:00,71.89699999999999,71.957,71.86599999999999,71.883,236
2026-07-06T09:30:00+00:00,71.883,71.93799999999999,71.80699999999999,71.92599999999999,300
2026-07-06T09:35:00+00:00,71.92599999999999,71.94299999999998,71.87199999999999,71.87599999999999,276
2026-07-06T09:40:00+00:00,71.87599999999999,72.053,71.80599999999998,72.041,449
2026-07-06T09:45:00+00:00,72.041,72.121,72.01299999999999,72.091,306
2026-07-06T09:50:00+00:00,72.091,72.09299999999999,71.81599999999999,71.826,385
2026-07-06T09:55:00+00:00,71.826,71.88799999999999,71.69699999999999,71.88199999999999,455
2026-07-06T10:00:00+00:00,71.88199999999999,71.963,71.83099999999999,71.90199999999999,479
2026-07-06T10:05:00+00:00,71.90199999999999,72.01799999999999,71.87599999999999,71.87599999999999,340
2026-07-06T10:10:00+00:00,71.87599999999999,71.89699999999999,71.746,71.74799999999999,400
2026-07-06T10:15:00+00:00,71.74799999999999,71.80199999999999,71.68599999999999,71.78599999999999,368
2026-07-06T10:20:00+00:00,71.78599999999999,71.913,71.773,71.87199999999999,319
2026-07-06T10:25:00+00:00,71.87199999999999,71.95199999999998,71.84599999999999,71.913,338
2026-07-06T10:30:00+00:00,71.913,71.95799999999998,71.883,71.901,290
2026-07-06T10:35:00+00:00,71.901,71.92299999999999,71.73199999999999,71.81599999999999,353
2026-07-06T10:40:00+00:00,71.81599999999999,71.98299999999999,71.81599999999999,71.96199999999999,296
2026-07-06T10:45:00+00:00,71.96199999999999,72.008,71.92099999999999,71.97599999999998,255
2026-07-06T10:50:00+00:00,71.97599999999998,72.258,71.97599999999998,72.23199999999999,682
2026-07-06T10:55:00+00:00,72.23199999999999,72.258,72.18099999999998,72.20599999999999,352
2026-07-06T11:00:00+00:00,72.20599999999999,72.33099999999999,72.192,72.30099999999999,525
2026-07-06T11:05:00+00:00,72.30099999999999,72.326,72.14599999999999,72.222,454
2026-07-06T11:10:00+00:00,72.222,72.273,72.19099999999999,72.25099999999999,393
2026-07-06T11:15:00+00:00,72.25099999999999,72.323,72.198,72.291,251
2026-07-06T11:20:00+00:00,72.291,72.29799999999999,72.151,72.20299999999999,360
2026-07-06T11:25:00+00:00,72.20299999999999,72.24099999999999,72.151,72.18699999999998,289
2026-07-06T11:30:00+00:00,72.18699999999998,72.20799999999998,72.10099999999998,72.12299999999999,344
2026-07-06T11:35:00+00:00,72.12299999999999,72.15599999999999,72.09599999999999,72.106,214
2026-07-06T11:40:00+00:00,72.106,72.10799999999999,72.03299999999999,72.04799999999999,267
2026-07-06T11:45:00+00:00,72.04799999999999,72.06199999999998,71.92599999999999,72.06199999999998,365
2026-07-06T11:50:00+00:00,72.06199999999998,72.18299999999999,72.041,72.15199999999999,303
2026-07-06T11:55:00+00:00,72.15199999999999,72.273,72.13199999999999,72.26199999999999,282
2026-07-06T12:00:00+00:00,72.26199999999999,72.29799999999999,72.18099999999998,72.20299999999999,402
2026-07-06T12:05:00+00:00,72.20299999999999,72.30799999999999,72.17099999999999,72.27199999999999,356
2026-07-06T12:10:00+00:00,72.27199999999999,72.34799999999998,72.172,72.17599999999999,444
2026-07-06T12:15:00+00:00,72.17599999999999,72.23299999999999,71.93099999999998,71.93199999999999,739
2026-07-06T12:20:00+00:00,71.93199999999999,71.98799999999999,71.86699999999999,71.93099999999998,551
2026-07-06T12:25:00+00:00,71.93099999999998,71.95299999999999,71.81099999999999,71.84799999999998,741
2026-07-06T12:30:00+00:00,71.84799999999998,71.993,71.84599999999999,71.981,478
2026-07-06T12:35:00+00:00,71.981,72.02099999999999,71.93099999999998,71.981,498
2026-07-06T12:40:00+00:00,71.981,72.02799999999999,71.922,72.023,439
2026-07-06T12:45:00+00:00,72.023,72.03299999999999,71.93699999999998,71.981,492
2026-07-06T12:50:00+00:00,71.981,72.06799999999998,71.97599999999998,72.02799999999999,482
2026-07-06T12:55:00+00:00,72.02799999999999,72.053,71.966,72.008,386
2026-07-06T13:00:00+00:00,72.008,72.15299999999999,71.871,71.942,1430
2026-07-06T13:05:00+00:00,71.942,72.02199999999999,71.776,72.01299999999999,1093
2026-07-06T13:10:00+00:00,72.01299999999999,72.23299999999999,71.98599999999999,72.216,871
2026-07-06T13:15:00+00:00,72.216,72.34799999999998,72.13099999999999,72.33299999999998,792
2026-07-06T13:20:00+00:00,72.33299999999998,72.35799999999999,72.22599999999998,72.288,766
2026-07-06T13:25:00+00:00,72.288,72.47699999999999,72.25599999999999,72.46099999999998,697
2026-07-06T13:30:00+00:00,72.46099999999998,72.573,72.15599999999999,72.18199999999999,1350
2026-07-06T13:35:00+00:00,72.18199999999999,72.23599999999999,72.136,72.19099999999999,706
2026-07-06T13:40:00+00:00,72.19099999999999,72.326,72.17099999999999,72.22599999999998,750
2026-07-06T13:45:00+00:00,72.22599999999998,72.243,72.10099999999998,72.22099999999999,829
2026-07-06T13:50:00+00:00,72.22099999999999,72.338,72.18699999999998,72.31099999999999,695
2026-07-06T13:55:00+00:00,72.31099999999999,72.39699999999999,72.30099999999999,72.34199999999998,608
2026-07-06T14:00:00+00:00,72.34199999999998,72.48299999999999,72.28599999999999,72.448,821
2026-07-06T14:05:00+00:00,72.448,72.49799999999999,72.386,72.43099999999998,743
2026-07-06T14:10:00+00:00,72.43099999999998,72.48299999999999,72.29299999999999,72.29599999999999,751
2026-07-06T14:15:00+00:00,72.29599999999999,72.33699999999999,72.14599999999999,72.198,775
2026-07-06T14:20:00+00:00,72.198,72.53699999999999,72.178,72.487,943
2026-07-06T14:25:00+00:00,72.487,72.62799999999999,72.472,72.57099999999998,973
2026-07-06T14:30:00+00:00,72.57099999999998,72.758,72.55599999999998,72.55799999999999,1070
2026-07-06T14:35:00+00:00,72.55799999999999,72.81799999999998,72.532,72.797,1001
2026-07-06T14:40:00+00:00,72.797,72.81199999999998,72.657,72.75299999999999,993
2026-07-06T14:45:00+00:00,72.75299999999999,72.758,72.61599999999999,72.64099999999999,660
2026-07-06T14:50:00+00:00,72.64099999999999,72.657,72.43599999999999,72.49799999999999,899
2026-07-06T14:55:00+00:00,72.49799999999999,72.53299999999999,72.40199999999999,72.43699999999998,936
2026-07-06T15:00:00+00:00,72.43699999999998,72.55799999999999,72.28599999999999,72.28699999999999,1109
2026-07-06T15:05:00+00:00,72.28699999999999,72.36299999999999,72.207,72.35199999999999,868
2026-07-06T15:10:00+00:00,72.35199999999999,72.36699999999999,72.21699999999998,72.32099999999998,720
2026-07-06T15:15:00+00:00,72.32099999999998,72.37199999999999,72.27199999999999,72.34599999999999,768
2026-07-06T15:20:00+00:00,72.34599999999999,72.40799999999999,72.237,72.288,788
2026-07-06T15:25:00+00:00,72.288,72.523,72.28599999999999,72.448,1284
2026-07-06T15:30:00+00:00,72.448,72.603,72.40799999999999,72.481,1106
2026-07-06T15:35:00+00:00,72.481,72.50299999999999,72.38699999999999,72.398,545
2026-07-06T15:40:00+00:00,72.398,72.45299999999999,72.29599999999999,72.31799999999998,600
2026-07-06T15:45:00+00:00,72.31799999999998,72.42299999999999,72.28099999999999,72.41099999999999,498
2026-07-06T15:50:00+00:00,72.41099999999999,72.43799999999999,72.30799999999999,72.36099999999999,413
2026-07-06T15:55:00+00:00,72.36099999999999,72.40199999999999,72.326,72.36699999999999,427
2026-07-06T16:00:00+00:00,72.36699999999999,72.43699999999998,72.34599999999999,72.398,487
2026-07-06T16:05:00+00:00,72.398,72.40799999999999,72.30599999999998,72.32099999999998,403
2026-07-06T16:10:00+00:00,72.32099999999998,72.37799999999999,72.29799999999999,72.377,367
2026-07-06T16:15:00+00:00,72.377,72.377,72.18299999999999,72.18799999999999,494
2026-07-06T16:20:00+00:00,72.18799999999999,72.198,72.08099999999999,72.166,646
2026-07-06T16:25:00+00:00,72.166,72.178,72.05199999999999,72.06599999999999,435
2026-07-06T16:30:00+00:00,72.06599999999999,72.09299999999999,71.98599999999999,72.05099999999999,668
2026-07-06T16:35:00+00:00,72.05099999999999,72.11299999999999,72.02699999999999,72.06599999999999,326
2026-07-06T16:40:00+00:00,72.06599999999999,72.07799999999999,72.02099999999999,72.06299999999999,376
2026-07-06T16:45:00+00:00,72.06299999999999,72.12199999999999,72.04199999999999,72.04299999999999,371
2026-07-06T16:50:00+00:00,72.04299999999999,72.04799999999999,71.94099999999999,71.972,485
2026-07-06T16:55:00+00:00,71.972,72.032,71.95599999999999,71.98799999999999,367
2026-07-06T17:00:00+00:00,71.98799999999999,72.04299999999999,71.907,71.91099999999999,330
2026-07-06T17:05:00+00:00,71.91099999999999,71.957,71.87599999999999,71.93799999999999,345
2026-07-06T17:10:00+00:00,71.93799999999999,71.963,71.886,71.95299999999999,239
2026-07-06T17:15:00+00:00,71.95299999999999,72.02699999999999,71.93099999999998,71.957,378
2026-07-06T17:20:00+00:00,71.957,72.01299999999999,71.92099999999999,71.993,308
2026-07-06T17:25:00+00:00,71.993,72.12799999999999,71.993,72.05099999999999,362
2026-07-06T17:30:00+00:00,72.05099999999999,72.11699999999999,72.026,72.07799999999999,467
2026-07-06T17:35:00+00:00,72.07799999999999,72.127,72.05099999999999,72.09199999999998,386
2026-07-06T17:40:00+00:00,72.09199999999998,72.18799999999999,72.05599999999998,72.18599999999999,416
2026-07-06T17:45:00+00:00,72.18599999999999,72.18599999999999,72.10099999999998,72.103,340
2026-07-06T17:50:00+00:00,72.103,72.22299999999998,72.06599999999999,72.10699999999999,565
2026-07-06T17:55:00+00:00,72.10699999999999,72.15799999999999,72.05199999999999,72.157,590
2026-07-06T18:00:00+00:00,72.157,72.21799999999999,72.13699999999999,72.17599999999999,523
2026-07-06T18:05:00+00:00,72.17599999999999,72.237,72.17599999999999,72.18099999999998,425
2026-07-06T18:10:00+00:00,72.18099999999998,72.228,72.14599999999999,72.20799999999998,386
2026-07-06T18:15:00+00:00,72.20799999999998,72.21699999999998,72.166,72.19699999999999,294
2026-07-06T18:20:00+00:00,72.19699999999999,72.228,72.13699999999999,72.166,431
2026-07-06T18:25:00+00:00,72.166,72.267,72.09599999999999,72.19699999999999,1396
2026-07-06T18:30:00+00:00,72.19699999999999,72.22299999999998,72.01599999999999,72.14699999999999,559
2026-07-06T18:35:00+00:00,72.14699999999999,72.17299999999999,72.10799999999999,72.14699999999999,173
2026-07-06T18:40:00+00:00,72.14699999999999,72.24699999999999,72.14099999999999,72.18199999999999,206
2026-07-06T18:45:00+00:00,72.18199999999999,72.24199999999999,72.17599999999999,72.23199999999999,207
2026-07-06T18:50:00+00:00,72.23199999999999,72.237,72.172,72.18299999999999,121
2026-07-06T18:55:00+00:00,72.18299999999999,72.23299999999999,72.17599999999999,72.18599999999999,184
2026-07-06T19:00:00+00:00,72.18599999999999,72.24799999999999,72.18099999999998,72.222,143
2026-07-06T19:05:00+00:00,72.222,72.26799999999999,72.222,72.25299999999999,151
2026-07-06T19:10:00+00:00,72.25299999999999,72.261,72.23599999999999,72.25099999999999,112
2026-07-06T19:15:00+00:00,72.25099999999999,72.317,72.237,72.317,109
2026-07-06T19:20:00+00:00,72.317,72.36599999999999,72.291,72.29599999999999,212
2026-07-06T19:25:00+00:00,72.29599999999999,72.37299999999999,72.29599999999999,72.356,109
2026-07-06T19:30:00+00:00,72.356,72.37299999999999,72.33599999999998,72.33699999999999,110
2026-07-06T19:35:00+00:00,72.33699999999999,72.341,72.28099999999999,72.29599999999999,120
2026-07-06T19:40:00+00:00,72.29599999999999,72.34799999999998,72.29599999999999,72.332,120
2026-07-06T19:45:00+00:00,72.332,72.398,72.31799999999998,72.35699999999999,140
2026-07-06T19:50:00+00:00,72.35699999999999,72.37199999999999,72.33599999999998,72.35799999999999,111
2026-07-06T19:55:00+00:00,72.35799999999999,72.35799999999999,72.28099999999999,72.28699999999999,184
2026-07-06T20:00:00+00:00,72.28699999999999,72.31299999999999,72.24099999999999,72.24199999999999,106
2026-07-06T20:05:00+00:00,72.24199999999999,72.273,72.222,72.27099999999999,67
2026-07-06T20:10:00+00:00,72.27099999999999,72.31199999999998,72.27099999999999,72.30099999999999,58
2026-07-06T20:15:00+00:00,72.30099999999999,72.323,72.291,72.31299999999999,62
2026-07-06T20:20:00+00:00,72.31299999999999,72.31799999999998,72.30099999999999,72.30099999999999,77
2026-07-06T20:25:00+00:00,72.30099999999999,72.30699999999999,72.276,72.28699999999999,74
2026-07-06T20:30:00+00:00,72.28699999999999,72.353,72.28599999999999,72.35099999999998,66
2026-07-06T20:35:00+00:00,72.35099999999998,72.353,72.317,72.323,51
2026-07-06T20:40:00+00:00,72.323,72.323,72.29599999999999,72.29799999999999,41
2026-07-06T20:45:00+00:00,72.29799999999999,72.30099999999999,72.26599999999999,72.29799999999999,60
2026-07-06T20:50:00+00:00,72.29799999999999,72.29799999999999,72.21099999999998,72.21799999999999,47
2026-07-06T20:55:00+00:00,72.21799999999999,72.228,72.201,72.213,97
2026-07-07T00:00:00+00:00,72.213,72.43299999999998,72.213,72.37699999999998,152.41740674955594
2026-07-07T00:05:00+00:00,72.37699999999998,72.53599999999997,72.37599999999998,72.51099999999998,148
2026-07-07T00:10:00+00:00,72.51099999999998,72.56099999999998,72.48699999999998,72.55099999999997,105
2026-07-07T00:15:00+00:00,72.55099999999997,72.56299999999997,72.52199999999998,72.53799999999998,84
2026-07-07T00:20:00+00:00,72.53799999999998,72.57799999999997,72.48599999999998,72.49599999999998,134
2026-07-07T00:25:00+00:00,72.49599999999998,72.53199999999998,72.41099999999997,72.41799999999998,167
2026-07-07T00:30:00+00:00,72.41799999999998,72.47699999999998,72.35699999999997,72.47199999999998,128
2026-07-07T00:35:00+00:00,72.47199999999998,72.49599999999998,72.46199999999997,72.49299999999998,101
2026-07-07T00:40:00+00:00,72.49299999999998,72.53299999999997,72.46599999999998,72.52099999999997,98
2026-07-07T00:45:00+00:00,72.52099999999997,72.55699999999997,72.42599999999997,72.50199999999998,131
2026-07-07T00:50:00+00:00,72.50199999999998,72.50799999999998,72.46299999999998,72.48799999999997,86
2026-07-07T00:55:00+00:00,72.48799999999997,72.56299999999997,72.48799999999997,72.54699999999998,73
2026-07-07T01:00:00+00:00,72.54699999999998,72.63799999999998,72.41799999999998,72.48699999999998,648
2026-07-07T01:05:00+00:00,72.48699999999998,72.51199999999997,72.41599999999998,72.44799999999998,291
2026-07-07T01:10:00+00:00,72.44799999999998,72.45699999999998,72.37099999999998,72.37799999999997,164
2026-07-07T01:15:00+00:00,72.37799999999997,72.39299999999997,72.27099999999997,72.30599999999998,251
2026-07-07T01:20:00+00:00,72.30599999999998,72.35699999999997,72.28599999999997,72.34599999999998,210
2026-07-07T01:25:00+00:00,72.34599999999998,72.44299999999998,72.34599999999998,72.43799999999997,223
2026-07-07T01:30:00+00:00,72.43799999999997,72.49599999999998,72.40599999999998,72.44699999999997,149
2026-07-07T01:35:00+00:00,72.44699999999997,72.51699999999998,72.41799999999998,72.50799999999998,206
2026-07-07T01:40:00+00:00,72.50799999999998,72.61799999999998,72.49799999999998,72.54799999999997,322
2026-07-07T01:45:00+00:00,72.54799999999997,72.61299999999997,72.51099999999998,72.58799999999998,261
2026-07-07T01:50:00+00:00,72.58799999999998,72.72299999999997,72.58599999999997,72.67699999999998,246
2026-07-07T01:55:00+00:00,72.67699999999998,72.74699999999997,72.65599999999998,72.72799999999998,157
2026-07-07T02:00:00+00:00,72.72799999999998,72.76699999999998,72.65599999999998,72.73099999999998,258
2026-07-07T02:05:00+00:00,72.73099999999998,72.89299999999997,72.73099999999998,72.87099999999998,268
2026-07-07T02:10:00+00:00,72.87099999999998,72.89799999999998,72.83599999999997,72.85699999999997,261
2026-07-07T02:15:00+00:00,72.85699999999997,72.93799999999997,72.83799999999998,72.90099999999998,130
2026-07-07T02:20:00+00:00,72.90099999999998,72.91799999999998,72.89099999999998,72.89299999999997,95
2026-07-07T02:25:00+00:00,72.89299999999997,72.93299999999998,72.89199999999998,72.91299999999998,115
2026-07-07T02:30:00+00:00,72.91299999999998,72.97799999999998,72.90099999999998,72.91599999999998,280
2026-07-07T02:35:00+00:00,72.91599999999998,72.93799999999997,72.80099999999997,72.80599999999998,224
2026-07-07T02:40:00+00:00,72.80599999999998,72.81299999999997,72.73099999999998,72.77599999999998,212
2026-07-07T02:45:00+00:00,72.77599999999998,72.79799999999997,72.75199999999998,72.76699999999998,103
2026-07-07T02:50:00+00:00,72.76699999999998,72.81299999999997,72.73199999999997,72.78299999999997,177
2026-07-07T02:55:00+00:00,72.78299999999997,72.79799999999997,72.66099999999997,72.69799999999998,327
2026-07-07T03:00:00+00:00,72.69799999999998,72.77799999999998,72.69699999999997,72.77099999999997,274
2026-07-07T03:05:00+00:00,72.77099999999997,72.92799999999998,72.77099999999997,72.91299999999998,186
2026-07-07T03:10:00+00:00,72.91299999999998,72.92299999999997,72.85099999999997,72.91699999999997,157
2026-07-07T03:15:00+00:00,72.91699999999997,72.91699999999997,72.75299999999997,72.78699999999998,264
2026-07-07T03:20:00+00:00,72.78699999999998,72.80799999999998,72.73599999999998,72.73599999999998,164
2026-07-07T03:25:00+00:00,72.73599999999998,72.76799999999997,72.68099999999998,72.76599999999998,212
2026-07-07T03:30:00+00:00,72.76599999999998,72.77599999999998,72.63699999999997,72.67799999999998,306
2026-07-07T03:35:00+00:00,72.67799999999998,72.69799999999998,72.65199999999997,72.66099999999997,123
2026-07-07T03:40:00+00:00,72.66099999999997,72.68299999999998,72.65599999999998,72.66799999999998,91
2026-07-07T03:45:00+00:00,72.66799999999998,72.67799999999998,72.60199999999998,72.60199999999998,97
2026-07-07T03:50:00+00:00,72.60199999999998,72.65299999999998,72.58599999999997,72.63699999999997,119
2026-07-07T03:55:00+00:00,72.63699999999997,72.69799999999998,72.63699999999997,72.68599999999998,80
2026-07-07T04:00:00+00:00,72.68599999999998,72.70299999999997,72.66199999999998,72.69699999999997,77
2026-07-07T04:05:00+00:00,72.69699999999997,72.73799999999997,72.68599999999998,72.72699999999998,64
2026-07-07T04:10:00+00:00,72.72699999999998,72.73799999999997,72.70599999999997,72.72599999999997,62
2026-07-07T04:15:00+00:00,72.72599999999997,72.74299999999998,72.69099999999997,72.71799999999998,63
2026-07-07T04:20:00+00:00,72.71799999999998,72.74799999999998,72.71199999999997,72.74599999999998,55
2026-07-07T04:25:00+00:00,72.74599999999998,72.75299999999997,72.72099999999998,72.73699999999998,52
2026-07-07T04:30:00+00:00,72.73699999999998,72.74799999999998,72.73099999999998,72.74099999999997,72
2026-07-07T04:35:00+00:00,72.74099999999997,72.76299999999998,72.69599999999997,72.71599999999998,106
2026-07-07T04:40:00+00:00,72.71599999999998,72.74199999999998,72.474,72.479,78
2026-07-07T04:45:00+00:00,72.479,72.495,72.456,72.47,85
2026-07-07T04:50:00+00:00,72.47,72.486,72.459,72.481,57
2026-07-07T04:55:00+00:00,72.481,72.486,72.441,72.459,85
2026-07-07T05:00:00+00:00,72.459,72.515,72.435,72.481,137
2026-07-07T05:05:00+00:00,72.481,72.481,72.459,72.48,43
2026-07-07T05:10:00+00:00,72.48,72.551,72.469,72.539,172
2026-07-07T05:15:00+00:00,72.539,72.616,72.534,72.579,225
2026-07-07T05:20:00+00:00,72.579,72.621,72.564,72.579,126
2026-07-07T05:25:00+00:00,72.579,72.681,72.579,72.651,185
2026-07-07T05:30:00+00:00,72.651,72.731,72.634,72.669,323
2026-07-07T05:35:00+00:00,72.669,72.671,72.604,72.659,251
2026-07-07T05:40:00+00:00,72.659,72.716,72.62,72.626,223
2026-07-07T05:45:00+00:00,72.626,72.716,72.559,72.714,281
2026-07-07T05:50:00+00:00,72.714,72.846,72.699,72.799,377
2026-07-07T05:55:00+00:00,72.799,72.881,72.784,72.81,396
2026-07-07T06:00:00+00:00,72.81,72.905,72.759,72.874,463
2026-07-07T06:05:00+00:00,72.874,72.906,72.759,72.771,258
2026-07-07T06:10:00+00:00,72.771,72.786,72.67,72.759,350
2026-07-07T06:15:00+00:00,72.759,72.84,72.665,72.811,427
2026-07-07T06:20:00+00:00,72.811,72.861,72.789,72.855,335
2026-07-07T06:25:00+00:00,72.855,72.856,72.699,72.75,381
2026-07-07T06:30:00+00:00,72.75,72.786,72.704,72.711,288
2026-07-07T06:35:00+00:00,72.711,72.796,72.709,72.794,267
2026-07-07T06:40:00+00:00,72.794,72.826,72.774,72.775,242
2026-07-07T06:45:00+00:00,72.775,72.966,72.774,72.955,411
2026-07-07T06:50:00+00:00,72.955,72.966,72.909,72.926,313
2026-07-07T06:55:00+00:00,72.926,72.966,72.874,72.954,353
2026-07-07T07:00:00+00:00,72.954,73.056,72.899,73.03,657
2026-07-07T07:05:00+00:00,73.03,73.056,72.889,72.899,483
2026-07-07T07:10:00+00:00,72.899,72.946,72.844,72.9,478
2026-07-07T07:15:00+00:00,72.9,72.901,72.814,72.815,386
2026-07-07T07:20:00+00:00,72.815,72.96,72.815,72.92,407
2026-07-07T07:25:00+00:00,72.92,72.996,72.844,72.96,470
2026-07-07T07:30:00+00:00,72.96,73.11,72.914,72.985,724
2026-07-07T07:35:00+00:00,72.985,73.011,72.851,72.851,604
2026-07-07T07:40:00+00:00,72.851,72.925,72.784,72.891,405
2026-07-07T07:45:00+00:00,72.891,73.066,72.891,73.045,399
2026-07-07T07:50:00+00:00,73.045,73.116,73.034,73.084,399
2026-07-07T07:55:00+00:00,73.084,73.086,72.814,72.819,467
2026-07-07T08:00:00+00:00,72.819,72.886,72.794,72.831,459
2026-07-07T08:05:00+00:00,72.831,72.845,72.73,72.749,440
2026-07-07T08:10:00+00:00,72.749,72.925,72.744,72.889,473
2026-07-07T08:15:00+00:00,72.889,72.896,72.724,72.75,563
2026-07-07T08:20:00+00:00,72.75,72.86,72.649,72.82,796
2026-07-07T08:25:00+00:00,72.82,72.82,72.546,72.554,1580
2026-07-07T08:30:00+00:00,72.554,72.689,72.476,72.676,1158
2026-07-07T08:35:00+00:00,72.676,72.919,72.631,72.864,726
2026-07-07T08:40:00+00:00,72.864,72.906,72.741,72.844,619
2026-07-07T08:45:00+00:00,72.844,73.006,72.81,72.931,549
2026-07-07T08:50:00+00:00,72.931,73.076,72.929,72.991,536
2026-07-07T08:55:00+00:00,72.991,73.006,72.824,72.85,595
2026-07-07T09:00:00+00:00,72.85,73.021,72.844,72.991,771
2026-07-07T09:05:00+00:00,72.991,73.201,72.955,73.185,501
2026-07-07T09:10:00+00:00,73.185,73.276,73.019,73.04,574
2026-07-07T09:15:00+00:00,73.04,73.121,72.949,73.099,575
2026-07-07T09:20:00+00:00,73.099,73.189,73.05,73.07,478
2026-07-07T09:25:00+00:00,73.07,73.08,72.749,72.88,729
2026-07-07T09:30:00+00:00,72.88,72.951,72.804,72.951,589
2026-07-07T09:35:00+00:00,72.951,72.986,72.826,72.831,325
2026-07-07T09:40:00+00:00,72.831,72.831,72.644,72.719,550
2026-07-07T09:45:00+00:00,72.719,72.846,72.716,72.84,355
2026-07-07T09:50:00+00:00,72.84,72.881,72.77,72.814,404
2026-07-07T09:55:00+00:00,72.814,72.881,72.804,72.84,347
2026-07-07T10:00:00+00:00,72.84,72.845,72.689,72.71,523
2026-07-07T10:05:00+00:00,72.71,72.791,72.644,72.666,331
2026-07-07T10:10:00+00:00,72.666,72.781,72.65,72.765,355
2026-07-07T10:15:00+00:00,72.765,72.79,72.654,72.739,414
2026-07-07T10:20:00+00:00,72.739,72.786,72.694,72.721,247
2026-07-07T10:25:00+00:00,72.721,72.794,72.69,72.711,258
2026-07-07T10:30:00+00:00,72.711,72.751,72.604,72.669,439
2026-07-07T10:35:00+00:00,72.669,72.726,72.619,72.7,300
2026-07-07T10:40:00+00:00,72.7,72.811,72.661,72.759,515
2026-07-07T10:45:00+00:00,72.759,72.875,72.749,72.864,346
2026-07-07T10:50:00+00:00,72.864,72.915,72.859,72.884,301
2026-07-07T10:55:00+00:00,72.884,72.961,72.874,72.944,283
2026-07-07T11:00:00+00:00,72.944,73.016,72.944,72.985,383
2026-07-07T11:05:00+00:00,72.985,72.996,72.845,72.86,365
2026-07-07T11:10:00+00:00,72.86,72.866,72.774,72.821,279
2026-07-07T11:15:00+00:00,72.821,72.866,72.629,72.661,539
2026-07-07T11:20:00+00:00,72.661,72.75,72.654,72.705,277
2026-07-07T11:25:00+00:00,72.705,72.751,72.614,72.625,356
2026-07-07T11:30:00+00:00,72.625,72.626,72.484,72.54,513
2026-07-07T11:35:00+00:00,72.54,72.595,72.509,72.575,483
2026-07-07T11:40:00+00:00,72.575,72.721,72.574,72.679,415
2026-07-07T11:45:00+00:00,72.679,72.734,72.609,72.666,390
2026-07-07T11:50:00+00:00,72.666,72.669,72.576,72.606,424
2026-07-07T11:55:00+00:00,72.606,72.616,72.509,72.555,438
2026-07-07T12:00:00+00:00,72.555,72.624,72.534,72.615,399
2026-07-07T12:05:00+00:00,72.615,72.615,72.384,72.405,551
2026-07-07T12:10:00+00:00,72.405,72.566,72.404,72.549,519
2026-07-07T12:15:00+00:00,72.549,72.581,72.484,72.574,508
2026-07-07T12:20:00+00:00,72.574,72.634,72.514,72.539,392
2026-07-07T12:25:00+00:00,72.539,72.616,72.486,72.574,496
2026-07-07T12:30:00+00:00,72.574,72.631,72.499,72.576,447
2026-07-07T12:35:00+00:00,72.576,72.586,72.435,72.521,459
2026-07-07T12:40:00+00:00,72.521,72.711,72.521,72.659,602
2026-07-07T12:45:00+00:00,72.659,72.785,72.634,72.76,539
2026-07-07T12:50:00+00:00,72.76,72.766,72.664,72.719,383
2026-07-07T12:55:00+00:00,72.719,72.736,72.464,72.561,662
2026-07-07T13:00:00+00:00,72.561,72.796,72.554,72.759,1396
2026-07-07T13:05:00+00:00,72.759,72.825,72.684,72.7,832
2026-07-07T13:10:00+00:00,72.7,72.906,72.686,72.894,763
2026-07-07T13:15:00+00:00,72.894,72.915,72.745,72.775,611
2026-07-07T13:20:00+00:00,72.775,73.326,72.745,73.121,1835
2026-07-07T13:25:00+00:00,73.121,73.225,73.069,73.115,1360
2026-07-07T13:30:00+00:00,73.115,73.256,73.054,73.066,1506
2026-07-07T13:35:00+00:00,73.066,73.101,72.994,73.04,1275
2026-07-07T13:40:00+00:00,73.04,73.356,73.034,73.325,1406
2026-07-07T13:45:00+00:00,73.325,73.406,73.209,73.241,1239
2026-07-07T13:50:00+00:00,73.241,73.4,73.235,73.369,1272
2026-07-07T13:55:00+00:00,73.369,73.566,73.364,73.536,1516
2026-07-07T14:00:00+00:00,73.536,73.861,73.495,73.806,1805
2026-07-07T14:05:00+00:00,73.806,74.086,73.754,74.061,1492
2026-07-07T14:10:00+00:00,74.061,74.126,73.754,73.766,1558
2026-07-07T14:15:00+00:00,73.766,73.766,73.419,73.445,1722
2026-07-07T14:20:00+00:00,73.445,73.776,73.445,73.77,1668
2026-07-07T14:25:00+00:00,73.77,73.821,73.664,73.766,1046
2026-07-07T14:30:00+00:00,73.766,73.886,73.755,73.826,1135
2026-07-07T14:35:00+00:00,73.826,73.866,73.714,73.774,974
2026-07-07T14:40:00+00:00,73.774,73.774,73.534,73.576,964
2026-07-07T14:45:00+00:00,73.576,73.576,73.474,73.524,852
2026-07-07T14:50:00+00:00,73.524,73.686,73.504,73.661,676
2026-07-07T14:55:00+00:00,73.661,73.776,73.65,73.744,866
2026-07-07T15:00:00+00:00,73.744,73.816,73.674,73.724,845
2026-07-07T15:05:00+00:00,73.724,73.836,73.714,73.805,896
2026-07-07T15:10:00+00:00,73.805,73.876,73.726,73.82,887
2026-07-07T15:15:00+00:00,73.82,73.926,73.779,73.889,781
2026-07-07T15:20:00+00:00,73.889,74.006,73.805,73.844,1054
2026-07-07T15:25:00+00:00,73.844,73.906,73.734,73.734,1151
2026-07-07T15:30:00+00:00,73.734,73.851,73.594,73.841,1022
2026-07-07T15:35:00+00:00,73.841,73.856,73.689,73.689,489
2026-07-07T15:40:00+00:00,73.689,73.856,73.654,73.844,555
2026-07-07T15:45:00+00:00,73.844,74.066,73.839,74.045,762
2026-07-07T15:50:00+00:00,74.045,74.106,74.004,74.084,494
2026-07-07T15:55:00+00:00,74.084,74.106,73.914,73.921,615
2026-07-07T16:00:00+00:00,73.921,74.055,73.884,74.015,614
2026-07-07T16:05:00+00:00,74.015,74.156,73.984,74.109,561
2026-07-07T16:10:00+00:00,74.109,74.115,73.994,74.081,425
2026-07-07T16:15:00+00:00,74.081,74.141,74.054,74.095,472
2026-07-07T16:20:00+00:00,74.095,74.136,74.034,74.126,321
2026-07-07T16:25:00+00:00,74.126,74.294,74.094,74.164,590
2026-07-07T16:30:00+00:00,74.164,74.184,74.049,74.056,503
2026-07-07T16:35:00+00:00,74.056,74.091,74.009,74.065,274
2026-07-07T16:40:00+00:00,74.065,74.106,74.05,74.084,269
2026-07-07T16:45:00+00:00,74.084,74.144,74.044,74.115,302
2026-07-07T16:50:00+00:00,74.115,74.175,74.051,74.084,328
2026-07-07T16:55:00+00:00,74.084,74.136,74.054,74.085,330
2026-07-07T17:00:00+00:00,74.085,74.096,74.004,74.069,457
2026-07-07T17:05:00+00:00,74.069,74.226,74.069,74.159,540
2026-07-07T17:10:00+00:00,74.159,74.175,74.05,74.054,396
2026-07-07T17:15:00+00:00,74.054,74.236,74.044,74.234,421
2026-07-07T17:20:00+00:00,74.234,74.316,74.209,74.276,406
2026-07-07T17:25:00+00:00,74.276,74.286,74.224,74.24,313
2026-07-07T17:30:00+00:00,74.24,74.271,74.214,74.224,280
2026-07-07T17:35:00+00:00,74.224,74.349,74.224,74.281,358
2026-07-07T17:40:00+00:00,74.281,74.281,74.144,74.159,375
2026-07-07T17:45:00+00:00,74.159,74.165,74.056,74.064,534
2026-07-07T17:50:00+00:00,74.064,74.109,74.029,74.029,383
2026-07-07T17:55:00+00:00,74.029,74.114,74.024,74.091,455
2026-07-07T18:00:00+00:00,74.091,74.191,74.064,74.076,661
2026-07-07T18:05:00+00:00,74.076,74.169,74.064,74.116,555
2026-07-07T18:10:00+00:00,74.116,74.146,74.074,74.094,454
2026-07-07T18:15:00+00:00,74.094,74.215,74.084,74.191,444
2026-07-07T18:20:00+00:00,74.191,74.216,74.114,74.114,363
2026-07-07T18:25:00+00:00,74.114,74.166,74.03,74.165,974
2026-07-07T18:30:00+00:00,74.165,74.314,74.06,74.079,694
2026-07-07T18:35:00+00:00,74.079,74.079,74.004,74.014,232
2026-07-07T18:40:00+00:00,74.014,74.05,73.945,74.024,237
2026-07-07T18:45:00+00:00,74.024,74.646,74.01,74.45,1437
2026-07-07T18:50:00+00:00,74.45,74.866,74.36,74.801,1927
2026-07-07T18:55:00+00:00,74.801,75.036,74.789,75.035,996
2026-07-07T19:00:00+00:00,75.035,75.364,75.005,75.345,1300
2026-07-07T19:05:00+00:00,75.345,75.566,75.294,75.535,1344
2026-07-07T19:10:00+00:00,75.535,75.885,75.535,75.829,1371
2026-07-07T19:15:00+00:00,75.829,76.336,75.829,76.039,2473
2026-07-07T19:20:00+00:00,76.039,76.176,75.799,76.031,2546
2026-07-07T19:25:00+00:00,76.031,76.126,75.929,75.985,1232
2026-07-07T19:30:00+00:00,75.985,76.101,75.949,75.969,769
2026-07-07T19:35:00+00:00,75.969,75.981,75.714,75.85,861
2026-07-07T19:40:00+00:00,75.85,75.926,75.565,75.58,867
2026-07-07T19:45:00+00:00,75.58,75.8,75.554,75.634,802
2026-07-07T19:50:00+00:00,75.634,75.661,75.544,75.639,687
2026-07-07T19:55:00+00:00,75.639,75.701,75.61,75.624,574
2026-07-07T20:00:00+00:00,75.624,75.745,75.619,75.684,456
2026-07-07T20:05:00+00:00,75.684,75.756,75.576,75.736,348
2026-07-07T20:10:00+00:00,75.736,75.779,75.685,75.725,314
2026-07-07T20:15:00+00:00,75.725,75.841,75.669,75.69,384
2026-07-07T20:20:00+00:00,75.69,75.76,75.681,75.745,197
2026-07-07T20:25:00+00:00,75.745,75.776,75.704,75.754,217
2026-07-07T20:30:00+00:00,75.754,75.961,75.754,75.949,344
2026-07-07T20:35:00+00:00,75.949,75.966,75.851,75.861,288
2026-07-07T20:40:00+00:00,75.861,75.9,75.814,75.821,205
2026-07-07T20:45:00+00:00,75.821,75.966,75.821,75.959,300
2026-07-07T20:50:00+00:00,75.959,75.966,75.884,75.89,248
2026-07-07T20:55:00+00:00,75.89,75.896,75.826,75.859,190
2026-07-08T00:00:00+00:00,75.859,76.198,75.84299999999999,76.11399999999999,325.70513250587055
2026-07-08T00:05:00+00:00,76.11399999999999,76.19999999999999,76.11399999999999,76.189,209
2026-07-08T00:10:00+00:00,76.189,76.19399999999999,76.12899999999999,76.16499999999999,139
2026-07-08T00:15:00+00:00,76.16499999999999,76.365,76.143,76.3,269
2026-07-08T00:20:00+00:00,76.3,76.345,76.133,76.19399999999999,247
2026-07-08T00:25:00+00:00,76.19399999999999,76.225,76.05799999999999,76.17,279
2026-07-08T00:30:00+00:00,76.17,76.175,75.988,75.99,310
2026-07-08T00:35:00+00:00,75.99,75.99,75.868,75.878,311
2026-07-08T00:40:00+00:00,75.878,75.94,75.753,75.78399999999999,283
2026-07-08T00:45:00+00:00,75.78399999999999,75.88499999999999,75.76299999999999,75.829,208
2026-07-08T00:50:00+00:00,75.829,75.868,75.73299999999999,75.814,221
2026-07-08T00:55:00+00:00,75.814,75.824,75.658,75.678,355
2026-07-08T01:00:00+00:00,75.678,75.69,75.393,75.55499999999999,1473
2026-07-08T01:05:00+00:00,75.55499999999999,75.78999999999999,75.553,75.713,737
2026-07-08T01:10:00+00:00,75.713,75.725,75.54299999999999,75.58999999999999,597
2026-07-08T01:15:00+00:00,75.58999999999999,75.664,75.54299999999999,75.54899999999999,506
2026-07-08T01:20:00+00:00,75.54899999999999,75.559,75.428,75.443,605
2026-07-08T01:25:00+00:00,75.443,75.515,75.41799999999999,75.484,414
2026-07-08T01:30:00+00:00,75.484,75.60499999999999,75.449,75.57799999999999,499
2026-07-08T01:35:00+00:00,75.57799999999999,75.69999999999999,75.53399999999999,75.675,463
2026-07-08T01:40:00+00:00,75.675,75.8,75.658,75.77,469
2026-07-08T01:45:00+00:00,75.77,75.824,75.67299999999999,75.77499999999999,490
2026-07-08T01:50:00+00:00,75.77499999999999,75.815,75.689,75.774,381
2026-07-08T01:55:00+00:00,75.774,75.82799999999999,75.743,75.79899999999999,359
2026-07-08T02:00:00+00:00,75.79899999999999,75.82799999999999,75.663,75.818,337
2026-07-08T02:05:00+00:00,75.818,75.92,75.794,75.91,404
2026-07-08T02:10:00+00:00,75.91,76,75.908,75.963,340
2026-07-08T02:15:00+00:00,75.963,76.02,75.93299999999999,76.018,133
2026-07-08T02:20:00+00:00,76.018,76.11399999999999,76.018,76.103,204
2026-07-08T02:25:00+00:00,76.103,76.22,76.083,76.124,337
2026-07-08T02:30:00+00:00,76.124,76.17,75.988,75.994,645
2026-07-08T02:35:00+00:00,75.994,76.02,75.768,75.783,442
2026-07-08T02:40:00+00:00,75.783,75.87299999999999,75.765,75.815,330
2026-07-08T02:45:00+00:00,75.815,75.945,75.80499999999999,75.945,242
2026-07-08T02:50:00+00:00,75.945,76.02,75.93299999999999,75.975,387
2026-07-08T02:55:00+00:00,75.975,76.014,75.943,75.975,210
2026-07-08T03:00:00+00:00,75.975,76.04799999999999,75.948,76.035,292
2026-07-08T03:05:00+00:00,76.035,76.11399999999999,76.02799999999999,76.103,298
2026-07-08T03:10:00+00:00,76.103,76.125,76.04299999999999,76.083,328
2026-07-08T03:15:00+00:00,76.083,76.11,76.018,76.024,203
2026-07-08T03:20:00+00:00,76.024,76.07499999999999,75.999,76.045,217
2026-07-08T03:25:00+00:00,76.045,76.05499999999999,75.99799999999999,76.024,257
2026-07-08T03:30:00+00:00,76.024,76.05,75.958,76.045,285
2026-07-08T03:35:00+00:00,76.045,76.07799999999999,76.044,76.06299999999999,103
2026-07-08T03:40:00+00:00,76.06299999999999,76.06899999999999,76.00399999999999,76.05799999999999,100
2026-07-08T03:45:00+00:00,76.05799999999999,76.07499999999999,76.023,76.024,63
2026-07-08T03:50:00+00:00,76.024,76.044,76.005,76.00999999999999,63
2026-07-08T03:55:00+00:00,76.00999999999999,76.05,75.984,76.044,119
2026-07-08T04:00:00+00:00,76.044,76.065,76.023,76.04299999999999,92
2026-07-08T04:05:00+00:00,76.04299999999999,76.11999999999999,76.04299999999999,76.044,101
2026-07-08T04:10:00+00:00,76.044,76.195,76.044,76.15299999999999,138
2026-07-08T04:15:00+00:00,76.15299999999999,76.19,76.09899999999999,76.13499999999999,101
2026-07-08T04:20:00+00:00,76.13499999999999,76.145,76.07799999999999,76.085,79
2026-07-08T04:25:00+00:00,76.085,76.08999999999999,76.04299999999999,76.05,125
2026-07-08T04:30:00+00:00,76.05,76.05,75.99799999999999,76.033,161
2026-07-08T04:35:00+00:00,76.033,76.05499999999999,76.003,76.023,122
2026-07-08T04:40:00+00:00,76.023,76.045,76.008,76.033,204
2026-07-08T04:45:00+00:00,76.033,76.05799999999999,76.014,76.05499999999999,152
2026-07-08T04:50:00+00:00,76.05499999999999,76.065,76.038,76.05399999999999,108
2026-07-08T04:55:00+00:00,76.05399999999999,76.13799999999999,76.04799999999999,76.12299999999999,156
2026-07-08T05:00:00+00:00,76.12299999999999,76.22,76.113,76.19,291
2026-07-08T05:05:00+00:00,76.19,76.36,76.18799999999999,76.34299999999999,210
2026-07-08T05:10:00+00:00,76.34299999999999,76.36,76.18499999999999,76.243,234
2026-07-08T05:15:00+00:00,76.243,76.405,76.234,76.395,294
2026-07-08T05:20:00+00:00,76.395,76.695,76.37299999999999,76.643,760
2026-07-08T05:25:00+00:00,76.643,76.69999999999999,76.48299999999999,76.52499999999999,396
2026-07-08T05:30:00+00:00,76.52499999999999,76.55399999999999,76.42399999999999,76.509,706
2026-07-08T05:35:00+00:00,76.509,76.545,76.378,76.37899999999999,667
2026-07-08T05:40:00+00:00,76.37899999999999,76.37899999999999,76.10799999999999,76.363,650
2026-07-08T05:45:00+00:00,76.363,76.47,76.338,76.44999999999999,608
2026-07-08T05:50:00+00:00,76.44999999999999,76.585,76.43299999999999,76.53,600
2026-07-08T05:55:00+00:00,76.53,76.61,76.475,76.56299999999999,791
2026-07-08T06:00:00+00:00,76.56299999999999,76.64,76.378,76.445,897
2026-07-08T06:05:00+00:00,76.445,76.619,76.425,76.583,815
2026-07-08T06:10:00+00:00,76.583,76.69999999999999,76.54299999999999,76.594,687
2026-07-08T06:15:00+00:00,76.594,76.60499999999999,76.413,76.41499999999999,644
2026-07-08T06:20:00+00:00,76.41499999999999,76.664,76.393,76.523,753
2026-07-08T06:25:00+00:00,76.523,76.55999999999999,76.38799999999999,76.448,623
2026-07-08T06:30:00+00:00,76.448,76.6,76.384,76.52799999999999,760
2026-07-08T06:35:00+00:00,76.52799999999999,76.6,76.488,76.505,444
2026-07-08T06:40:00+00:00,76.505,76.585,76.469,76.494,545
2026-07-08T06:45:00+00:00,76.494,76.55399999999999,76.378,76.41799999999999,710
2026-07-08T06:50:00+00:00,76.41799999999999,76.545,76.35799999999999,76.484,709
2026-07-08T06:55:00+00:00,76.484,76.49,76.37299999999999,76.384,625
2026-07-08T07:00:00+00:00,76.384,76.57,76.35799999999999,76.518,1021
2026-07-08T07:05:00+00:00,76.518,76.67999999999999,76.383,76.39399999999999,824
2026-07-08T07:10:00+00:00,76.39399999999999,76.413,76.253,76.333,738
2026-07-08T07:15:00+00:00,76.333,76.333,76.12899999999999,76.14999999999999,761
2026-07-08T07:20:00+00:00,76.14999999999999,76.16,75.92899999999999,76.01299999999999,927
2026-07-08T07:25:00+00:00,76.01299999999999,76.03399999999999,75.80799999999999,75.818,723
2026-07-08T07:30:00+00:00,75.818,75.838,75.758,75.803,611
2026-07-08T07:35:00+00:00,75.803,75.85499999999999,75.773,75.79799999999999,530
2026-07-08T07:40:00+00:00,75.79799999999999,75.84899999999999,75.658,75.70899999999999,494
2026-07-08T07:45:00+00:00,75.70899999999999,75.83,75.658,75.72999999999999,780
2026-07-08T07:50:00+00:00,75.72999999999999,75.86999999999999,75.70899999999999,75.829,683
2026-07-08T07:55:00+00:00,75.829,75.945,75.82799999999999,75.91,710
2026-07-08T08:00:00+00:00,75.91,76.125,75.868,76.10799999999999,812
2026-07-08T08:05:00+00:00,76.10799999999999,76.14399999999999,75.88799999999999,75.90899999999999,831
2026-07-08T08:10:00+00:00,75.90899999999999,75.92999999999999,75.789,75.899,598
2026-07-08T08:15:00+00:00,75.899,77.544,75.838,77.359,5779
2026-07-08T08:20:00+00:00,77.359,78.01299999999999,77.214,77.82499999999999,4296
2026-07-08T08:25:00+00:00,77.82499999999999,78.11399999999999,77.743,77.78999999999999,4108
2026-07-08T08:30:00+00:00,77.78999999999999,78.19999999999999,77.73299999999999,78.195,2994
2026-07-08T08:35:00+00:00,78.195,78.58399999999999,78.109,78.523,2718
2026-07-08T08:40:00+00:00,78.523,78.744,78.463,78.493,2298
2026-07-08T08:45:00+00:00,78.493,78.524,78.008,78.395,2148
2026-07-08T08:50:00+00:00,78.395,78.44999999999999,78.204,78.425,1502
2026-07-08T08:55:00+00:00,78.425,78.69999999999999,78.348,78.64399999999999,1402
2026-07-08T09:00:00+00:00,78.64399999999999,78.89999999999999,78.585,78.678,1614
2026-07-08T09:05:00+00:00,78.678,78.845,78.618,78.795,1502
2026-07-08T09:10:00+00:00,78.795,78.94,78.658,78.939,1361
2026-07-08T09:15:00+00:00,78.939,78.94999999999999,78.85799999999999,78.87899999999999,1118
2026-07-08T09:20:00+00:00,78.87899999999999,79.19999999999999,78.768,79.015,1871
2026-07-08T09:25:00+00:00,79.015,79.13499999999999,78.76299999999999,78.859,1360
2026-07-08T09:30:00+00:00,78.859,78.89,78.499,78.518,1465
2026-07-08T09:35:00+00:00,78.518,78.72,78.43799999999999,78.475,1245
2026-07-08T09:40:00+00:00,78.475,78.66499999999999,78.458,78.59299999999999,1098
2026-07-08T09:45:00+00:00,78.59299999999999,78.72,78.475,78.64399999999999,934
2026-07-08T09:50:00+00:00,78.64399999999999,78.67999999999999,78.41,78.675,1224
2026-07-08T09:55:00+00:00,78.675,78.898,78.62899999999999,78.725,1205
2026-07-08T10:00:00+00:00,78.725,78.765,78.493,78.49799999999999,869
2026-07-08T10:05:00+00:00,78.49799999999999,78.768,78.46,78.464,1084
2026-07-08T10:10:00+00:00,78.464,78.58,78.393,78.454,880
2026-07-08T10:15:00+00:00,78.454,78.52499999999999,78.208,78.225,867
2026-07-08T10:20:00+00:00,78.225,78.39999999999999,78.208,78.37299999999999,798
2026-07-08T10:25:00+00:00,78.37299999999999,78.42,78.17299999999999,78.18799999999999,868
2026-07-08T10:30:00+00:00,78.18799999999999,78.205,77.728,77.863,1687
2026-07-08T10:35:00+00:00,77.863,78.095,77.848,77.884,1118
2026-07-08T10:40:00+00:00,77.884,78,77.818,77.90899999999999,825
2026-07-08T10:45:00+00:00,77.90899999999999,78.07499999999999,77.83,78.038,1081
2026-07-08T10:50:00+00:00,78.038,78.05499999999999,77.85,77.96499999999999,811
2026-07-08T10:55:00+00:00,77.96499999999999,78.14,77.93299999999999,78.134,848
2026-07-08T11:00:00+00:00,78.134,78.17899999999999,77.92299999999999,78.05799999999999,963
2026-07-08T11:05:00+00:00,78.05799999999999,78.32499999999999,78.00399999999999,78.30799999999999,706
2026-07-08T11:10:00+00:00,78.30799999999999,78.38,78.189,78.214,547
2026-07-08T11:15:00+00:00,78.214,78.35499999999999,78.214,78.26899999999999,534
2026-07-08T11:20:00+00:00,78.26899999999999,78.448,78.26299999999999,78.32799999999999,566
2026-07-08T11:25:00+00:00,78.32799999999999,78.44,78.318,78.33,534
2026-07-08T11:30:00+00:00,78.33,78.44999999999999,78.31299999999999,78.365,689
2026-07-08T11:35:00+00:00,78.365,78.58399999999999,78.34299999999999,78.539,794
2026-07-08T11:40:00+00:00,78.539,78.545,77.49799999999999,78.065,2652
2026-07-08T11:45:00+00:00,78.065,78.125,77.824,78.015,2080
2026-07-08T11:50:00+00:00,78.015,78.18499999999999,77.893,78.009,1596
2026-07-08T11:55:00+00:00,78.009,78.134,77.869,78.089,1030
2026-07-08T12:00:00+00:00,78.089,78.34899999999999,78.068,78.23299999999999,1065
2026-07-08T12:05:00+00:00,78.23299999999999,78.26299999999999,78.073,78.08399999999999,993
2026-07-08T12:10:00+00:00,78.08399999999999,78.10499999999999,77.84299999999999,77.94399999999999,1081
2026-07-08T12:15:00+00:00,77.94399999999999,77.949,77.41799999999999,77.485,1748
2026-07-08T12:20:00+00:00,77.485,77.585,77.43299999999999,77.509,1118
2026-07-08T12:25:00+00:00,77.509,77.55399999999999,77.27,77.338,1301
2026-07-08T12:30:00+00:00,77.338,77.445,77.225,77.33399999999999,1312
2026-07-08T12:35:00+00:00,77.33399999999999,77.449,77.18799999999999,77.193,1166
2026-07-08T12:40:00+00:00,77.193,77.33999999999999,77.158,77.29299999999999,886
2026-07-08T12:45:00+00:00,77.29299999999999,77.54299999999999,77.243,77.399,1075
2026-07-08T12:50:00+00:00,77.399,77.404,77.15899999999999,77.26299999999999,991
2026-07-08T12:55:00+00:00,77.26299999999999,77.89,77.128,77.853,2998
2026-07-08T13:00:00+00:00,77.853,78.02799999999999,77.735,77.913,2895
2026-07-08T13:05:00+00:00,77.913,78.169,77.87299999999999,77.97399999999999,2670
2026-07-08T13:10:00+00:00,77.97399999999999,78.14399999999999,77.699,77.844,1966
2026-07-08T13:15:00+00:00,77.844,78.03999999999999,77.779,78.035,1519
2026-07-08T13:20:00+00:00,78.035,78.115,77.908,77.96799999999999,1477
2026-07-08T13:25:00+00:00,77.96799999999999,78.41,77.889,78.315,2544
2026-07-08T13:30:00+00:00,78.315,78.369,77.88799999999999,78.045,2281
2026-07-08T13:35:00+00:00,78.045,78.17999999999999,77.898,77.898,1741
2026-07-08T13:40:00+00:00,77.898,77.92,77.624,77.655,1614
2026-07-08T13:45:00+00:00,77.655,77.75999999999999,77.60799999999999,77.72999999999999,1420
2026-07-08T13:50:00+00:00,77.72999999999999,77.83999999999999,77.478,77.82499999999999,1576
2026-07-08T13:55:00+00:00,77.82499999999999,77.98299999999999,77.758,77.934,1349
2026-07-08T14:00:00+00:00,77.934,78.1,77.91799999999999,78.03399999999999,1327
2026-07-08T14:05:00+00:00,78.03399999999999,78.529,78.023,78.34899999999999,1596
2026-07-08T14:10:00+00:00,78.34899999999999,78.53,78.124,78.518,1768
2026-07-08T14:15:00+00:00,78.518,79.02499999999999,78.508,79.02,2604
2026-07-08T14:20:00+00:00,79.02,79.19,78.92299999999999,79.154,1977
2026-07-08T14:25:00+00:00,79.154,79.663,79.03999999999999,79.65299999999999,3000
2026-07-08T14:30:00+00:00,79.65299999999999,79.82,79.50999999999999,79.71799999999999,3889
2026-07-08T14:35:00+00:00,79.71799999999999,79.88,79.56899999999999,79.63799999999999,2781
2026-07-08T14:40:00+00:00,79.63799999999999,79.648,79.404,79.44,2423
2026-07-08T14:45:00+00:00,79.44,79.57,79.23299999999999,79.369,2400
2026-07-08T14:50:00+00:00,79.369,79.68299999999999,79.34899999999999,79.68299999999999,2286
2026-07-08T14:55:00+00:00,79.68299999999999,79.758,79.55999999999999,79.57,1828
2026-07-08T15:00:00+00:00,79.57,79.89999999999999,79.514,79.86399999999999,3282
2026-07-08T15:05:00+00:00,79.86399999999999,80.02,79.67399999999999,79.83999999999999,2867
2026-07-08T15:10:00+00:00,79.83999999999999,79.978,79.773,79.88,2075
2026-07-08T15:15:00+00:00,79.88,80.08,79.69399999999999,79.72399999999999,2008
2026-07-08T15:20:00+00:00,79.72399999999999,79.75,79.508,79.655,2298
2026-07-08T15:25:00+00:00,79.655,79.809,79.49799999999999,79.523,2801
2026-07-08T15:30:00+00:00,79.523,80.065,79.50999999999999,80.038,2462
2026-07-08T15:35:00+00:00,80.038,80.16799999999999,79.98899999999999,80.134,1670
2026-07-08T15:40:00+00:00,80.134,80.14,79.978,80.064,1521
2026-07-08T15:45:00+00:00,80.064,80.41,80.05799999999999,80.395,1850
2026-07-08T15:50:00+00:00,80.395,80.53999999999999,80.348,80.378,1497
2026-07-08T15:55:00+00:00,80.378,80.42,80.228,80.23299999999999,1232
2026-07-08T16:00:00+00:00,80.23299999999999,80.374,80.023,80.02799999999999,1745
2026-07-08T16:05:00+00:00,80.02799999999999,80.065,79.57799999999999,79.628,1941
2026-07-08T16:10:00+00:00,79.628,79.645,79.31899999999999,79.64399999999999,2241
2026-07-08T16:15:00+00:00,79.64399999999999,79.78,79.55499999999999,79.645,1430
2026-07-08T16:20:00+00:00,79.645,79.654,79.46799999999999,79.574,1291
2026-07-08T16:25:00+00:00,79.574,79.574,79.119,79.36399999999999,1652
2026-07-08T16:30:00+00:00,79.36399999999999,79.494,79.16799999999999,79.445,1905
2026-07-08T16:35:00+00:00,79.445,79.639,79.083,79.098,2428
2026-07-08T16:40:00+00:00,79.098,79.295,78.85799999999999,78.89399999999999,3589
2026-07-08T16:45:00+00:00,78.89399999999999,79.11399999999999,78.878,78.943,1599
2026-07-08T16:50:00+00:00,78.943,79.03999999999999,78.80799999999999,78.94399999999999,1728
2026-07-08T16:55:00+00:00,78.94399999999999,78.95899999999999,78.708,78.87899999999999,1534
2026-07-08T17:00:00+00:00,78.87899999999999,78.904,78.669,78.743,1501
2026-07-08T17:05:00+00:00,78.743,78.82499999999999,78.609,78.818,1211
2026-07-08T17:10:00+00:00,78.818,78.869,78.664,78.795,1039
2026-07-08T17:15:00+00:00,78.795,78.80499999999999,78.589,78.66,1267
2026-07-08T17:20:00+00:00,78.66,78.67999999999999,78.508,78.573,1106
2026-07-08T17:25:00+00:00,78.573,78.573,78.264,78.28399999999999,1383
2026-07-08T17:30:00+00:00,78.28399999999999,78.33,78.118,78.32499999999999,1733
2026-07-08T17:35:00+00:00,78.32499999999999,78.539,78.27799999999999,78.52799999999999,1082
2026-07-08T17:40:00+00:00,78.52799999999999,78.53999999999999,78.29299999999999,78.32799999999999,1250
2026-07-08T17:45:00+00:00,78.32799999999999,78.43299999999999,78.303,78.399,1060
2026-07-08T17:50:00+00:00,78.399,78.399,78.083,78.11999999999999,1091
2026-07-08T17:55:00+00:00,78.11999999999999,78.295,78.088,78.28399999999999,848
2026-07-08T18:00:00+00:00,78.28399999999999,78.315,78.04799999999999,78.12299999999999,1170
2026-07-08T18:05:00+00:00,78.12299999999999,78.193,78.09299999999999,78.148,1003
2026-07-08T18:10:00+00:00,78.148,78.169,77.908,78.008,1460
2026-07-08T18:15:00+00:00,78.008,78.14999999999999,77.958,77.964,1579
2026-07-08T18:20:00+00:00,77.964,78.03999999999999,77.884,78.01899999999999,1397
2026-07-08T18:25:00+00:00,78.01899999999999,78.13,77.844,77.958,2434
2026-07-08T18:30:00+00:00,77.958,78.064,77.833,78.05499999999999,1516
2026-07-08T18:35:00+00:00,78.05499999999999,78.219,78.033,78.15299999999999,1030
2026-07-08T18:40:00+00:00,78.15299999999999,78.25,78.149,78.15299999999999,543
2026-07-08T18:45:00+00:00,78.15299999999999,78.21499999999999,78.05799999999999,78.064,632
2026-07-08T18:50:00+00:00,78.064,78.16499999999999,78.023,78.09299999999999,502
2026-07-08T18:55:00+00:00,78.09299999999999,78.13499999999999,77.988,78.05,548
2026-07-08T19:00:00+00:00,78.05,78.169,78.04299999999999,78.115,512
2026-07-08T19:05:00+00:00,78.115,78.13499999999999,78.073,78.09299999999999,334
2026-07-08T19:10:00+00:00,78.09299999999999,78.098,78.008,78.009,334
2026-07-08T19:15:00+00:00,78.009,78.035,77.92299999999999,78.03,450
2026-07-08T19:20:00+00:00,78.03,78.045,77.955,77.993,453
2026-07-08T19:25:00+00:00,77.993,78.04899999999999,77.954,78.04299999999999,325
2026-07-08T19:30:00+00:00,78.04299999999999,78.244,78.008,78.23899999999999,348
2026-07-08T19:35:00+00:00,78.23899999999999,78.24799999999999,78.169,78.22399999999999,272
2026-07-08T19:40:00+00:00,78.22399999999999,78.55999999999999,78.214,78.529,681
2026-07-08T19:45:00+00:00,78.529,78.75399999999999,78.49799999999999,78.704,1334
2026-07-08T19:50:00+00:00,78.704,78.72999999999999,78.34299999999999,78.478,830
2026-07-08T19:55:00+00:00,78.478,78.57499999999999,78.43299999999999,78.568,790
2026-07-08T20:00:00+00:00,78.568,78.774,78.56299999999999,78.75399999999999,757
2026-07-08T20:05:00+00:00,78.75399999999999,78.81599999999999,78.723,78.77,611.6419471488178
2026-07-08T20:10:00+00:00,78.77,79.08099999999999,78.725,78.874,1273
2026-07-08T20:15:00+00:00,78.874,79.12899999999999,78.86099999999999,79.041,823
2026-07-08T20:20:00+00:00,79.041,79.274,78.975,79.05499999999999,776
2026-07-08T20:25:00+00:00,79.05499999999999,79.08999999999999,78.90899999999999,79.035,731
2026-07-08T20:30:00+00:00,79.035,79.26599999999999,79.01899999999999,79.184,706
2026-07-08T20:35:00+00:00,79.184,79.411,79.169,79.374,839
2026-07-08T20:40:00+00:00,79.374,79.43599999999999,79.244,79.285,665
2026-07-08T20:45:00+00:00,79.285,79.30399999999999,79.154,79.22099999999999,582
2026-07-08T20:50:00+00:00,79.22099999999999,79.226,78.984,79.134,599
2026-07-08T20:55:00+00:00,79.134,79.32499999999999,79.036,79.26899999999999,782
2026-07-09T00:00:00+00:00,79.26899999999999,79.26899999999999,78.75399999999999,78.756,296.62787723785164
2026-07-09T00:05:00+00:00,78.756,78.82499999999999,78.70899999999999,78.746,231
2026-07-09T00:10:00+00:00,78.746,78.78099999999999,78.645,78.696,204
2026-07-09T00:15:00+00:00,78.696,78.726,78.61999999999999,78.67599999999999,132
2026-07-09T00:20:00+00:00,78.67599999999999,78.791,78.651,78.76599999999999,116
2026-07-09T00:25:00+00:00,78.76599999999999,78.856,78.67899999999999,78.704,179
2026-07-09T00:30:00+00:00,78.704,78.815,78.574,78.80499999999999,345
2026-07-09T00:35:00+00:00,78.80499999999999,78.859,78.66499999999999,78.76599999999999,275
2026-07-09T00:40:00+00:00,78.76599999999999,78.776,78.69999999999999,78.74499999999999,125
2026-07-09T00:45:00+00:00,78.74499999999999,78.79599999999999,78.734,78.735,94
2026-07-09T00:50:00+00:00,78.735,78.815,78.704,78.749,170
2026-07-09T00:55:00+00:00,78.749,78.75099999999999,78.484,78.506,300
2026-07-09T01:00:00+00:00,78.506,78.854,78.31099999999999,78.76599999999999,1239
2026-07-09T01:05:00+00:00,78.76599999999999,78.771,78.559,78.586,561
2026-07-09T01:10:00+00:00,78.586,79.011,78.574,78.98599999999999,771
2026-07-09T01:15:00+00:00,78.98599999999999,79.131,78.955,79.006,638
2026-07-09T01:20:00+00:00,79.006,79.076,78.90899999999999,78.99499999999999,632
2026-07-09T01:25:00+00:00,78.99499999999999,79.04499999999999,78.911,78.91499999999999,355
2026-07-09T01:30:00+00:00,78.91499999999999,78.91499999999999,78.704,78.704,430
2026-07-09T01:35:00+00:00,78.704,78.735,78.579,78.666,394
2026-07-09T01:40:00+00:00,78.666,78.67599999999999,78.58399999999999,78.65599999999999,370
2026-07-09T01:45:00+00:00,78.65599999999999,78.701,78.574,78.615,320
2026-07-09T01:50:00+00:00,78.615,78.69999999999999,78.594,78.67899999999999,379
2026-07-09T01:55:00+00:00,78.67899999999999,78.711,78.574,78.586,416
2026-07-09T02:00:00+00:00,78.586,78.655,78.43499999999999,78.514,600
2026-07-09T02:05:00+00:00,78.514,78.74499999999999,78.514,78.70599999999999,491
2026-07-09T02:10:00+00:00,78.70599999999999,78.779,78.639,78.66399999999999,477
2026-07-09T02:15:00+00:00,78.66399999999999,78.72099999999999,78.649,78.716,109
2026-07-09T02:20:00+00:00,78.716,78.78399999999999,78.66499999999999,78.779,160
2026-07-09T02:25:00+00:00,78.779,78.791,78.705,78.71,190
2026-07-09T02:30:00+00:00,78.71,78.886,78.71,78.854,523
2026-07-09T02:35:00+00:00,78.854,78.951,78.839,78.945,540
2026-07-09T02:40:00+00:00,78.945,78.961,78.869,78.875,350
2026-07-09T02:45:00+00:00,78.875,79.071,78.854,79.065,349
2026-07-09T02:50:00+00:00,79.065,79.14399999999999,79.03399999999999,79.076,348
2026-07-09T02:55:00+00:00,79.076,79.076,78.954,78.991,375
2026-07-09T03:00:00+00:00,78.991,79.076,78.954,79.006,410
2026-07-09T03:05:00+00:00,79.006,79.011,78.824,78.86099999999999,397
2026-07-09T03:10:00+00:00,78.86099999999999,78.901,78.75399999999999,78.78,318
2026-07-09T03:15:00+00:00,78.78,78.80099999999999,78.72399999999999,78.785,318
2026-07-09T03:20:00+00:00,78.785,78.93599999999999,78.78399999999999,78.89099999999999,264
2026-07-09T03:25:00+00:00,78.89099999999999,78.91499999999999,78.82,78.875,287
2026-07-09T03:30:00+00:00,78.875,78.875,78.651,78.731,259
2026-07-09T03:35:00+00:00,78.731,78.786,78.704,78.755,133
2026-07-09T03:40:00+00:00,78.755,78.841,78.734,78.835,193
2026-07-09T03:45:00+00:00,78.835,78.89399999999999,78.785,78.836,151
2026-07-09T03:50:00+00:00,78.836,78.87599999999999,78.76899999999999,78.771,168
2026-07-09T03:55:00+00:00,78.771,78.826,78.771,78.774,116
2026-07-09T04:00:00+00:00,78.774,78.856,78.764,78.806,110
2026-07-09T04:05:00+00:00,78.806,78.836,78.78899999999999,78.79499999999999,78
2026-07-09T04:10:00+00:00,78.79499999999999,78.86099999999999,78.794,78.854,107
2026-07-09T04:15:00+00:00,78.854,78.881,78.824,78.829,83
2026-07-09T04:20:00+00:00,78.829,78.88,78.80399999999999,78.87599999999999,116
2026-07-09T04:25:00+00:00,78.87599999999999,78.92099999999999,78.87599999999999,78.889,132
2026-07-09T04:30:00+00:00,78.889,78.896,78.824,78.85,155
2026-07-09T04:35:00+00:00,78.85,78.856,78.81899999999999,78.826,128
2026-07-09T04:40:00+00:00,78.826,78.836,78.75399999999999,78.79499999999999,223
2026-07-09T04:45:00+00:00,78.79499999999999,78.856,78.79499999999999,78.815,85
2026-07-09T04:50:00+00:00,78.815,78.841,78.794,78.826,113
2026-07-09T04:55:00+00:00,78.826,78.87599999999999,78.824,78.856,118
2026-07-09T05:00:00+00:00,78.856,78.896,78.794,78.836,151
2026-07-09T05:05:00+00:00,78.836,78.836,78.73899999999999,78.78899999999999,142
2026-07-09T05:10:00+00:00,78.78899999999999,78.81599999999999,78.524,78.759,1032
2026-07-09T05:15:00+00:00,78.759,78.99499999999999,78.755,78.93599999999999,893
2026-07-09T05:20:00+00:00,78.93599999999999,78.98599999999999,78.84899999999999,78.90599999999999,243
2026-07-09T05:25:00+00:00,78.90599999999999,78.916,78.78399999999999,78.79499999999999,265
2026-07-09T05:30:00+00:00,78.79499999999999,78.79499999999999,78.279,78.375,1678
2026-07-09T05:35:00+00:00,78.375,78.39999999999999,78.234,78.256,942
2026-07-09T05:40:00+00:00,78.256,78.29599999999999,78.136,78.201,917
2026-07-09T05:45:00+00:00,78.201,78.22099999999999,77.925,77.97999999999999,1249
2026-07-09T05:50:00+00:00,77.97999999999999,77.981,77.47,77.696,1432
2026-07-09T05:55:00+00:00,77.696,77.746,77.46499999999999,77.571,1292
2026-07-09T06:00:00+00:00,77.571,77.76599999999999,77.52,77.70599999999999,1324
2026-07-09T06:05:00+00:00,77.70599999999999,77.911,77.67599999999999,77.875,899
2026-07-09T06:10:00+00:00,77.875,78.03,77.874,77.945,648
2026-07-09T06:15:00+00:00,77.945,77.996,77.734,77.774,572
2026-07-09T06:20:00+00:00,77.774,77.814,77.609,77.654,972
2026-07-09T06:25:00+00:00,77.654,77.91,77.606,77.80499999999999,927
2026-07-09T06:30:00+00:00,77.80499999999999,77.85,77.71499999999999,77.731,544
2026-07-09T06:35:00+00:00,77.731,77.83099999999999,77.70599999999999,77.78899999999999,502
2026-07-09T06:40:00+00:00,77.78899999999999,77.80499999999999,77.631,77.661,501
2026-07-09T06:45:00+00:00,77.661,77.786,77.64,77.786,647
2026-07-09T06:50:00+00:00,77.786,77.821,77.714,77.785,424
2026-07-09T06:55:00+00:00,77.785,77.826,77.69399999999999,77.73899999999999,632
2026-07-09T07:00:00+00:00,77.73899999999999,77.829,77.56899999999999,77.696,911
2026-07-09T07:05:00+00:00,77.696,77.95599999999999,77.65599999999999,77.90899999999999,750
2026-07-09T07:10:00+00:00,77.90899999999999,78.08399999999999,77.90899999999999,78.005,1018
2026-07-09T07:15:00+00:00,78.005,78.02499999999999,77.74,77.765,742
2026-07-09T07:20:00+00:00,77.765,77.884,77.744,77.75999999999999,545
2026-07-09T07:25:00+00:00,77.75999999999999,77.79499999999999,77.529,77.571,751
2026-07-09T07:30:00+00:00,77.571,77.616,77.22,77.24499999999999,1306
2026-07-09T07:35:00+00:00,77.24499999999999,77.30999999999999,77.149,77.291,1011
2026-07-09T07:40:00+00:00,77.291,77.31099999999999,77.05,77.089,1018
2026-07-09T07:45:00+00:00,77.089,77.14,76.84899999999999,77.03399999999999,1131
2026-07-09T07:50:00+00:00,77.03399999999999,77.05,76.869,76.984,843
2026-07-09T07:55:00+00:00,76.984,77.246,76.951,77.065,1062
2026-07-09T08:00:00+00:00,77.065,77.261,77.029,77.119,1242
2026-07-09T08:05:00+00:00,77.119,77.14099999999999,76.85499999999999,76.911,915
2026-07-09T08:10:00+00:00,76.911,77.106,76.87899999999999,76.97999999999999,913
2026-07-09T08:15:00+00:00,76.97999999999999,76.97999999999999,76.714,76.761,1091
2026-07-09T08:20:00+00:00,76.761,76.86099999999999,76.71,76.81599999999999,846
2026-07-09T08:25:00+00:00,76.81599999999999,76.95599999999999,76.759,76.83099999999999,2092
2026-07-09T08:30:00+00:00,76.83099999999999,77.249,76.72999999999999,77.14399999999999,1473
2026-07-09T08:35:00+00:00,77.14399999999999,77.38499999999999,77.119,77.365,692
2026-07-09T08:40:00+00:00,77.365,77.40599999999999,77.205,77.226,790
2026-07-09T08:45:00+00:00,77.226,77.336,77.18499999999999,77.246,663
2026-07-09T08:50:00+00:00,77.246,77.271,77.08399999999999,77.15899999999999,538
2026-07-09T08:55:00+00:00,77.15899999999999,77.42099999999999,77.14399999999999,77.399,957
2026-07-09T09:00:00+00:00,77.399,77.556,77.365,77.524,980
2026-07-09T09:05:00+00:00,77.524,77.595,77.454,77.47399999999999,655
2026-07-09T09:10:00+00:00,77.47399999999999,77.536,77.339,77.36399999999999,549
2026-07-09T09:15:00+00:00,77.36399999999999,77.50999999999999,77.35,77.446,592
2026-07-09T09:20:00+00:00,77.446,77.55399999999999,77.40899999999999,77.53,381
2026-07-09T09:25:00+00:00,77.53,77.675,77.53,77.62899999999999,672
2026-07-09T09:30:00+00:00,77.62899999999999,77.69099999999999,77.54899999999999,77.69,689
2026-07-09T09:35:00+00:00,77.69,77.836,77.67899999999999,77.761,730
2026-07-09T09:40:00+00:00,77.761,78.011,77.75,77.949,989
2026-07-09T09:45:00+00:00,77.949,78.08099999999999,77.949,78.03399999999999,535
2026-07-09T09:50:00+00:00,78.03399999999999,78.059,77.829,77.97,584
2026-07-09T09:55:00+00:00,77.97,78.041,77.91999999999999,78.03,658
2026-07-09T10:00:00+00:00,78.03,78.17599999999999,78.03,78.1,564
2026-07-09T10:05:00+00:00,78.1,78.17599999999999,78.009,78.08,531
2026-07-09T10:10:00+00:00,78.08,78.21499999999999,77.92999999999999,78.115,751
2026-07-09T10:15:00+00:00,78.115,78.17599999999999,77.949,78.101,769
2026-07-09T10:20:00+00:00,78.101,78.291,78.04499999999999,78.286,507
2026-07-09T10:25:00+00:00,78.286,78.36099999999999,78.259,78.35,506
2026-07-09T10:30:00+00:00,78.35,78.44099999999999,78.335,78.335,599
2026-07-09T10:35:00+00:00,78.335,78.339,78.17899999999999,78.24499999999999,457
2026-07-09T10:40:00+00:00,78.24499999999999,78.41499999999999,78.184,78.321,572
2026-07-09T10:45:00+00:00,78.321,78.649,78.321,78.56099999999999,836
2026-07-09T10:50:00+00:00,78.56099999999999,79.131,78.56099999999999,79,1793
2026-07-09T10:55:00+00:00,79,79.19099999999999,78.79899999999999,78.814,1544
2026-07-09T11:00:00+00:00,78.814,78.856,78.47,78.616,1313
2026-07-09T11:05:00+00:00,78.616,78.791,78.494,78.67399999999999,1122
2026-07-09T11:10:00+00:00,78.67399999999999,78.67999999999999,78.461,78.576,791
2026-07-09T11:15:00+00:00,78.576,78.826,78.576,78.634,585
2026-07-09T11:20:00+00:00,78.634,78.765,78.564,78.71499999999999,769
2026-07-09T11:25:00+00:00,78.71499999999999,78.741,78.619,78.63499999999999,409
2026-07-09T11:30:00+00:00,78.63499999999999,78.77499999999999,78.53399999999999,78.55499999999999,1069
2026-07-09T11:35:00+00:00,78.55499999999999,78.63499999999999,78.44399999999999,78.44399999999999,444
2026-07-09T11:40:00+00:00,78.44399999999999,78.61099999999999,78.434,78.59599999999999,648
2026-07-09T11:45:00+00:00,78.59599999999999,78.705,78.42899999999999,78.55499999999999,830
2026-07-09T11:50:00+00:00,78.55499999999999,78.606,78.45899999999999,78.594,626
2026-07-09T11:55:00+00:00,78.594,78.61099999999999,78.455,78.544,433
2026-07-09T12:00:00+00:00,78.544,78.69099999999999,78.47399999999999,78.59599999999999,707
2026-07-09T12:05:00+00:00,78.59599999999999,78.67599999999999,78.47,78.499,683
2026-07-09T12:10:00+00:00,78.499,78.53099999999999,78.199,78.314,1000
2026-07-09T12:15:00+00:00,78.314,78.476,78.249,78.42599999999999,906
2026-07-09T12:20:00+00:00,78.42599999999999,78.431,78.31899999999999,78.365,477
2026-07-09T12:25:00+00:00,78.365,78.511,78.359,78.47399999999999,567
2026-07-09T12:30:00+00:00,78.47399999999999,78.56599999999999,78.36399999999999,78.36399999999999,852
2026-07-09T12:35:00+00:00,78.36399999999999,78.49,78.26599999999999,78.479,850
2026-07-09T12:40:00+00:00,78.479,78.67999999999999,78.46499999999999,78.63,824
2026-07-09T12:45:00+00:00,78.63,78.69999999999999,78.54499999999999,78.681,727
2026-07-09T12:50:00+00:00,78.681,78.681,78.544,78.61099999999999,809
2026-07-09T12:55:00+00:00,78.61099999999999,78.651,78.529,78.59599999999999,591
2026-07-09T13:00:00+00:00,78.59599999999999,78.65599999999999,78.36999999999999,78.39399999999999,2057
2026-07-09T13:05:00+00:00,78.39399999999999,78.615,78.204,78.225,1483
2026-07-09T13:10:00+00:00,78.225,78.28099999999999,78.04899999999999,78.065,1684
2026-07-09T13:15:00+00:00,78.065,78.06599999999999,77.649,77.675,1948
2026-07-09T13:20:00+00:00,77.675,77.90599999999999,77.669,77.824,1207
2026-07-09T13:25:00+00:00,77.824,78.00099999999999,77.78899999999999,77.93599999999999,1154
2026-07-09T13:30:00+00:00,77.93599999999999,77.991,77.61999999999999,77.741,1752
2026-07-09T13:35:00+00:00,77.741,77.80099999999999,77.64,77.66399999999999,1331
2026-07-09T13:40:00+00:00,77.66399999999999,77.734,77.40899999999999,77.51599999999999,1641
2026-07-09T13:45:00+00:00,77.51599999999999,77.576,77.439,77.50399999999999,1815
2026-07-09T13:50:00+00:00,77.50399999999999,77.69,77.476,77.55399999999999,1400
2026-07-09T13:55:00+00:00,77.55399999999999,77.556,77.33399999999999,77.36,1237
2026-07-09T14:00:00+00:00,77.36,77.481,77.17099999999999,77.419,1699
2026-07-09T14:05:00+00:00,77.419,77.521,77.08,77.27499999999999,1503
2026-07-09T14:10:00+00:00,77.27499999999999,77.3,77.08,77.131,1170
2026-07-09T14:15:00+00:00,77.131,77.20599999999999,77.064,77.091,1096
2026-07-09T14:20:00+00:00,77.091,77.216,77.01899999999999,77.131,1003
2026-07-09T14:25:00+00:00,77.131,77.26599999999999,77.1,77.235,1022
2026-07-09T14:30:00+00:00,77.235,77.246,77.02,77.024,1063
2026-07-09T14:35:00+00:00,77.024,77.36099999999999,76.97999999999999,77.219,1562
2026-07-09T14:40:00+00:00,77.219,77.42099999999999,77.20899999999999,77.35,1337
2026-07-09T14:45:00+00:00,77.35,77.615,77.28899999999999,77.58099999999999,1050
2026-07-09T14:50:00+00:00,77.58099999999999,77.594,76.829,76.899,2218
2026-07-09T14:55:00+00:00,76.899,76.996,76.78999999999999,76.88,1991
2026-07-09T15:00:00+00:00,76.88,76.97099999999999,76.78899999999999,76.889,1348
2026-07-09T15:05:00+00:00,76.889,77.00999999999999,76.83999999999999,76.969,1119
2026-07-09T15:10:00+00:00,76.969,77.03999999999999,76.92399999999999,76.981,1125
2026-07-09T15:15:00+00:00,76.981,76.981,76.729,76.875,1371
2026-07-09T15:20:00+00:00,76.875,76.89099999999999,76.779,76.791,1200
2026-07-09T15:25:00+00:00,76.791,76.83099999999999,76.661,76.779,2077
2026-07-09T15:30:00+00:00,76.779,77.02,76.73899999999999,76.901,1396
2026-07-09T15:35:00+00:00,76.901,76.966,76.71,76.726,838
2026-07-09T15:40:00+00:00,76.726,76.78,76.479,76.50099999999999,1172
2026-07-09T15:45:00+00:00,76.50099999999999,76.636,76.229,76.595,1435
2026-07-09T15:50:00+00:00,76.595,76.601,76.41999999999999,76.56099999999999,996
2026-07-09T15:55:00+00:00,76.56099999999999,76.585,76.479,76.53399999999999,755
2026-07-09T16:00:00+00:00,76.53399999999999,76.544,76.386,76.439,826
2026-07-09T16:05:00+00:00,76.439,76.541,76.369,76.53899999999999,798
2026-07-09T16:10:00+00:00,76.53899999999999,76.66499999999999,76.475,76.484,904
2026-07-09T16:15:00+00:00,76.484,76.5,76.30399999999999,76.37899999999999,861
2026-07-09T16:20:00+00:00,76.37899999999999,76.42099999999999,76.30099999999999,76.34899999999999,702
2026-07-09T16:25:00+00:00,76.34899999999999,76.451,76.214,76.28899999999999,804
2026-07-09T16:30:00+00:00,76.28899999999999,76.34599999999999,76.231,76.33399999999999,793
2026-07-09T16:35:00+00:00,76.33399999999999,76.381,76.231,76.30999999999999,805
2026-07-09T16:40:00+00:00,76.30999999999999,76.336,76.23899999999999,76.286,687
2026-07-09T16:45:00+00:00,76.286,76.291,76.16999999999999,76.22,628
2026-07-09T16:50:00+00:00,76.22,76.261,75.80099999999999,75.851,1407
2026-07-09T16:55:00+00:00,75.851,76.11099999999999,75.80499999999999,76.091,1028
2026-07-09T17:00:00+00:00,76.091,76.14099999999999,76.021,76.079,721
2026-07-09T17:05:00+00:00,76.079,76.201,76.06899999999999,76.181,527
2026-07-09T17:10:00+00:00,76.181,76.241,76.14,76.15899999999999,597
2026-07-09T17:15:00+00:00,76.15899999999999,76.216,76.03099999999999,76.03899999999999,580
2026-07-09T17:20:00+00:00,76.03899999999999,76.086,75.98899999999999,76.03399999999999,500
2026-07-09T17:25:00+00:00,76.03399999999999,76.06099999999999,75.89099999999999,75.92899999999999,547
2026-07-09T17:30:00+00:00,75.92899999999999,75.991,75.81899999999999,75.841,563
2026-07-09T17:35:00+00:00,75.841,75.841,75.52,75.649,1342
2026-07-09T17:40:00+00:00,75.649,75.764,75.649,75.67099999999999,804
2026-07-09T17:45:00+00:00,75.67099999999999,75.756,75.61399999999999,75.64099999999999,540
2026-07-09T17:50:00+00:00,75.64099999999999,75.70599999999999,75.579,75.704,648
2026-07-09T17:55:00+00:00,75.704,75.80099999999999,75.574,75.61999999999999,832
2026-07-09T18:00:00+00:00,75.61999999999999,75.714,75.51899999999999,75.68599999999999,703
2026-07-09T18:05:00+00:00,75.68599999999999,75.76599999999999,75.62899999999999,75.62899999999999,771
2026-07-09T18:10:00+00:00,75.62899999999999,75.81099999999999,75.609,75.774,775
2026-07-09T18:15:00+00:00,75.774,76.121,75.774,76.11399999999999,1247
2026-07-09T18:20:00+00:00,76.11399999999999,76.411,76.109,76.41,1903
2026-07-09T18:25:00+00:00,76.41,76.41999999999999,76.11999999999999,76.231,2290
2026-07-09T18:30:00+00:00,76.231,76.261,76.021,76.115,922
2026-07-09T18:35:00+00:00,76.115,76.131,76.029,76.04499999999999,563
2026-07-09T18:40:00+00:00,76.04499999999999,76.08099999999999,75.851,75.93599999999999,922
2026-07-09T18:45:00+00:00,75.93599999999999,76.071,75.93499999999999,76.02,476
2026-07-09T18:50:00+00:00,76.02,76.04599999999999,75.916,75.95599999999999,547
2026-07-09T18:55:00+00:00,75.95599999999999,75.95599999999999,75.749,75.78,520
2026-07-09T19:00:00+00:00,75.78,75.80499999999999,75.62899999999999,75.719,645
2026-07-09T19:05:00+00:00,75.719,75.841,75.714,75.80099999999999,388
2026-07-09T19:10:00+00:00,75.80099999999999,75.841,75.774,75.8,275
2026-07-09T19:15:00+00:00,75.8,75.836,75.779,75.791,156
2026-07-09T19:20:00+00:00,75.791,75.851,75.76899999999999,75.844,188
2026-07-09T19:25:00+00:00,75.844,75.901,75.815,75.89,363
2026-07-09T19:30:00+00:00,75.89,76.005,75.874,75.925,310
2026-07-09T19:35:00+00:00,75.925,76.006,75.925,75.94399999999999,190
2026-07-09T19:40:00+00:00,75.94399999999999,76.041,75.934,76.024,242
2026-07-09T19:45:00+00:00,76.024,76.06599999999999,76.009,76.05399999999999,208
2026-07-09T19:50:00+00:00,76.05399999999999,76.07499999999999,75.95899999999999,76,288
2026-07-09T19:55:00+00:00,76,76.05099999999999,75.98899999999999,76.05099999999999,301
2026-07-09T20:00:00+00:00,76.05099999999999,76.089,76.00399999999999,76.014,260
2026-07-09T20:05:00+00:00,76.014,76.014,75.83999999999999,75.86999999999999,312
2026-07-09T20:10:00+00:00,75.86999999999999,75.981,75.814,75.89999999999999,286
2026-07-09T20:15:00+00:00,75.89999999999999,75.999,75.89999999999999,75.954,265
2026-07-09T20:20:00+00:00,75.954,75.97099999999999,75.91399999999999,75.95599999999999,146
2026-07-09T20:25:00+00:00,75.95599999999999,76.03899999999999,75.934,75.999,244
2026-07-09T20:30:00+00:00,75.999,76.086,75.994,75.994,271
2026-07-09T20:35:00+00:00,75.994,76.02499999999999,75.925,75.94999999999999,259
2026-07-09T20:40:00+00:00,75.94999999999999,76.05099999999999,75.92899999999999,76.029,256
2026-07-09T20:45:00+00:00,76.029,76.05399999999999,75.984,75.99499999999999,348
2026-07-09T20:50:00+00:00,75.99499999999999,75.996,75.925,75.97099999999999,291
2026-07-09T20:55:00+00:00,75.97099999999999,76.035,75.934,76.03,355
2026-07-10T00:00:00+00:00,76.03,76.089,75.93499999999999,75.994,206.188687715098
2026-07-10T00:05:00+00:00,75.994,76.101,75.994,76.085,178
2026-07-10T00:10:00+00:00,76.085,76.086,75.994,76.01599999999999,183
2026-07-10T00:15:00+00:00,76.01599999999999,76.021,75.93499999999999,75.984,186
2026-07-10T00:20:00+00:00,75.984,76.06599999999999,75.97399999999999,76.014,149
2026-07-10T00:25:00+00:00,76.014,76.02,75.91399999999999,75.975,179
2026-07-10T00:30:00+00:00,75.975,76.07,75.975,76.05399999999999,149
2026-07-10T00:35:00+00:00,76.05399999999999,76.05499999999999,75.97999999999999,76.03,104
2026-07-10T00:40:00+00:00,76.03,76.071,76.021,76.05499999999999,129
2026-07-10T00:45:00+00:00,76.05499999999999,76.11099999999999,76.005,76.095,122
2026-07-10T00:50:00+00:00,76.095,76.121,76.074,76.10499999999999,101
2026-07-10T00:55:00+00:00,76.10499999999999,76.136,76.04899999999999,76.095,157
2026-07-10T01:00:00+00:00,76.095,76.241,75.854,75.964,938
2026-07-10T01:05:00+00:00,75.964,76.166,75.91399999999999,76.166,546
2026-07-10T01:10:00+00:00,76.166,76.231,76.065,76.06599999999999,380
2026-07-10T01:15:00+00:00,76.06599999999999,76.255,76.064,76.229,420
2026-07-10T01:20:00+00:00,76.229,76.336,76.16499999999999,76.17399999999999,386
2026-07-10T01:25:00+00:00,76.17399999999999,76.234,76.14,76.226,369
2026-07-10T01:30:00+00:00,76.226,76.27,76.12899999999999,76.20599999999999,412
2026-07-10T01:35:00+00:00,76.20599999999999,76.276,76.19399999999999,76.216,309
2026-07-10T01:40:00+00:00,76.216,76.291,76.166,76.286,429
2026-07-10T01:45:00+00:00,76.286,76.326,76.22399999999999,76.309,335
2026-07-10T01:50:00+00:00,76.309,76.34599999999999,76.214,76.25399999999999,346
2026-07-10T01:55:00+00:00,76.25399999999999,76.326,76.214,76.294,308
2026-07-10T02:00:00+00:00,76.294,76.31099999999999,76.264,76.286,242
2026-07-10T02:05:00+00:00,76.286,76.381,76.22399999999999,76.33399999999999,317
2026-07-10T02:10:00+00:00,76.33399999999999,76.381,76.29899999999999,76.324,286
2026-07-10T02:15:00+00:00,76.324,76.335,76.261,76.29499999999999,147
2026-07-10T02:20:00+00:00,76.29499999999999,76.416,76.29499999999999,76.416,147
2026-07-10T02:25:00+00:00,76.416,76.46,76.39999999999999,76.43499999999999,153
2026-07-10T02:30:00+00:00,76.43499999999999,76.49,76.405,76.464,294
2026-07-10T02:35:00+00:00,76.464,76.464,76.33399999999999,76.365,276
2026-07-10T02:40:00+00:00,76.365,76.451,76.33399999999999,76.411,278
2026-07-10T02:45:00+00:00,76.411,76.48599999999999,76.375,76.48599999999999,260
2026-07-10T02:50:00+00:00,76.48599999999999,76.56099999999999,76.44999999999999,76.514,200
2026-07-10T02:55:00+00:00,76.514,76.53099999999999,76.47399999999999,76.496,190
2026-07-10T03:00:00+00:00,76.496,76.536,76.34899999999999,76.384,278
2026-07-10T03:05:00+00:00,76.384,76.40599999999999,76.309,76.37599999999999,264
2026-07-10T03:10:00+00:00,76.37599999999999,76.45599999999999,76.36,76.431,190
2026-07-10T03:15:00+00:00,76.431,76.45599999999999,76.404,76.434,189
2026-07-10T03:20:00+00:00,76.434,76.50099999999999,76.40899999999999,76.42999999999999,209
2026-07-10T03:25:00+00:00,76.42999999999999,76.45599999999999,76.39399999999999,76.425,199
2026-07-10T03:30:00+00:00,76.425,76.44099999999999,76.375,76.434,121
2026-07-10T03:35:00+00:00,76.434,76.536,76.434,76.51599999999999,150
2026-07-10T03:40:00+00:00,76.51599999999999,76.51599999999999,76.454,76.466,147
2026-07-10T03:45:00+00:00,76.466,76.491,76.454,76.479,93
2026-07-10T03:50:00+00:00,76.479,76.54499999999999,76.464,76.53399999999999,93
2026-07-10T03:55:00+00:00,76.53399999999999,76.59599999999999,76.529,76.595,97
2026-07-10T04:00:00+00:00,76.595,76.621,76.544,76.556,135
2026-07-10T04:05:00+00:00,76.556,76.631,76.54899999999999,76.60499999999999,105
2026-07-10T04:10:00+00:00,76.60499999999999,76.67899999999999,76.595,76.619,99
2026-07-10T04:15:00+00:00,76.619,76.786,76.606,76.716,185
2026-07-10T04:20:00+00:00,76.716,76.759,76.689,76.756,82
2026-07-10T04:25:00+00:00,76.756,76.776,76.67899999999999,76.67999999999999,233
2026-07-10T04:30:00+00:00,76.67999999999999,76.68599999999999,76.634,76.66399999999999,142
2026-07-10T04:35:00+00:00,76.66399999999999,76.66399999999999,76.589,76.595,177
2026-07-10T04:40:00+00:00,76.595,76.606,76.445,76.469,358
2026-07-10T04:45:00+00:00,76.469,76.526,76.454,76.505,208
2026-07-10T04:50:00+00:00,76.505,76.51599999999999,76.39,76.425,202
2026-07-10T04:55:00+00:00,76.425,76.484,76.404,76.47399999999999,219
2026-07-10T05:00:00+00:00,76.47399999999999,76.591,76.47,76.58399999999999,277
2026-07-10T05:05:00+00:00,76.58399999999999,76.586,76.506,76.53099999999999,187
2026-07-10T05:10:00+00:00,76.53099999999999,76.586,76.524,76.544,212
2026-07-10T05:15:00+00:00,76.544,76.556,76.494,76.515,135
2026-07-10T05:20:00+00:00,76.515,76.51599999999999,76.454,76.50399999999999,196
2026-07-10T05:25:00+00:00,76.50399999999999,76.51599999999999,76.454,76.476,192
2026-07-10T05:30:00+00:00,76.476,76.544,76.384,76.535,569
2026-07-10T05:35:00+00:00,76.535,76.58999999999999,76.494,76.57499999999999,424
2026-07-10T05:40:00+00:00,76.57499999999999,76.59599999999999,76.53399999999999,76.576,297
2026-07-10T05:45:00+00:00,76.576,76.576,76.41499999999999,76.44,360
2026-07-10T05:50:00+00:00,76.44,76.44999999999999,76.24499999999999,76.29599999999999,505
2026-07-10T05:55:00+00:00,76.29599999999999,76.386,76.169,76.374,530
2026-07-10T06:00:00+00:00,76.374,76.40599999999999,76.11399999999999,76.16399999999999,881
2026-07-10T06:05:00+00:00,76.16399999999999,76.19099999999999,76.104,76.154,509
2026-07-10T06:10:00+00:00,76.154,76.18599999999999,76.05,76.064,411
2026-07-10T06:15:00+00:00,76.064,76.145,75.90899999999999,76.044,774
2026-07-10T06:20:00+00:00,76.044,76.13499999999999,75.91499999999999,75.966,550
2026-07-10T06:25:00+00:00,75.966,76.076,75.964,75.996,389
2026-07-10T06:30:00+00:00,75.996,76.24,75.984,76.235,553
2026-07-10T06:35:00+00:00,76.235,76.241,76.155,76.22999999999999,447
2026-07-10T06:40:00+00:00,76.22999999999999,76.40599999999999,76.199,76.395,432
2026-07-10T06:45:00+00:00,76.395,76.40899999999999,76.24499999999999,76.25,503
2026-07-10T06:50:00+00:00,76.25,76.31099999999999,76.14399999999999,76.175,595
2026-07-10T06:55:00+00:00,76.175,76.214,76.119,76.154,504
2026-07-10T07:00:00+00:00,76.154,76.19099999999999,75.97399999999999,76.04899999999999,939
2026-07-10T07:05:00+00:00,76.04899999999999,76.15599999999999,75.994,76.05099999999999,525
2026-07-10T07:10:00+00:00,76.05099999999999,76.14,75.839,75.865,778
2026-07-10T07:15:00+00:00,75.865,75.92599999999999,75.619,75.61999999999999,965
2026-07-10T07:20:00+00:00,75.61999999999999,75.655,75.565,75.61399999999999,597
2026-07-10T07:25:00+00:00,75.61399999999999,75.75099999999999,75.559,75.675,719
2026-07-10T07:30:00+00:00,75.675,75.761,75.48899999999999,75.52,716
2026-07-10T07:35:00+00:00,75.52,75.636,75.399,75.42599999999999,754
2026-07-10T07:40:00+00:00,75.42599999999999,75.58099999999999,75.42399999999999,75.51899999999999,734
2026-07-10T07:45:00+00:00,75.51899999999999,75.661,75.484,75.53899999999999,731
2026-07-10T07:50:00+00:00,75.53899999999999,75.726,75.53399999999999,75.699,697
2026-07-10T07:55:00+00:00,75.699,75.791,75.64999999999999,75.72,752
2026-07-10T08:00:00+00:00,75.72,75.756,75.30399999999999,75.419,1725
2026-07-10T08:05:00+00:00,75.419,75.61099999999999,75.309,75.366,1009
2026-07-10T08:10:00+00:00,75.366,75.511,75.29899999999999,75.505,956
2026-07-10T08:15:00+00:00,75.505,75.63,75.464,75.594,1114
2026-07-10T08:20:00+00:00,75.594,75.756,75.585,75.69,1094
2026-07-10T08:25:00+00:00,75.69,75.83099999999999,75.649,75.82,2207
2026-07-10T08:30:00+00:00,75.82,76.15599999999999,75.794,76.05999999999999,1356
2026-07-10T08:35:00+00:00,76.05999999999999,76.31899999999999,76.01899999999999,76.291,1159
2026-07-10T08:40:00+00:00,76.291,76.341,76.064,76.091,1083
2026-07-10T08:45:00+00:00,76.091,76.25,76.00999999999999,76.03899999999999,923
2026-07-10T08:50:00+00:00,76.03899999999999,76.306,76.03899999999999,76.235,870
2026-07-10T08:55:00+00:00,76.235,76.26599999999999,76.03899999999999,76.116,923
2026-07-10T09:00:00+00:00,76.116,76.23599999999999,76.059,76.214,919
2026-07-10T09:05:00+00:00,76.214,76.28899999999999,76.06899999999999,76.07,698
2026-07-10T09:10:00+00:00,76.07,76.08099999999999,75.809,75.87599999999999,916
2026-07-10T09:15:00+00:00,75.87599999999999,75.89099999999999,75.684,75.71499999999999,1061
2026-07-10T09:20:00+00:00,75.71499999999999,75.991,75.714,75.836,744
2026-07-10T09:25:00+00:00,75.836,75.93599999999999,75.78899999999999,75.814,718
2026-07-10T09:30:00+00:00,75.814,75.93599999999999,75.71,75.92599999999999,805
2026-07-10T09:35:00+00:00,75.92599999999999,76.14099999999999,75.91399999999999,75.996,797
2026-07-10T09:40:00+00:00,75.996,76.10499999999999,75.976,76.05499999999999,569
2026-07-10T09:45:00+00:00,76.05499999999999,76.145,76.024,76.09599999999999,544
2026-07-10T09:50:00+00:00,76.09599999999999,76.121,76.05399999999999,76.094,414
2026-07-10T09:55:00+00:00,76.094,76.106,75.93499999999999,76.041,519
2026-07-10T10:00:00+00:00,76.041,76.151,75.984,76.08099999999999,783
2026-07-10T10:05:00+00:00,76.08099999999999,76.19099999999999,75.984,76.134,614
2026-07-10T10:10:00+00:00,76.134,76.19099999999999,76.059,76.15899999999999,498
2026-07-10T10:15:00+00:00,76.15899999999999,76.19099999999999,76.064,76.166,345
2026-07-10T10:20:00+00:00,76.166,76.19099999999999,76.08399999999999,76.11099999999999,372
2026-07-10T10:25:00+00:00,76.11099999999999,76.16999999999999,76.091,76.161,255
2026-07-10T10:30:00+00:00,76.161,76.19099999999999,76.11,76.166,338
2026-07-10T10:35:00+00:00,76.166,76.181,76.11399999999999,76.14399999999999,290
2026-07-10T10:40:00+00:00,76.14399999999999,76.161,76.08399999999999,76.131,317
2026-07-10T10:45:00+00:00,76.131,76.42099999999999,76.109,76.351,666
2026-07-10T10:50:00+00:00,76.351,76.511,76.309,76.455,480
2026-07-10T10:55:00+00:00,76.455,76.50099999999999,76.395,76.46499999999999,488
2026-07-10T11:00:00+00:00,76.46499999999999,76.526,76.39399999999999,76.475,817
2026-07-10T11:05:00+00:00,76.475,76.506,76.399,76.464,463
2026-07-10T11:10:00+00:00,76.464,76.56099999999999,76.40899999999999,76.505,585
2026-07-10T11:15:00+00:00,76.505,76.621,76.479,76.594,644
2026-07-10T11:20:00+00:00,76.594,76.651,76.51899999999999,76.585,589
2026-07-10T11:25:00+00:00,76.585,76.826,76.579,76.776,1122
2026-07-10T11:30:00+00:00,76.776,76.919,76.764,76.86399999999999,1091
2026-07-10T11:35:00+00:00,76.86399999999999,76.896,76.78899999999999,76.875,618
2026-07-10T11:40:00+00:00,76.875,76.881,76.75399999999999,76.856,628
2026-07-10T11:45:00+00:00,76.856,76.871,76.774,76.785,539
2026-07-10T11:50:00+00:00,76.785,77.04599999999999,76.78399999999999,77.044,702
2026-07-10T11:55:00+00:00,77.044,77.07499999999999,76.945,76.955,815
2026-07-10T12:00:00+00:00,76.955,77.08399999999999,76.854,76.99,858
2026-07-10T12:05:00+00:00,76.99,77.076,76.82499999999999,76.829,1097
2026-07-10T12:10:00+00:00,76.829,76.83099999999999,75.719,76.17599999999999,3970
2026-07-10T12:15:00+00:00,76.17599999999999,76.511,76.07499999999999,76.47399999999999,2340
2026-07-10T12:20:00+00:00,76.47399999999999,76.53099999999999,76.405,76.419,1129
2026-07-10T12:25:00+00:00,76.419,76.521,76.389,76.395,888
2026-07-10T12:30:00+00:00,76.395,76.616,76.389,76.606,760
2026-07-10T12:35:00+00:00,76.606,76.67099999999999,76.574,76.585,754
2026-07-10T12:40:00+00:00,76.585,76.63499999999999,76.535,76.606,670
2026-07-10T12:45:00+00:00,76.606,76.666,76.494,76.636,745
2026-07-10T12:50:00+00:00,76.636,76.65599999999999,76.44399999999999,76.47999999999999,887
2026-07-10T12:55:00+00:00,76.47999999999999,76.55099999999999,76.285,76.30499999999999,1151
2026-07-10T13:00:00+00:00,76.30499999999999,76.496,76.28,76.39099999999999,1400
2026-07-10T13:05:00+00:00,76.39099999999999,76.40599999999999,76.16999999999999,76.306,923
2026-07-10T13:10:00+00:00,76.306,76.386,76.264,76.35,756
2026-07-10T13:15:00+00:00,76.35,76.65599999999999,76.34599999999999,76.591,959
2026-07-10T13:20:00+00:00,76.591,76.59599999999999,76.359,76.42599999999999,858
2026-07-10T13:25:00+00:00,76.42599999999999,76.446,76.374,76.404,668
2026-07-10T13:30:00+00:00,76.404,76.50099999999999,76.255,76.399,1579
2026-07-10T13:35:00+00:00,76.399,76.506,76.17899999999999,76.234,1521
2026-07-10T13:40:00+00:00,76.234,76.24499999999999,76.044,76.089,1549
2026-07-10T13:45:00+00:00,76.089,76.199,76.03,76.11099999999999,1221
2026-07-10T13:50:00+00:00,76.11099999999999,76.201,75.969,76.041,1173
2026-07-10T13:55:00+00:00,76.041,76.146,75.86099999999999,75.934,1492
2026-07-10T14:00:00+00:00,75.934,76.06099999999999,75.905,76.00999999999999,1162
2026-07-10T14:05:00+00:00,76.00999999999999,76.151,75.984,76.08399999999999,1588
2026-07-10T14:10:00+00:00,76.08399999999999,76.201,76.024,76.17599999999999,840
2026-07-10T14:15:00+00:00,76.17599999999999,76.231,76.08399999999999,76.1,968
2026-07-10T14:20:00+00:00,76.1,76.25099999999999,76.05999999999999,76.134,1016
2026-07-10T14:25:00+00:00,76.134,76.216,76.08999999999999,76.1,807
2026-07-10T14:30:00+00:00,76.1,77.461,75.83399999999999,76.509,5826
2026-07-10T14:35:00+00:00,76.509,76.55099999999999,76.25099999999999,76.42899999999999,5524
2026-07-10T14:40:00+00:00,76.42899999999999,76.51599999999999,76.199,76.43599999999999,2738
2026-07-10T14:45:00+00:00,76.43599999999999,76.491,76.199,76.321,1698
2026-07-10T14:50:00+00:00,76.321,76.42999999999999,76.234,76.27,1470
2026-07-10T14:55:00+00:00,76.27,76.36099999999999,76.229,76.34899999999999,1232
2026-07-10T15:00:00+00:00,76.34899999999999,76.351,75.951,76.076,1970
2026-07-10T15:05:00+00:00,76.076,76.076,75.884,75.991,1562
2026-07-10T15:10:00+00:00,75.991,76.01599999999999,75.73899999999999,75.826,1500
2026-07-10T15:15:00+00:00,75.826,75.851,75.684,75.78,1623
2026-07-10T15:20:00+00:00,75.78,75.961,75.59899999999999,75.69999999999999,1788
2026-07-10T15:25:00+00:00,75.69999999999999,75.761,75.57,75.74499999999999,2498
2026-07-10T15:30:00+00:00,75.74499999999999,75.836,75.589,75.61099999999999,1534
2026-07-10T15:35:00+00:00,75.61099999999999,75.62599999999999,75.451,75.58399999999999,1269
2026-07-10T15:40:00+00:00,75.58399999999999,75.65899999999999,75.49,75.64399999999999,939.3393009694313
2026-07-10T15:45:00+00:00,75.64399999999999,75.67499999999998,75.52299999999998,75.55799999999998,914
2026-07-10T15:50:00+00:00,75.55799999999998,75.55799999999998,75.24399999999999,75.34799999999998,1232
2026-07-10T15:55:00+00:00,75.34799999999998,75.49899999999998,75.30299999999998,75.46899999999998,1168
2026-07-10T16:00:00+00:00,75.46899999999998,75.68399999999998,75.46299999999998,75.68299999999998,1013
2026-07-10T16:05:00+00:00,75.68299999999998,75.77999999999999,75.59999999999998,75.64799999999998,1132
2026-07-10T16:10:00+00:00,75.64799999999998,75.89899999999999,75.60799999999999,75.69299999999998,1420
2026-07-10T16:15:00+00:00,75.69299999999998,75.77499999999999,75.66299999999998,75.73499999999999,683
2026-07-10T16:20:00+00:00,75.73499999999999,75.79999999999998,75.62299999999999,75.67999999999998,648
2026-07-10T16:25:00+00:00,75.67999999999998,75.70399999999998,75.61799999999998,75.67799999999998,725
2026-07-10T16:30:00+00:00,75.67799999999998,75.72999999999999,75.57399999999998,75.66499999999999,651
2026-07-10T16:35:00+00:00,75.66499999999999,75.70999999999998,75.57399999999998,75.67999999999998,689
2026-07-10T16:40:00+00:00,75.67999999999998,75.71499999999999,75.55899999999998,75.60399999999998,517
2026-07-10T16:45:00+00:00,75.60399999999998,75.60399999999998,75.46299999999998,75.49799999999999,683
2026-07-10T16:50:00+00:00,75.49799999999999,75.62999999999998,75.43799999999999,75.53499999999998,724
2026-07-10T16:55:00+00:00,75.53499999999998,75.53999999999999,75.44299999999998,75.52999999999999,534
2026-07-10T17:00:00+00:00,75.52999999999999,75.56499999999998,75.50299999999999,75.56399999999998,535
2026-07-10T17:05:00+00:00,75.56399999999998,75.72499999999998,75.53299999999999,75.68299999999998,580
2026-07-10T17:10:00+00:00,75.68299999999998,75.76499999999999,75.57899999999998,75.74899999999998,822
2026-07-10T17:15:00+00:00,75.74899999999998,75.84399999999998,75.68799999999999,75.72399999999999,764
2026-07-10T17:20:00+00:00,75.72399999999999,75.76399999999998,75.67799999999998,75.73399999999998,473
2026-07-10T17:25:00+00:00,75.73399999999998,75.78499999999998,75.71899999999998,75.72299999999998,459
2026-07-10T17:30:00+00:00,75.72299999999998,75.76999999999998,75.65299999999999,75.72799999999998,703
2026-07-10T17:35:00+00:00,75.72799999999998,75.85499999999999,75.70299999999999,75.82299999999998,595
2026-07-10T17:40:00+00:00,75.82299999999998,75.85999999999999,75.75399999999999,75.79799999999999,815
2026-07-10T17:45:00+00:00,75.79799999999999,75.82299999999998,75.72399999999999,75.76799999999999,641
2026-07-10T17:50:00+00:00,75.76799999999999,75.79999999999998,75.67299999999999,75.70499999999998,575
2026-07-10T17:55:00+00:00,75.70499999999998,75.83499999999998,75.63299999999998,75.81399999999998,798
2026-07-10T18:00:00+00:00,75.81399999999998,75.85499999999999,75.75299999999999,75.80899999999998,790
2026-07-10T18:05:00+00:00,75.80899999999998,75.87499999999999,75.77399999999999,75.84999999999998,703
2026-07-10T18:10:00+00:00,75.84999999999998,75.84999999999998,75.64799999999998,75.78799999999998,1091
2026-07-10T18:15:00+00:00,75.78799999999998,76.01499999999999,75.74399999999999,75.84299999999999,1130
2026-07-10T18:20:00+00:00,75.84299999999999,75.88999999999999,75.78299999999999,75.85799999999999,937
2026-07-10T18:25:00+00:00,75.85799999999999,76.03799999999998,75.67999999999998,75.95499999999998,2107
2026-07-10T18:30:00+00:00,75.95499999999998,76.07999999999998,75.91299999999998,75.92999999999998,880
2026-07-10T18:35:00+00:00,75.92999999999998,76.06999999999998,75.92399999999998,76.03799999999998,623
2026-07-10T18:40:00+00:00,76.03799999999998,76.09499999999998,76.02299999999998,76.07499999999999,351
2026-07-10T18:45:00+00:00,76.07499999999999,76.07499999999999,76.03499999999998,76.04299999999998,407
2026-07-10T18:50:00+00:00,76.04299999999998,76.05499999999998,76.01499999999999,76.02399999999999,185
2026-07-10T18:55:00+00:00,76.02399999999999,76.07999999999998,76.02299999999998,76.05899999999998,220
2026-07-10T19:00:00+00:00,76.05899999999998,76.07499999999999,76.02299999999998,76.02799999999999,167
2026-07-10T19:05:00+00:00,76.02799999999999,76.03999999999999,76.00799999999998,76.02499999999999,105
2026-07-10T19:10:00+00:00,76.02499999999999,76.04499999999999,76.00299999999999,76.01299999999999,103
2026-07-10T19:15:00+00:00,76.01299999999999,76.10499999999999,75.95299999999999,76.08899999999998,256
2026-07-10T19:20:00+00:00,76.08899999999998,76.12499999999999,76.02299999999998,76.04499999999999,401
2026-07-10T19:25:00+00:00,76.04499999999999,76.11899999999999,76.03499999999998,76.04799999999999,248
2026-07-10T19:30:00+00:00,76.04799999999999,76.06499999999998,75.85299999999998,75.98799999999999,503
2026-07-10T19:35:00+00:00,75.98799999999999,76.01899999999999,75.94399999999999,76.01899999999999,179
2026-07-10T19:40:00+00:00,76.01899999999999,76.10499999999999,75.99799999999999,76.04999999999998,240
2026-07-10T19:45:00+00:00,76.04999999999998,76.07399999999998,76.00799999999998,76.01799999999999,125
2026-07-10T19:50:00+00:00,76.01799999999999,76.03499999999998,76.00799999999998,76.02899999999998,137
2026-07-10T19:55:00+00:00,76.02899999999998,76.03499999999998,75.97299999999998,75.98499999999999,203
2026-07-10T20:00:00+00:00,75.98499999999999,75.98499999999999,75.91299999999998,75.92999999999998,238
2026-07-10T20:05:00+00:00,75.92999999999998,75.98499999999999,75.91799999999998,75.97799999999998,213
2026-07-10T20:10:00+00:00,75.97799999999998,75.97999999999999,75.95799999999998,75.96999999999998,189
2026-07-10T20:15:00+00:00,75.96999999999998,75.99499999999999,75.96799999999999,75.97799999999998,139
2026-07-10T20:20:00+00:00,75.97799999999998,75.98299999999999,75.95299999999999,75.96499999999999,101
2026-07-10T20:25:00+00:00,75.96499999999999,75.97299999999998,75.93299999999998,75.94299999999998,324
2026-07-10T20:30:00+00:00,75.94299999999998,76.03299999999999,75.94299999999998,75.98899999999999,201
2026-07-10T20:35:00+00:00,75.98899999999999,75.99999999999999,75.91299999999998,75.92799999999998,222
2026-07-10T20:40:00+00:00,75.92799999999998,75.93499999999999,75.90399999999998,75.92799999999998,90
2026-07-13T00:00:00+00:00,75.92799999999998,78.43499999999999,75.86299999999999,78.40999999999998,200.07319461444308
2026-07-13T00:05:00+00:00,78.40999999999998,78.47899999999998,78.39299999999999,78.45299999999999,222
2026-07-13T00:10:00+00:00,78.45299999999999,78.52999999999999,78.41299999999998,78.52999999999999,185
2026-07-13T00:15:00+00:00,78.52999999999999,78.76999999999998,78.52299999999998,78.65999999999998,297
2026-07-13T00:20:00+00:00,78.65999999999998,78.65999999999998,78.53299999999999,78.53299999999999,184
2026-07-13T00:25:00+00:00,78.53299999999999,78.55999999999999,78.50799999999998,78.51299999999999,149
2026-07-13T00:30:00+00:00,78.51299999999999,78.71999999999998,78.49999999999999,78.69899999999998,199
2026-07-13T00:35:00+00:00,78.69899999999998,78.77999999999999,78.62899999999999,78.77299999999998,177
2026-07-13T00:40:00+00:00,78.77299999999998,79.02999999999999,78.75799999999998,78.93399999999998,545
2026-07-13T00:45:00+00:00,78.93399999999998,78.945,78.79399999999998,78.79899999999999,282
2026-07-13T00:50:00+00:00,78.79899999999999,79.03399999999999,78.75899999999999,78.87299999999999,327
2026-07-13T00:55:00+00:00,78.87299999999999,78.91399999999999,78.76799999999999,78.823,391
2026-07-13T01:00:00+00:00,78.823,79.01999999999998,78.76299999999999,78.89799999999998,1476
2026-07-13T01:05:00+00:00,78.89799999999998,79.04499999999999,78.79899999999999,79.03299999999999,841
2026-07-13T01:10:00+00:00,79.03299999999999,79.05799999999999,78.85799999999999,78.93299999999999,637
2026-07-13T01:15:00+00:00,78.93299999999999,78.96399999999998,78.81299999999999,78.86299999999999,600
2026-07-13T01:20:00+00:00,78.86299999999999,79.27799999999999,78.86299999999999,79.18799999999999,890
2026-07-13T01:25:00+00:00,79.18799999999999,79.189,78.90299999999999,78.954,634
2026-07-13T01:30:00+00:00,78.954,79.28999999999999,78.95299999999999,79.22899999999998,782
2026-07-13T01:35:00+00:00,79.22899999999998,79.30499999999999,79.02299999999998,79.07499999999999,560
2026-07-13T01:40:00+00:00,79.07499999999999,79.16999999999999,79.04399999999998,79.13299999999998,449
2026-07-13T01:45:00+00:00,79.13299999999998,79.20499999999998,79.088,79.17899999999999,399
2026-07-13T01:50:00+00:00,79.17899999999999,79.22399999999999,79.09299999999999,79.12299999999999,422
2026-07-13T01:55:00+00:00,79.12299999999999,79.14999999999999,79.00799999999998,79.01399999999998,325
2026-07-13T02:00:00+00:00,79.01399999999998,79.13399999999999,78.97299999999998,79.09499999999998,568
2026-07-13T02:05:00+00:00,79.09499999999998,79.115,78.94299999999998,79.01999999999998,707
2026-07-13T02:10:00+00:00,79.01999999999998,79.07999999999998,78.963,79.06499999999998,575
2026-07-13T02:15:00+00:00,79.06499999999998,79.20499999999998,79.06299999999999,79.15899999999999,263
2026-07-13T02:20:00+00:00,79.15899999999999,79.26399999999998,79.15899999999999,79.16399999999999,203
2026-07-13T02:25:00+00:00,79.16399999999999,79.21,79.14299999999999,79.16299999999998,232
2026-07-13T02:30:00+00:00,79.16299999999998,79.17399999999999,78.87799999999999,78.89799999999998,881
2026-07-13T02:35:00+00:00,78.89799999999998,78.93499999999999,78.749,78.88899999999998,908
2026-07-13T02:40:00+00:00,78.88899999999998,78.999,78.86399999999999,78.92299999999999,368
2026-07-13T02:45:00+00:00,78.92299999999999,78.93499999999999,78.79299999999999,78.81899999999999,426
2026-07-13T02:50:00+00:00,78.81899999999999,78.984,78.81899999999999,78.939,346
2026-07-13T02:55:00+00:00,78.939,78.939,78.80299999999998,78.90999999999998,477
2026-07-13T03:00:00+00:00,78.90999999999998,79.02999999999999,78.874,79.02299999999998,369
2026-07-13T03:05:00+00:00,79.02299999999998,79.06899999999999,78.954,79.03399999999999,250
2026-07-13T03:10:00+00:00,79.03399999999999,79.07999999999998,78.99,79.03899999999999,184
2026-07-13T03:15:00+00:00,79.03899999999999,79.09499999999998,79.01399999999998,79.05399999999999,235
2026-07-13T03:20:00+00:00,79.05399999999999,79.09499999999998,78.96399999999998,79.02899999999998,274
2026-07-13T03:25:00+00:00,79.02899999999998,79.03499999999998,78.95299999999999,78.96499999999999,208
2026-07-13T03:30:00+00:00,78.96499999999999,78.96499999999999,78.823,78.90499999999999,462
2026-07-13T03:35:00+00:00,78.90499999999999,79.05499999999999,78.88299999999998,78.95799999999998,267
2026-07-13T03:40:00+00:00,78.95799999999998,79.04899999999999,78.95299999999999,79.02499999999999,120
2026-07-13T03:45:00+00:00,79.02499999999999,79.02499999999999,78.90299999999999,78.963,160
2026-07-13T03:50:00+00:00,78.963,79.01899999999999,78.88799999999999,79.00799999999998,134
2026-07-13T03:55:00+00:00,79.00799999999998,79.00799999999998,78.98799999999999,78.993,86
2026-07-13T04:00:00+00:00,78.993,79.06499999999998,78.97299999999998,79.03999999999999,164
2026-07-13T04:05:00+00:00,79.03999999999999,79.05299999999998,78.98499999999999,79.01299999999999,107
2026-07-13T04:10:00+00:00,79.01299999999999,79.03999999999999,78.999,79.02499999999999,96
2026-07-13T04:15:00+00:00,79.02499999999999,79.08999999999999,79.02299999999998,79.04499999999999,80
2026-07-13T04:20:00+00:00,79.04499999999999,79.131,79.04499999999999,79.076,48
2026-07-13T04:25:00+00:00,79.076,79.119,79.025,79.075,218
2026-07-13T04:30:00+00:00,79.075,79.131,79.049,79.124,136
2026-07-13T04:35:00+00:00,79.124,79.146,79.106,79.121,128
2026-07-13T04:40:00+00:00,79.121,79.225,79.114,79.175,150
2026-07-13T04:45:00+00:00,79.175,79.231,79.175,79.221,100
2026-07-13T04:50:00+00:00,79.221,79.231,79.194,79.216,135
2026-07-13T04:55:00+00:00,79.216,79.256,79.214,79.239,116
2026-07-13T05:00:00+00:00,79.239,79.266,79.214,79.259,92
2026-07-13T05:05:00+00:00,79.259,79.411,79.259,79.319,272
2026-07-13T05:10:00+00:00,79.319,79.335,79.25,79.25,162
2026-07-13T05:15:00+00:00,79.25,79.291,79.226,79.226,177
2026-07-13T05:20:00+00:00,79.226,79.35,79.22,79.329,268
2026-07-13T05:25:00+00:00,79.329,79.421,79.329,79.42,307
2026-07-13T05:30:00+00:00,79.42,79.506,79.335,79.369,1069
2026-07-13T05:35:00+00:00,79.369,79.435,79.354,79.39,503
2026-07-13T05:40:00+00:00,79.39,79.656,79.314,79.65,642
2026-07-13T05:45:00+00:00,79.65,79.766,79.534,79.541,1142
2026-07-13T05:50:00+00:00,79.541,79.541,79.389,79.489,413
2026-07-13T05:55:00+00:00,79.489,79.516,79.4,79.4,491
2026-07-13T06:00:00+00:00,79.4,79.425,79.314,79.326,651
2026-07-13T06:05:00+00:00,79.326,79.42,79.219,79.269,732
2026-07-13T06:10:00+00:00,79.269,79.275,79.135,79.171,484
2026-07-13T06:15:00+00:00,79.171,79.181,78.989,78.996,492
2026-07-13T06:20:00+00:00,78.996,79.051,78.921,79.041,488
2026-07-13T06:25:00+00:00,79.041,79.09,78.964,79.006,394
2026-07-13T06:30:00+00:00,79.006,79.031,78.879,79.026,503
2026-07-13T06:35:00+00:00,79.026,79.036,78.9,78.929,492
2026-07-13T06:40:00+00:00,78.929,78.94,78.789,78.899,486
2026-07-13T06:45:00+00:00,78.899,78.936,78.606,78.781,534
2026-07-13T06:50:00+00:00,78.781,78.836,78.759,78.81,409
2026-07-13T06:55:00+00:00,78.81,78.871,78.76,78.77,565
2026-07-13T07:00:00+00:00,78.77,78.949,78.704,78.789,664
2026-07-13T07:05:00+00:00,78.789,78.911,78.749,78.9,329
2026-07-13T07:10:00+00:00,78.9,78.931,78.691,78.729,415
2026-07-13T07:15:00+00:00,78.729,78.866,78.719,78.866,442
2026-07-13T07:20:00+00:00,78.866,78.886,78.809,78.834,342
2026-07-13T07:25:00+00:00,78.834,78.92,78.814,78.87,335
2026-07-13T07:30:00+00:00,78.87,78.991,78.77,78.834,498
2026-07-13T07:35:00+00:00,78.834,78.846,78.609,78.641,708
2026-07-13T07:40:00+00:00,78.641,78.691,78.424,78.691,623
2026-07-13T07:45:00+00:00,78.691,78.811,78.644,78.701,446
2026-07-13T07:50:00+00:00,78.701,78.805,78.701,78.766,425
2026-07-13T07:55:00+00:00,78.766,78.884,78.724,78.769,507
2026-07-13T08:00:00+00:00,78.769,78.815,78.454,78.574,1033
2026-07-13T08:05:00+00:00,78.574,78.621,78.364,78.391,752
2026-07-13T08:10:00+00:00,78.391,78.466,78.224,78.285,807
2026-07-13T08:15:00+00:00,78.285,78.291,77.984,78.055,896
2026-07-13T08:20:00+00:00,78.055,78.245,78.014,78.231,723
2026-07-13T08:25:00+00:00,78.231,78.306,77.854,77.98,2830
2026-07-13T08:30:00+00:00,77.98,78.116,77.959,78.115,1087
2026-07-13T08:35:00+00:00,78.115,78.34,78.075,78.254,540
2026-07-13T08:40:00+00:00,78.254,78.324,78.174,78.184,428
2026-07-13T08:45:00+00:00,78.184,78.191,77.899,77.914,633
2026-07-13T08:50:00+00:00,77.914,77.914,77.684,77.719,776
2026-07-13T08:55:00+00:00,77.719,77.845,77.519,77.839,769
2026-07-13T09:00:00+00:00,77.839,77.951,77.601,77.601,746
2026-07-13T09:05:00+00:00,77.601,77.665,77.509,77.546,587
2026-07-13T09:10:00+00:00,77.546,77.781,77.546,77.721,460
2026-07-13T09:15:00+00:00,77.721,77.73,77.379,77.41,629
2026-07-13T09:20:00+00:00,77.41,77.476,77.3,77.35,433
2026-07-13T09:25:00+00:00,77.35,77.531,77.294,77.525,528
2026-07-13T09:30:00+00:00,77.525,77.571,77.274,77.441,686
2026-07-13T09:35:00+00:00,77.441,77.456,77.244,77.374,479
2026-07-13T09:40:00+00:00,77.374,77.465,77.274,77.28,474
2026-07-13T09:45:00+00:00,77.28,77.456,77.265,77.449,342
2026-07-13T09:50:00+00:00,77.449,77.636,77.435,77.634,691
2026-07-13T09:55:00+00:00,77.634,77.849,77.586,77.759,795
2026-07-13T10:00:00+00:00,77.759,77.999,77.755,77.901,711
2026-07-13T10:05:00+00:00,77.901,78.036,77.859,77.954,440
2026-07-13T10:10:00+00:00,77.954,78.165,77.9,78.101,521
2026-07-13T10:15:00+00:00,78.101,78.166,78.04,78.09,427
2026-07-13T10:20:00+00:00,78.09,78.296,78.029,78.284,722
2026-07-13T10:25:00+00:00,78.284,78.396,78.23,78.38,1047
2026-07-13T10:30:00+00:00,78.38,78.515,78.284,78.449,808
2026-07-13T10:35:00+00:00,78.449,78.499,78.31,78.356,501
2026-07-13T10:40:00+00:00,78.356,78.441,78.284,78.405,524
2026-07-13T10:45:00+00:00,78.405,78.53,78.275,78.344,551
2026-07-13T10:50:00+00:00,78.344,78.556,78.344,78.529,391
2026-07-13T10:55:00+00:00,78.529,78.556,78.459,78.459,421
2026-07-13T11:00:00+00:00,78.459,78.626,78.434,78.625,463
2026-07-13T11:05:00+00:00,78.625,78.654,78.224,78.531,1216
2026-07-13T11:10:00+00:00,78.531,78.704,78.471,78.58,880
2026-07-13T11:15:00+00:00,78.58,78.735,78.524,78.696,538
2026-07-13T11:20:00+00:00,78.696,78.725,78.479,78.519,424
2026-07-13T11:25:00+00:00,78.519,78.531,78.355,78.44,364
2026-07-13T11:30:00+00:00,78.44,78.631,78.401,78.465,596
2026-07-13T11:35:00+00:00,78.465,78.634,78.429,78.559,500
2026-07-13T11:40:00+00:00,78.559,78.581,78.384,78.415,396
2026-07-13T11:45:00+00:00,78.415,78.52,78.359,78.476,611
2026-07-13T11:50:00+00:00,78.476,78.556,78.445,78.471,448
2026-07-13T11:55:00+00:00,78.471,78.624,78.469,78.539,440
2026-07-13T12:00:00+00:00,78.539,78.565,78.419,78.504,463
2026-07-13T12:05:00+00:00,78.504,78.674,78.474,78.614,472
2026-07-13T12:10:00+00:00,78.614,78.851,78.309,78.836,1376
2026-07-13T12:15:00+00:00,78.836,78.865,78.695,78.791,545
2026-07-13T12:20:00+00:00,78.791,78.885,78.78,78.805,438
2026-07-13T12:25:00+00:00,78.805,78.886,78.734,78.886,563
2026-07-13T12:30:00+00:00,78.886,79.136,78.884,79.13,1015
2026-07-13T12:35:00+00:00,79.13,79.27,79.13,79.235,885
2026-07-13T12:40:00+00:00,79.235,79.296,79.136,79.199,691
2026-07-13T12:45:00+00:00,79.199,79.226,79.065,79.114,676
2026-07-13T12:50:00+00:00,79.114,79.136,78.779,78.846,1008
2026-07-13T12:55:00+00:00,78.846,78.886,78.62,78.62,624
2026-07-13T13:00:00+00:00,78.62,78.835,78.454,78.81,1632
2026-07-13T13:05:00+00:00,78.81,78.871,78.625,78.689,945
2026-07-13T13:10:00+00:00,78.689,78.841,78.674,78.689,634
2026-07-13T13:15:00+00:00,78.689,78.746,78.484,78.564,746
2026-07-13T13:20:00+00:00,78.564,78.564,78.224,78.411,925
2026-07-13T13:25:00+00:00,78.411,78.506,78.349,78.4,793
2026-07-13T13:30:00+00:00,78.4,78.536,78.354,78.486,1395
2026-07-13T13:35:00+00:00,78.486,78.776,78.486,78.751,1323
2026-07-13T13:40:00+00:00,78.751,78.751,78.614,78.72,724
2026-07-13T13:45:00+00:00,78.72,78.826,78.666,78.809,979
2026-07-13T13:50:00+00:00,78.809,78.809,78.584,78.63,1282
2026-07-13T13:55:00+00:00,78.63,78.711,78.494,78.5,675
2026-07-13T14:00:00+00:00,78.5,78.516,78.265,78.355,1351
2026-07-13T14:05:00+00:00,78.355,78.641,78.304,78.599,1081
2026-07-13T14:10:00+00:00,78.599,78.751,78.586,78.639,1050
2026-07-13T14:15:00+00:00,78.639,79.795,78.551,79.656,5427
2026-07-13T14:20:00+00:00,79.656,80.001,79.244,79.254,3705
2026-07-13T14:25:00+00:00,79.254,79.606,79.119,79.579,2179
2026-07-13T14:30:00+00:00,79.579,79.596,79.354,79.386,1341
2026-07-13T14:35:00+00:00,79.386,79.541,79.335,79.41,1322
2026-07-13T14:40:00+00:00,79.41,79.471,79.196,79.229,1080
2026-07-13T14:45:00+00:00,79.229,79.326,78.984,78.996,1205
2026-07-13T14:50:00+00:00,78.996,79.276,78.874,79.259,1264
2026-07-13T14:55:00+00:00,79.259,79.391,79.244,79.255,1179
2026-07-13T15:00:00+00:00,79.255,79.321,79.154,79.285,1012
2026-07-13T15:05:00+00:00,79.285,79.481,79.279,79.386,1062
2026-07-13T15:10:00+00:00,79.386,79.679,79.309,79.574,1205
2026-07-13T15:15:00+00:00,79.574,79.745,79.484,79.54,1220
2026-07-13T15:20:00+00:00,79.54,79.646,79.419,79.464,887
2026-07-13T15:25:00+00:00,79.464,79.484,79.18,79.194,1703
2026-07-13T15:30:00+00:00,79.194,79.405,79.129,79.366,1262
2026-07-13T15:35:00+00:00,79.366,79.416,79.221,79.341,901
2026-07-13T15:40:00+00:00,79.341,79.406,79.239,79.405,776
2026-07-13T15:45:00+00:00,79.405,79.405,79.275,79.286,488
2026-07-13T15:50:00+00:00,79.286,79.601,79.286,79.565,1288
2026-07-13T15:55:00+00:00,79.565,79.716,79.536,79.694,1157
2026-07-13T16:00:00+00:00,79.694,79.831,79.649,79.656,821
2026-07-13T16:05:00+00:00,79.656,79.761,79.575,79.744,794
2026-07-13T16:10:00+00:00,79.744,79.946,79.7,79.901,754
2026-07-13T16:15:00+00:00,79.901,79.951,79.83,79.895,563
2026-07-13T16:20:00+00:00,79.895,79.95,79.816,79.885,563
2026-07-13T16:25:00+00:00,79.885,80.085,79.849,80.029,746
2026-07-13T16:30:00+00:00,80.029,80.106,79.894,80.046,1030
2026-07-13T16:35:00+00:00,80.046,80.091,79.879,80.059,1000
2026-07-13T16:40:00+00:00,80.059,80.066,79.934,80.006,770
2026-07-13T16:45:00+00:00,80.006,80.296,79.964,80.294,836
2026-07-13T16:50:00+00:00,80.294,80.639,80.294,80.62,1916
2026-07-13T16:55:00+00:00,80.62,80.736,80.414,80.536,1510
2026-07-13T17:00:00+00:00,80.536,80.6,80.444,80.564,972
2026-07-13T17:05:00+00:00,80.564,80.576,80.279,80.34,898
2026-07-13T17:10:00+00:00,80.34,80.696,80.305,80.691,910
2026-07-13T17:15:00+00:00,80.691,80.755,80.589,80.714,995
2026-07-13T17:20:00+00:00,80.714,80.881,80.714,80.839,789
2026-07-13T17:25:00+00:00,80.839,80.986,80.814,80.946,781
2026-07-13T17:30:00+00:00,80.946,81.156,80.901,81.124,803
2026-07-13T17:35:00+00:00,81.124,81.561,81.124,81.56,1426
2026-07-13T17:40:00+00:00,81.56,81.67,81.424,81.656,1373
2026-07-13T17:45:00+00:00,81.656,81.836,81.49,81.714,1583
2026-07-13T17:50:00+00:00,81.714,82.251,81.709,82.174,1825
2026-07-13T17:55:00+00:00,82.174,82.581,82.159,82.539,1989
2026-07-13T18:00:00+00:00,82.539,82.83,82.39,82.639,2282
2026-07-13T18:05:00+00:00,82.639,82.931,82.379,82.816,1999
2026-07-13T18:10:00+00:00,82.816,83.016,82.539,82.649,2263
2026-07-13T18:15:00+00:00,82.649,83.401,82.614,83.296,1943
2026-07-13T18:20:00+00:00,83.296,83.501,83.186,83.309,2246
2026-07-13T18:25:00+00:00,83.309,83.444,83.049,83.251,3930
2026-07-13T18:30:00+00:00,83.251,83.506,83.024,83.246,1963
2026-07-13T18:35:00+00:00,83.246,83.251,82.819,82.875,1427
2026-07-13T18:40:00+00:00,82.875,82.98,82.529,82.594,1317
2026-07-13T18:45:00+00:00,82.594,82.871,82.584,82.724,1192
2026-07-13T18:50:00+00:00,82.724,82.766,82.629,82.724,613
2026-07-13T18:55:00+00:00,82.724,82.756,82.634,82.729,579
2026-07-13T19:00:00+00:00,82.729,82.846,82.609,82.656,535
2026-07-13T19:05:00+00:00,82.656,82.796,82.569,82.785,551
2026-07-13T19:10:00+00:00,82.785,82.955,82.735,82.891,611
2026-07-13T19:15:00+00:00,82.891,82.961,82.754,82.816,527
2026-07-13T19:20:00+00:00,82.816,82.906,82.764,82.844,522
2026-07-13T19:25:00+00:00,82.844,82.926,82.814,82.91,403
2026-07-13T19:30:00+00:00,82.91,83.065,82.814,83,934
2026-07-13T19:35:00+00:00,83,83.124,82.981,83.011,539
2026-07-13T19:40:00+00:00,83.011,83.141,82.926,83.089,508
2026-07-13T19:45:00+00:00,83.089,83.116,82.91,83.01,498
2026-07-13T19:50:00+00:00,83.01,83.016,82.879,82.93,462
2026-07-13T19:55:00+00:00,82.93,82.946,82.864,82.92,482
2026-07-13T20:00:00+00:00,82.92,83.056,82.899,83.019,389
2026-07-13T20:05:00+00:00,83.019,83.306,82.955,83.281,596
2026-07-13T20:10:00+00:00,83.281,83.685,83.22,83.674,1602
2026-07-13T20:15:00+00:00,83.674,83.831,83.504,83.535,1135
2026-07-13T20:20:00+00:00,83.535,83.536,83.374,83.5,883
2026-07-13T20:25:00+00:00,83.5,83.5,83.264,83.371,669
2026-07-13T20:30:00+00:00,83.371,83.555,83.296,83.296,594
2026-07-13T20:35:00+00:00,83.296,83.515,83.27,83.471,385
2026-07-13T20:40:00+00:00,83.471,83.595,83.409,83.41,421
2026-07-13T20:45:00+00:00,83.41,83.424,83.139,83.299,824
2026-07-13T20:50:00+00:00,83.299,83.381,83.14,83.14,511
2026-07-13T20:55:00+00:00,83.14,83.185,83.106,83.18,591
2026-07-14T00:00:00+00:00,83.18,84.687,83.18,84.577,1333.2858946836723
2026-07-14T00:05:00+00:00,84.577,84.877,84.46099999999998,84.57999999999998,1645
2026-07-14T00:10:00+00:00,84.57999999999998,84.672,84.321,84.48199999999999,1249
2026-07-14T00:15:00+00:00,84.48199999999999,85.27099999999999,84.481,85.26199999999999,1538
2026-07-14T00:20:00+00:00,85.26199999999999,85.64699999999999,85.231,85.475,1700
2026-07-14T00:25:00+00:00,85.475,85.60199999999999,85.36999999999999,85.39699999999999,1201
2026-07-14T00:30:00+00:00,85.39699999999999,85.47699999999999,85.032,85.14699999999999,1090
2026-07-14T00:35:00+00:00,85.14699999999999,85.237,84.91499999999999,85.077,872
2026-07-14T00:40:00+00:00,85.077,85.26499999999999,84.91499999999999,85.142,950
2026-07-14T00:45:00+00:00,85.142,85.142,84.925,85.05199999999999,773
2026-07-14T00:50:00+00:00,85.05199999999999,85.077,84.871,84.925,727
2026-07-14T00:55:00+00:00,84.925,85.04199999999999,84.85499999999999,85.00699999999999,634
2026-07-14T01:00:00+00:00,85.00699999999999,85.077,84.42999999999999,84.66499999999999,3474
2026-07-14T01:05:00+00:00,84.66499999999999,84.687,84.19699999999999,84.29199999999999,2674
2026-07-14T01:10:00+00:00,84.29199999999999,84.416,84.10999999999999,84.41499999999999,1899
2026-07-14T01:15:00+00:00,84.41499999999999,84.457,84.11999999999999,84.16,1534
2026-07-14T01:20:00+00:00,84.16,84.17099999999999,83.91999999999999,84.12199999999999,1759
2026-07-14T01:25:00+00:00,84.12199999999999,84.33699999999999,84.026,84.29599999999999,1202
2026-07-14T01:30:00+00:00,84.29599999999999,84.35099999999998,84.01199999999999,84.187,1189
2026-07-14T01:35:00+00:00,84.187,84.451,84.187,84.35,886
2026-07-14T01:40:00+00:00,84.35,84.41699999999999,84.225,84.28099999999999,925
2026-07-14T01:45:00+00:00,84.28099999999999,84.38099999999999,84.175,84.19699999999999,807
2026-07-14T01:50:00+00:00,84.19699999999999,84.29199999999999,84.10499999999999,84.12199999999999,963
2026-07-14T01:55:00+00:00,84.12199999999999,84.41999999999999,84.10499999999999,84.35,1044
2026-07-14T02:00:00+00:00,84.35,84.401,84.08999999999999,84.142,1064
2026-07-14T02:05:00+00:00,84.142,84.19099999999999,83.88999999999999,83.95599999999999,1345
2026-07-14T02:10:00+00:00,83.95599999999999,84.017,83.86999999999999,83.92099999999999,1057
2026-07-14T02:15:00+00:00,83.92099999999999,84.112,83.90199999999999,83.99699999999999,426
2026-07-14T02:20:00+00:00,83.99699999999999,84.04599999999999,83.93499999999999,84.04199999999999,270
2026-07-14T02:25:00+00:00,84.04199999999999,84.10699999999999,83.99499999999999,84.01599999999999,295
2026-07-14T02:30:00+00:00,84.01599999999999,84.01599999999999,83.755,83.89599999999999,1309
2026-07-14T02:35:00+00:00,83.89599999999999,84.026,83.71499999999999,84.017,977
2026-07-14T02:40:00+00:00,84.017,84.30699999999999,84.017,84.23599999999999,900
2026-07-14T02:45:00+00:00,84.23599999999999,84.35699999999999,84.12499999999999,84.231,672
2026-07-14T02:50:00+00:00,84.231,84.52199999999999,84.22999999999999,84.51599999999999,675
2026-07-14T02:55:00+00:00,84.51599999999999,84.52699999999999,84.37199999999999,84.431,625
2026-07-14T03:00:00+00:00,84.431,84.61699999999999,84.37499999999999,84.53699999999999,745
2026-07-14T03:05:00+00:00,84.53699999999999,84.621,84.475,84.56099999999999,601
2026-07-14T03:10:00+00:00,84.56099999999999,84.66199999999999,84.46999999999998,84.64099999999999,818
2026-07-14T03:15:00+00:00,84.64099999999999,85.01199999999999,84.64099999999999,84.87499999999999,1073
2026-07-14T03:20:00+00:00,84.87499999999999,84.93599999999999,84.62599999999999,84.66999999999999,726
2026-07-14T03:25:00+00:00,84.66999999999999,84.847,84.66,84.73499999999999,631
2026-07-14T03:30:00+00:00,84.73499999999999,84.99699999999999,84.55,84.99,828
2026-07-14T03:35:00+00:00,84.99,84.99,84.80099999999999,84.89099999999999,604
2026-07-14T03:40:00+00:00,84.89099999999999,84.89699999999999,84.66,84.72599999999998,536
2026-07-14T03:45:00+00:00,84.72599999999998,84.72599999999998,84.57999999999998,84.67599999999999,461
2026-07-14T03:50:00+00:00,84.67599999999999,84.69699999999999,84.496,84.66699999999999,546
2026-07-14T03:55:00+00:00,84.66699999999999,84.707,84.57999999999998,84.66199999999999,247
2026-07-14T04:00:00+00:00,84.66199999999999,84.67999999999999,84.535,84.67599999999999,455
2026-07-14T04:05:00+00:00,84.67599999999999,84.83599999999998,84.675,84.75999999999999,290
2026-07-14T04:10:00+00:00,84.75999999999999,84.84199999999998,84.67599999999999,84.72599999999998,232
2026-07-14T04:15:00+00:00,84.72599999999998,84.75699999999999,84.57499999999999,84.57499999999999,220
2026-07-14T04:20:00+00:00,84.57499999999999,84.597,84.49099999999999,84.52999999999999,409
2026-07-14T04:25:00+00:00,84.52999999999999,84.69699999999999,84.52999999999999,84.67699999999999,305
2026-07-14T04:30:00+00:00,84.67699999999999,84.78599999999999,84.63099999999999,84.76499999999999,217
2026-07-14T04:35:00+00:00,84.76499999999999,84.937,84.75099999999999,84.83699999999999,304
2026-07-14T04:40:00+00:00,84.83699999999999,84.937,84.83699999999999,84.907,268
2026-07-14T04:45:00+00:00,84.907,84.95599999999999,84.87499999999999,84.92999999999999,158
2026-07-14T04:50:00+00:00,84.92999999999999,85.00099999999999,84.90599999999999,84.916,242
2026-07-14T04:55:00+00:00,84.916,84.957,84.815,84.85099999999998,423
2026-07-14T05:00:00+00:00,84.85099999999998,84.946,84.73499999999999,84.937,423
2026-07-14T05:05:00+00:00,84.937,84.97699999999999,84.85,84.88499999999999,211
2026-07-14T05:10:00+00:00,84.88499999999999,84.907,84.761,84.782,354
2026-07-14T05:15:00+00:00,84.782,84.856,84.71,84.83099999999999,301
2026-07-14T05:20:00+00:00,84.83099999999999,84.89599999999999,84.78999999999999,84.871,212
2026-07-14T05:25:00+00:00,84.871,84.925,84.79499999999999,84.797,259
2026-07-14T05:30:00+00:00,84.797,84.797,84.37599999999999,84.496,2320
2026-07-14T05:35:00+00:00,84.496,84.511,84.145,84.17999999999999,1397
2026-07-14T05:40:00+00:00,84.17999999999999,84.255,83.96999999999998,84.02499999999999,1104
2026-07-14T05:45:00+00:00,84.02499999999999,84.136,83.95599999999999,84.11699999999999,1120
2026-07-14T05:50:00+00:00,84.11699999999999,84.312,84.02499999999999,84.24,965
2026-07-14T05:55:00+00:00,84.24,84.56599999999999,84.23499999999999,84.46699999999998,856
2026-07-14T06:00:00+00:00,84.46699999999998,84.69699999999999,84.43499999999999,84.687,1141
2026-07-14T06:05:00+00:00,84.687,84.85699999999999,84.63499999999999,84.77499999999999,705
2026-07-14T06:10:00+00:00,84.77499999999999,84.83599999999998,84.61099999999999,84.767,821
2026-07-14T06:15:00+00:00,84.767,84.80099999999999,84.675,84.687,619
2026-07-14T06:20:00+00:00,84.687,85.067,84.58999999999999,85.067,936
2026-07-14T06:25:00+00:00,85.067,85.37599999999999,84.96099999999998,85.28099999999999,965
2026-07-14T06:30:00+00:00,85.28099999999999,85.36699999999999,85.07,85.356,1243
2026-07-14T06:35:00+00:00,85.356,85.386,85.13,85.14099999999999,1086
2026-07-14T06:40:00+00:00,85.14099999999999,85.327,85.00999999999999,85.31599999999999,1208
2026-07-14T06:45:00+00:00,85.31599999999999,85.672,85.291,85.627,1326
2026-07-14T06:50:00+00:00,85.627,85.681,85.41,85.526,1218
2026-07-14T06:55:00+00:00,85.526,85.597,85.32499999999999,85.565,967
2026-07-14T07:00:00+00:00,85.565,85.79599999999999,85.33999999999999,85.35499999999999,1696
2026-07-14T07:05:00+00:00,85.35499999999999,85.49699999999999,85.142,85.48199999999999,1547
2026-07-14T07:10:00+00:00,85.48199999999999,85.627,85.34499999999998,85.35699999999999,1042
2026-07-14T07:15:00+00:00,85.35699999999999,85.797,85.27499999999999,85.71,1148
2026-07-14T07:20:00+00:00,85.71,85.86599999999999,85.70499999999998,85.752,1031
2026-07-14T07:25:00+00:00,85.752,85.767,85.54599999999999,85.73499999999999,1107
2026-07-14T07:30:00+00:00,85.73499999999999,86.297,85.72999999999999,86.175,1532
2026-07-14T07:35:00+00:00,86.175,86.267,85.95599999999999,86.03699999999999,1094
2026-07-14T07:40:00+00:00,86.03699999999999,86.38199999999999,85.99999999999999,86.312,1150
2026-07-14T07:45:00+00:00,86.312,86.46499999999999,85.99099999999999,85.99999999999999,1378
2026-07-14T07:50:00+00:00,85.99999999999999,86.082,85.66499999999999,85.78099999999999,2050
2026-07-14T07:55:00+00:00,85.78099999999999,86.13199999999999,85.77999999999999,85.88,1344
2026-07-14T08:00:00+00:00,85.88,86.64699999999999,85.85499999999999,86.39699999999999,2327
2026-07-14T08:05:00+00:00,86.39699999999999,86.702,86.321,86.627,1709
2026-07-14T08:10:00+00:00,86.627,86.681,86.216,86.315,1747
2026-07-14T08:15:00+00:00,86.315,86.32499999999999,85.93499999999999,85.99999999999999,1496
2026-07-14T08:20:00+00:00,85.99999999999999,86.04599999999999,85.75999999999999,85.975,1562
2026-07-14T08:25:00+00:00,85.975,86.26599999999999,85.77499999999999,86.17999999999999,3028
2026-07-14T08:30:00+00:00,86.17999999999999,86.46699999999998,86.151,86.35499999999999,1910
2026-07-14T08:35:00+00:00,86.35499999999999,86.48199999999999,86.32499999999999,86.386,1356
2026-07-14T08:40:00+00:00,86.386,86.73199999999999,86.36999999999999,86.61999999999999,1663
2026-07-14T08:45:00+00:00,86.61999999999999,86.85,86.59599999999999,86.815,1069
2026-07-14T08:50:00+00:00,86.815,86.86099999999999,86.61099999999999,86.63199999999999,1067
2026-07-14T08:55:00+00:00,86.63199999999999,87.222,86.55199999999999,87.201,1800
2026-07-14T09:00:00+00:00,87.201,87.371,87.115,87.121,1911
2026-07-14T09:05:00+00:00,87.121,87.237,86.70599999999999,86.77499999999999,1588
2026-07-14T09:10:00+00:00,86.77499999999999,86.827,86.30499999999999,86.317,1576
2026-07-14T09:15:00+00:00,86.317,86.597,86.201,86.51599999999999,1581
2026-07-14T09:20:00+00:00,86.51599999999999,86.892,86.49199999999999,86.77099999999999,1121
2026-07-14T09:25:00+00:00,86.77099999999999,86.89599999999999,86.695,86.815,856
2026-07-14T09:30:00+00:00,86.815,86.847,86.56099999999999,86.61999999999999,1011
2026-07-14T09:35:00+00:00,86.61999999999999,86.657,86.46099999999998,86.50599999999999,793
2026-07-14T09:40:00+00:00,86.50599999999999,86.56099999999999,86.371,86.55999999999999,920
2026-07-14T09:45:00+00:00,86.55999999999999,86.606,86.365,86.42099999999999,981
2026-07-14T09:50:00+00:00,86.42099999999999,86.75699999999999,86.41999999999999,86.71199999999999,1067
2026-07-14T09:55:00+00:00,86.71199999999999,86.85699999999999,86.687,86.71499999999999,856
2026-07-14T10:00:00+00:00,86.71499999999999,86.972,86.69,86.77999999999999,989
2026-07-14T10:05:00+00:00,86.77999999999999,87.097,86.77999999999999,87.08999999999999,817
2026-07-14T10:10:00+00:00,87.08999999999999,87.252,87.01499999999999,87.17599999999999,712
2026-07-14T10:15:00+00:00,87.17599999999999,87.24499999999999,87.00699999999999,87.035,965
2026-07-14T10:20:00+00:00,87.035,87.08099999999999,86.951,87.002,614
2026-07-14T10:25:00+00:00,87.002,87.332,86.99499999999999,87.19699999999999,882
2026-07-14T10:30:00+00:00,87.19699999999999,87.547,87.18599999999999,87.407,1429
2026-07-14T10:35:00+00:00,87.407,87.42699999999999,86.526,86.85499999999999,1645
2026-07-14T10:40:00+00:00,86.85499999999999,87.03699999999999,86.815,87.005,788
2026-07-14T10:45:00+00:00,87.005,87.09199999999998,86.97099999999999,87.06099999999999,814
2026-07-14T10:50:00+00:00,87.06099999999999,87.42699999999999,87.05999999999999,87.30499999999999,946
2026-07-14T10:55:00+00:00,87.30499999999999,87.42599999999999,87.16999999999999,87.21199999999999,763
2026-07-14T11:00:00+00:00,87.21199999999999,87.327,87.12599999999999,87.196,889
2026-07-14T11:05:00+00:00,87.196,87.26599999999999,87.13499999999999,87.166,604
2026-07-14T11:10:00+00:00,87.166,87.166,86.72599999999998,86.827,1354
2026-07-14T11:15:00+00:00,86.827,86.97699999999999,86.57999999999998,86.61999999999999,962
2026-07-14T11:20:00+00:00,86.61999999999999,86.77999999999999,86.39599999999999,86.42699999999999,1031
2026-07-14T11:25:00+00:00,86.42699999999999,86.51599999999999,86.33099999999999,86.36099999999999,1230
2026-07-14T11:30:00+00:00,86.36099999999999,86.36099999999999,85.78999999999999,86.15599999999999,2070
2026-07-14T11:35:00+00:00,86.15599999999999,86.21,85.93499999999999,86.00099999999999,1121
2026-07-14T11:40:00+00:00,86.00099999999999,86.195,85.99,86.16699999999999,860
2026-07-14T11:45:00+00:00,86.16699999999999,86.21699999999998,85.86999999999999,86.17699999999999,1185
2026-07-14T11:50:00+00:00,86.17699999999999,86.332,86.15499999999999,86.24099999999999,896
2026-07-14T11:55:00+00:00,86.24099999999999,86.261,85.96999999999998,86.02499999999999,996
2026-07-14T12:00:00+00:00,86.02499999999999,86.312,85.96199999999999,86.285,993
2026-07-14T12:05:00+00:00,86.285,86.591,86.255,86.49499999999999,1149
2026-07-14T12:10:00+00:00,86.49499999999999,86.585,86.44,86.52499999999999,781
2026-07-14T12:15:00+00:00,86.52499999999999,86.69099999999999,86.49,86.62499999999999,624
2026-07-14T12:20:00+00:00,86.62499999999999,86.692,86.207,86.21999999999998,951
2026-07-14T12:25:00+00:00,86.21999999999998,86.55099999999999,86.192,86.541,969
2026-07-14T12:30:00+00:00,86.541,86.841,86.195,86.76599999999999,2195
2026-07-14T12:35:00+00:00,86.76599999999999,86.94099999999999,86.65199999999999,86.91999999999999,1512
2026-07-14T12:40:00+00:00,86.91999999999999,86.96199999999999,86.74,86.75599999999999,1322
2026-07-14T12:45:00+00:00,86.75599999999999,87.207,86.71499999999999,87.19699999999999,1279
2026-07-14T12:50:00+00:00,87.19699999999999,87.27199999999999,86.95499999999998,86.96499999999999,1277
2026-07-14T12:55:00+00:00,86.96499999999999,86.98199999999999,86.77999999999999,86.90499999999999,1536
2026-07-14T13:00:00+00:00,86.90499999999999,87.17699999999999,86.74999999999999,86.95599999999999,2887
2026-07-14T13:05:00+00:00,86.95599999999999,86.987,86.50599999999999,86.815,2245
2026-07-14T13:10:00+00:00,86.815,86.841,86.41099999999999,86.42999999999999,1829
2026-07-14T13:15:00+00:00,86.42999999999999,86.52199999999999,86.26599999999999,86.46499999999999,1811
2026-07-14T13:20:00+00:00,86.46499999999999,86.517,85.99,86.09599999999999,2090
2026-07-14T13:25:00+00:00,86.09599999999999,86.28099999999999,86.02999999999999,86.17099999999999,1674
2026-07-14T13:30:00+00:00,86.17099999999999,86.55199999999999,86.12599999999999,86.29599999999999,2496
2026-07-14T13:35:00+00:00,86.29599999999999,86.35699999999999,85.571,85.69099999999999,2674
2026-07-14T13:40:00+00:00,85.69099999999999,85.91099999999999,85.38499999999999,85.39599999999999,2417
2026-07-14T13:45:00+00:00,85.39599999999999,85.75699999999999,85.21499999999999,85.69699999999999,2568
2026-07-14T13:50:00+00:00,85.69699999999999,85.78699999999999,85.55999999999999,85.701,1682
2026-07-14T13:55:00+00:00,85.701,85.74199999999999,85.49499999999999,85.64599999999999,1646
2026-07-14T14:00:00+00:00,85.64599999999999,85.67699999999999,85.38999999999999,85.46199999999999,1938
2026-07-14T14:05:00+00:00,85.46199999999999,85.46199999999999,85.04599999999999,85.24199999999999,2105
2026-07-14T14:10:00+00:00,85.24199999999999,85.50699999999999,85.175,85.40199999999999,1660
2026-07-14T14:15:00+00:00,85.40199999999999,85.60199999999999,85.22999999999999,85.33099999999999,1695
2026-07-14T14:20:00+00:00,85.33099999999999,85.377,85.04599999999999,85.13,1648
2026-07-14T14:25:00+00:00,85.13,85.321,85.035,85.12499999999999,2014
2026-07-14T14:30:00+00:00,85.12499999999999,85.252,83.452,84.74499999999999,3146
2026-07-14T14:35:00+00:00,84.74499999999999,85.121,84.64099999999999,84.90499999999999,3103
2026-07-14T14:40:00+00:00,84.90499999999999,85.09199999999998,84.83999999999999,85.04499999999999,1507
2026-07-14T14:45:00+00:00,85.04499999999999,85.12199999999999,84.90499999999999,84.96499999999999,1239
2026-07-14T14:50:00+00:00,84.96499999999999,84.96499999999999,84.31599999999999,84.395,2136
2026-07-14T14:55:00+00:00,84.395,84.58699999999999,84.32,84.52999999999999,1598
2026-07-14T15:00:00+00:00,84.52999999999999,84.657,83.452,84.06099999999999,3242
2026-07-14T15:05:00+00:00,84.06099999999999,84.15199999999999,83.39599999999999,83.597,4956
2026-07-14T15:10:00+00:00,83.597,84.02099999999999,83.556,83.93199999999999,2569
2026-07-14T15:15:00+00:00,83.93199999999999,84.12199999999999,83.86999999999999,84.032,1840
2026-07-14T15:20:00+00:00,84.032,84.196,83.92099999999999,84.02699999999999,1794
2026-07-14T15:25:00+00:00,84.02699999999999,84.056,83.62499999999999,83.657,3051
2026-07-14T15:30:00+00:00,83.657,84.752,83.657,84.692,2842
2026-07-14T15:35:00+00:00,84.692,85.00099999999999,84.645,84.94,1782
2026-07-14T15:40:00+00:00,84.94,85.172,84.88,85.00599999999999,1727
2026-07-14T15:45:00+00:00,85.00599999999999,85.082,84.821,85.07499999999999,1336
2026-07-14T15:50:00+00:00,85.07499999999999,85.517,85.07499999999999,85.51599999999999,1840
2026-07-14T15:55:00+00:00,85.51599999999999,85.55699999999999,85.26499999999999,85.28599999999999,1374
2026-07-14T16:00:00+00:00,85.28599999999999,85.48499999999999,85.23199999999999,85.32,1604
2026-07-14T16:05:00+00:00,85.32,85.44699999999999,85.02,85.09599999999999,1519
2026-07-14T16:10:00+00:00,85.09599999999999,85.10699999999999,84.67999999999999,84.85499999999999,1499
2026-07-14T16:15:00+00:00,84.85499999999999,84.85499999999999,84.60699999999999,84.78999999999999,1195
2026-07-14T16:20:00+00:00,84.78999999999999,85.16199999999999,84.776,84.91499999999999,1205
2026-07-14T16:25:00+00:00,84.91499999999999,85.10499999999999,84.85099999999998,85.07999999999998,746
2026-07-14T16:30:00+00:00,85.07999999999998,85.10999999999999,84.895,85.02699999999999,853
2026-07-14T16:35:00+00:00,85.02699999999999,85.02699999999999,84.74499999999999,84.75999999999999,826
2026-07-14T16:40:00+00:00,84.75999999999999,84.797,84.615,84.76599999999999,701
2026-07-14T16:45:00+00:00,84.76599999999999,85.05199999999999,84.71499999999999,85.01499999999999,789
2026-07-14T16:50:00+00:00,85.01499999999999,85.02199999999999,84.75999999999999,84.827,737
2026-07-14T16:55:00+00:00,84.827,84.98199999999999,84.77499999999999,84.785,745
2026-07-14T17:00:00+00:00,84.785,84.88199999999999,84.74099999999999,84.74499999999999,970
2026-07-14T17:05:00+00:00,84.74499999999999,84.82,84.47999999999999,84.49699999999999,830
2026-07-14T17:10:00+00:00,84.49699999999999,84.657,84.33099999999999,84.64999999999999,1158
2026-07-14T17:15:00+00:00,84.64999999999999,84.812,84.57,84.67699999999999,1150
2026-07-14T17:20:00+00:00,84.67699999999999,84.707,84.475,84.56599999999999,703
2026-07-14T17:25:00+00:00,84.56599999999999,84.627,84.45499999999998,84.59199999999998,665
2026-07-14T17:30:00+00:00,84.59199999999998,84.69699999999999,84.47999999999999,84.65599999999999,942
2026-07-14T17:35:00+00:00,84.65599999999999,84.69699999999999,84.451,84.46499999999999,920
2026-07-14T17:40:00+00:00,84.46499999999999,84.687,84.41499999999999,84.61599999999999,830
2026-07-14T17:45:00+00:00,84.61599999999999,84.74199999999999,84.195,84.19699999999999,1079
2026-07-14T17:50:00+00:00,84.19699999999999,84.38199999999999,84.09499999999998,84.24999999999999,1192
2026-07-14T17:55:00+00:00,84.24999999999999,84.35699999999999,84.24499999999999,84.335,670
2026-07-14T18:00:00+00:00,84.335,84.567,84.32499999999999,84.43599999999999,993
2026-07-14T18:05:00+00:00,84.43599999999999,84.562,84.42999999999999,84.49099999999999,868
2026-07-14T18:10:00+00:00,84.49099999999999,84.502,84.19099999999999,84.255,952
2026-07-14T18:15:00+00:00,84.255,84.496,84.175,84.445,946
2026-07-14T18:20:00+00:00,84.445,84.657,84.445,84.60099999999998,987
2026-07-14T18:25:00+00:00,84.60099999999998,84.77999999999999,84.55499999999999,84.731,2060
2026-07-14T18:30:00+00:00,84.731,85.02099999999999,84.72999999999999,84.84199999999998,1074
2026-07-14T18:35:00+00:00,84.84199999999998,85.06099999999999,84.77199999999999,84.96199999999999,944
2026-07-14T18:40:00+00:00,84.96199999999999,85.21199999999999,84.96099999999998,85.02999999999999,1122
2026-07-14T18:45:00+00:00,85.02999999999999,85.192,84.99,85.192,468
2026-07-14T18:50:00+00:00,85.192,85.207,85.077,85.127,440
2026-07-14T18:55:00+00:00,85.127,85.21199999999999,85.091,85.16499999999999,444
2026-07-14T19:00:00+00:00,85.16499999999999,85.28599999999999,85.12499999999999,85.202,370
2026-07-14T19:05:00+00:00,85.202,85.332,85.18499999999999,85.315,393
2026-07-14T19:10:00+00:00,85.315,85.392,85.225,85.306,380
2026-07-14T19:15:00+00:00,85.306,85.312,85.145,85.15499999999999,642
2026-07-14T19:20:00+00:00,85.15499999999999,85.172,85.062,85.10699999999999,532
2026-07-14T19:25:00+00:00,85.10699999999999,85.151,85.106,85.12499999999999,194
2026-07-14T19:30:00+00:00,85.12499999999999,85.45599999999999,85.115,85.41499999999999,785
2026-07-14T19:35:00+00:00,85.41499999999999,85.46199999999999,85.32,85.32,402
2026-07-14T19:40:00+00:00,85.32,85.341,85.16499999999999,85.17099999999999,404
2026-07-14T19:45:00+00:00,85.17099999999999,85.23599999999999,85.12499999999999,85.16,280
2026-07-14T19:50:00+00:00,85.16,85.25999999999999,85.157,85.216,282
2026-07-14T19:55:00+00:00,85.216,85.341,85.16099999999999,85.23199999999999,571
2026-07-14T20:00:00+00:00,85.23199999999999,85.437,85.21999999999998,85.35199999999999,501
2026-07-14T20:05:00+00:00,85.35199999999999,85.431,85.34599999999999,85.356,311
2026-07-14T20:10:00+00:00,85.356,85.43199999999999,85.35,85.41,144
2026-07-14T20:15:00+00:00,85.41,85.43199999999999,85.37499999999999,85.422,138
2026-07-14T20:20:00+00:00,85.422,85.532,85.38499999999999,85.505,165
2026-07-14T20:25:00+00:00,85.505,85.567,85.46499999999999,85.50099999999999,255
2026-07-14T20:30:00+00:00,85.50099999999999,85.77699999999999,85.49,85.75099999999999,466
2026-07-14T20:35:00+00:00,85.75099999999999,85.85699999999999,85.60999999999999,85.61699999999999,388
2026-07-14T20:40:00+00:00,85.61699999999999,85.645,85.52499999999999,85.58099999999999,313
2026-07-14T20:45:00+00:00,85.58099999999999,85.597,85.496,85.57199999999999,207
2026-07-14T20:50:00+00:00,85.57199999999999,85.58599999999998,85.44099999999999,85.445,249
2026-07-14T20:55:00+00:00,85.445,85.502,85.32999999999998,85.34199999999998,339
2026-07-15T00:00:00+00:00,85.34199999999998,85.497,85.145,85.497,253.12058426098707
2026-07-15T00:05:00+00:00,85.497,85.696,85.405,85.66,435
2026-07-15T00:10:00+00:00,85.66,85.847,85.58,85.842,305
2026-07-15T00:15:00+00:00,85.842,85.922,85.795,85.902,247
2026-07-15T00:20:00+00:00,85.902,86.032,85.8,86.03099999999999,332
2026-07-15T00:25:00+00:00,86.03099999999999,86.076,85.92,86.011,292
2026-07-15T00:30:00+00:00,86.011,86.262,86.00999999999999,86.237,366
2026-07-15T00:35:00+00:00,86.237,86.371,86.211,86.351,261
2026-07-15T00:40:00+00:00,86.351,86.351,86.221,86.27,346
2026-07-15T00:45:00+00:00,86.27,86.362,86.235,86.252,289
2026-07-15T00:50:00+00:00,86.252,86.252,86.075,86.16199999999999,361
2026-07-15T00:55:00+00:00,86.16199999999999,86.16199999999999,85.95,85.961,545
2026-07-15T01:00:00+00:00,85.961,85.961,85.576,85.6,2328
2026-07-15T01:05:00+00:00,85.6,85.747,85.535,85.596,986
2026-07-15T01:10:00+00:00,85.596,85.732,85.545,85.631,733
2026-07-15T01:15:00+00:00,85.631,85.631,85.445,85.52499999999999,873
2026-07-15T01:20:00+00:00,85.52499999999999,85.582,85.381,85.53699999999999,843
2026-07-15T01:25:00+00:00,85.53699999999999,85.712,85.47,85.685,667
2026-07-15T01:30:00+00:00,85.685,85.712,85.52499999999999,85.657,505
2026-07-15T01:35:00+00:00,85.657,85.737,85.56,85.687,472
2026-07-15T01:40:00+00:00,85.687,85.762,85.575,85.657,488
2026-07-15T01:45:00+00:00,85.657,85.75099999999999,85.6,85.746,336
2026-07-15T01:50:00+00:00,85.746,85.797,85.666,85.75,440
2026-07-15T01:55:00+00:00,85.75,85.895,85.746,85.857,610
2026-07-15T02:00:00+00:00,85.857,86.002,85.831,85.98599999999999,477
2026-07-15T02:05:00+00:00,85.98599999999999,85.98599999999999,85.75,85.792,398
2026-07-15T02:10:00+00:00,85.792,85.827,85.655,85.725,402
2026-07-15T02:15:00+00:00,85.725,85.78,85.705,85.77199999999999,168
2026-07-15T02:20:00+00:00,85.77199999999999,85.81099999999999,85.756,85.792,155
2026-07-15T02:25:00+00:00,85.792,85.892,85.786,85.862,255
2026-07-15T02:30:00+00:00,85.862,85.947,85.812,85.89,482
2026-07-15T02:35:00+00:00,85.89,85.981,85.865,85.971,226
2026-07-15T02:40:00+00:00,85.971,85.971,85.88,85.931,177
2026-07-15T02:45:00+00:00,85.931,86.092,85.925,86.045,408
2026-07-15T02:50:00+00:00,86.045,86.195,86.041,86.122,439
2026-07-15T02:55:00+00:00,86.122,86.151,85.92999999999999,86.005,426
2026-07-15T03:00:00+00:00,86.005,86.03099999999999,85.866,85.892,292
2026-07-15T03:05:00+00:00,85.892,85.922,85.82,85.82,337
2026-07-15T03:10:00+00:00,85.82,85.952,85.82,85.90599999999999,296
2026-07-15T03:15:00+00:00,85.90599999999999,85.972,85.86,85.942,280
2026-07-15T03:20:00+00:00,85.942,85.977,85.895,85.92,239
2026-07-15T03:25:00+00:00,85.92,85.931,85.75099999999999,85.78,606
2026-07-15T03:30:00+00:00,85.78,85.902,85.715,85.89999999999999,379
2026-07-15T03:35:00+00:00,85.89999999999999,85.976,85.89999999999999,85.92699999999999,170
2026-07-15T03:40:00+00:00,85.92699999999999,85.977,85.895,85.901,117
2026-07-15T03:45:00+00:00,85.901,85.90599999999999,85.76599999999999,85.76599999999999,166
2026-07-15T03:50:00+00:00,85.76599999999999,85.767,85.61,85.691,276
2026-07-15T03:55:00+00:00,85.691,85.75699999999999,85.63,85.697,209
2026-07-15T04:00:00+00:00,85.697,85.817,85.691,85.77199999999999,211
2026-07-15T04:05:00+00:00,85.77199999999999,85.80199999999999,85.705,85.737,219
2026-07-15T04:10:00+00:00,85.737,85.77199999999999,85.67,85.67099999999999,190
2026-07-15T04:15:00+00:00,85.67099999999999,85.722,85.53,85.562,310
2026-07-15T04:20:00+00:00,85.562,85.57,85.466,85.481,202
2026-07-15T04:25:00+00:00,85.481,85.542,85.42999999999999,85.53699999999999,380
2026-07-15T04:30:00+00:00,85.53699999999999,85.577,85.505,85.53999999999999,220
2026-07-15T04:35:00+00:00,85.53999999999999,85.55199999999999,85.365,85.461,335
2026-07-15T04:40:00+00:00,85.461,85.502,85.442,85.46,190
2026-07-15T04:45:00+00:00,85.46,85.46,85.38,85.417,226
2026-07-15T04:50:00+00:00,85.417,85.42699999999999,85.36999999999999,85.402,182
2026-07-15T04:55:00+00:00,85.402,85.482,85.32,85.482,298
2026-07-15T05:00:00+00:00,85.482,85.676,85.441,85.61,599
2026-07-15T05:05:00+00:00,85.61,85.616,85.51599999999999,85.53999999999999,286
2026-07-15T05:10:00+00:00,85.53999999999999,85.582,85.426,85.457,252
2026-07-15T05:15:00+00:00,85.457,85.52499999999999,85.405,85.416,433
2026-07-15T05:20:00+00:00,85.416,85.49199999999999,85.416,85.477,450
2026-07-15T05:25:00+00:00,85.477,85.577,85.452,85.53,404
2026-07-15T05:30:00+00:00,85.53,85.562,85.38,85.401,1430
2026-07-15T05:35:00+00:00,85.401,85.407,85.115,85.185,1362
2026-07-15T05:40:00+00:00,85.185,85.52199999999999,85.137,85.482,953
2026-07-15T05:45:00+00:00,85.482,85.566,85.39699999999999,85.447,731
2026-07-15T05:50:00+00:00,85.447,85.487,85.22,85.261,650
2026-07-15T05:55:00+00:00,85.261,85.411,85.25,85.36099999999999,526
2026-07-15T06:00:00+00:00,85.36099999999999,85.442,85.3,85.362,1022
2026-07-15T06:05:00+00:00,85.362,85.527,85.325,85.337,650
2026-07-15T06:10:00+00:00,85.337,85.36999999999999,85.28,85.342,573
2026-07-15T06:15:00+00:00,85.342,85.497,85.31,85.325,668
2026-07-15T06:20:00+00:00,85.325,85.352,85.11999999999999,85.17999999999999,742
2026-07-15T06:25:00+00:00,85.17999999999999,85.402,85.17,85.342,583
2026-07-15T06:30:00+00:00,85.342,85.442,85.26599999999999,85.31,582
2026-07-15T06:35:00+00:00,85.31,85.357,85.225,85.3,671
2026-07-15T06:40:00+00:00,85.3,85.312,85.181,85.22999999999999,553
2026-07-15T06:45:00+00:00,85.22999999999999,85.402,85.17999999999999,85.39,711
2026-07-15T06:50:00+00:00,85.39,85.50699999999999,85.335,85.49199999999999,727
2026-07-15T06:55:00+00:00,85.49199999999999,85.702,85.48599999999999,85.64999999999999,931
2026-07-15T07:00:00+00:00,85.64999999999999,86.00699999999999,85.64999999999999,85.92999999999999,1169
2026-07-15T07:05:00+00:00,85.92999999999999,85.972,85.725,85.822,902
2026-07-15T07:10:00+00:00,85.822,86.057,85.755,85.78,848
2026-07-15T07:15:00+00:00,85.78,85.961,85.78,85.877,666
2026-07-15T07:20:00+00:00,85.877,85.941,85.715,85.895,731
2026-07-15T07:25:00+00:00,85.895,86.142,85.895,85.972,791
2026-07-15T07:30:00+00:00,85.972,86.075,85.925,85.962,800
2026-07-15T07:35:00+00:00,85.962,86.017,85.721,85.821,892
2026-07-15T07:40:00+00:00,85.821,86.077,85.755,85.95,1180
2026-07-15T07:45:00+00:00,85.95,85.997,85.77,85.795,997
2026-07-15T07:50:00+00:00,85.795,86.197,85.765,86.12599999999999,947
2026-07-15T07:55:00+00:00,86.12599999999999,86.262,86.10499999999999,86.155,1066
2026-07-15T08:00:00+00:00,86.155,86.55499999999999,86.115,86.52199999999999,1466
2026-07-15T08:05:00+00:00,86.52199999999999,86.532,86.295,86.371,1119
2026-07-15T08:10:00+00:00,86.371,86.55199999999999,86.35499999999999,86.36999999999999,1254
2026-07-15T08:15:00+00:00,86.36999999999999,86.372,85.97,86.05,1663
2026-07-15T08:20:00+00:00,86.05,86.131,85.907,86.03,1489
2026-07-15T08:25:00+00:00,86.03,86.032,85.316,85.321,3899
2026-07-15T08:30:00+00:00,85.321,85.49,85.15599999999999,85.461,2430
2026-07-15T08:35:00+00:00,85.461,85.487,85.32,85.461,1183
2026-07-15T08:40:00+00:00,85.461,85.577,85.22999999999999,85.28,1084
2026-07-15T08:45:00+00:00,85.28,85.362,85.075,85.28099999999999,1434
2026-07-15T08:50:00+00:00,85.28099999999999,85.28099999999999,84.926,85.072,1229
2026-07-15T08:55:00+00:00,85.072,85.087,84.64999999999999,84.697,1548
2026-07-15T09:00:00+00:00,84.697,84.812,84.541,84.701,1396
2026-07-15T09:05:00+00:00,84.701,84.816,84.53999999999999,84.667,1441
2026-07-15T09:10:00+00:00,84.667,84.922,84.66,84.89099999999999,893
2026-07-15T09:15:00+00:00,84.89099999999999,85.206,84.875,85.172,901
2026-07-15T09:20:00+00:00,85.172,85.336,85.115,85.215,566
2026-07-15T09:25:00+00:00,85.215,85.372,85.215,85.35,656
2026-07-15T09:30:00+00:00,85.35,85.422,85.2,85.30199999999999,962
2026-07-15T09:35:00+00:00,85.30199999999999,85.38199999999999,85.25,85.341,724
2026-07-15T09:40:00+00:00,85.341,85.36699999999999,85.08,85.142,876
2026-07-15T09:45:00+00:00,85.142,85.487,85.13,85.42099999999999,735
2026-07-15T09:50:00+00:00,85.42099999999999,85.541,85.39099999999999,85.442,675
2026-07-15T09:55:00+00:00,85.442,85.52199999999999,85.395,85.471,539
2026-07-15T10:00:00+00:00,85.471,85.49199999999999,85.315,85.405,869
2026-07-15T10:05:00+00:00,85.405,85.655,85.36999999999999,85.61,676
2026-07-15T10:10:00+00:00,85.61,85.701,85.57,85.616,559
2026-07-15T10:15:00+00:00,85.616,85.616,85.39099999999999,85.49499999999999,629
2026-07-15T10:20:00+00:00,85.49499999999999,85.776,85.39,85.761,953
2026-07-15T10:25:00+00:00,85.761,85.837,85.67699999999999,85.771,990
2026-07-15T10:30:00+00:00,85.771,85.791,85.6,85.676,653
2026-07-15T10:35:00+00:00,85.676,85.737,85.585,85.61099999999999,515
2026-07-15T10:40:00+00:00,85.61099999999999,85.64699999999999,85.506,85.59,543
2026-07-15T10:45:00+00:00,85.59,85.67699999999999,85.535,85.587,516
2026-07-15T10:50:00+00:00,85.587,85.657,85.47,85.47999999999999,518
2026-07-15T10:55:00+00:00,85.47999999999999,85.581,85.36999999999999,85.39699999999999,537
2026-07-15T11:00:00+00:00,85.39699999999999,85.431,85.27,85.417,697
2026-07-15T11:05:00+00:00,85.417,85.557,85.395,85.505,680
2026-07-15T11:10:00+00:00,85.505,85.576,85.467,85.511,469
2026-07-15T11:15:00+00:00,85.511,85.547,85.34,85.371,575
2026-07-15T11:20:00+00:00,85.371,85.38199999999999,85.217,85.235,593
2026-07-15T11:25:00+00:00,85.235,85.326,85.205,85.21,645
2026-07-15T11:30:00+00:00,85.21,85.402,85.21,85.396,564
2026-07-15T11:35:00+00:00,85.396,85.407,85.22999999999999,85.315,694
2026-07-15T11:40:00+00:00,85.315,85.392,85.277,85.317,392
2026-07-15T11:45:00+00:00,85.317,85.33,85.175,85.227,594
2026-07-15T11:50:00+00:00,85.227,85.227,84.83,84.92,1750
2026-07-15T11:55:00+00:00,84.92,85.002,84.761,84.967,1218
2026-07-15T12:00:00+00:00,84.967,85.212,84.96,85.086,901
2026-07-15T12:05:00+00:00,85.086,85.202,85.00099999999999,85.03699999999999,679
2026-07-15T12:10:00+00:00,85.03699999999999,85.16199999999999,84.892,84.965,930
2026-07-15T12:15:00+00:00,84.965,85.00699999999999,84.846,84.98599999999999,828
2026-07-15T12:20:00+00:00,84.98599999999999,85.182,84.976,85.16199999999999,774
2026-07-15T12:25:00+00:00,85.16199999999999,85.292,85.155,85.282,669
2026-07-15T12:30:00+00:00,85.282,85.312,85.17099999999999,85.24499999999999,818
2026-07-15T12:35:00+00:00,85.24499999999999,85.27199999999999,85.14999999999999,85.211,930
2026-07-15T12:40:00+00:00,85.211,85.222,85,85.056,842
2026-07-15T12:45:00+00:00,85.056,85.102,84.91,84.981,909
2026-07-15T12:50:00+00:00,84.981,85.097,84.945,85.06,569
2026-07-15T12:55:00+00:00,85.06,85.101,84.91,84.97999999999999,1047
2026-07-15T13:00:00+00:00,84.97999999999999,85.145,84.755,84.841,1992
2026-07-15T13:05:00+00:00,84.841,85.137,84.801,85.13,1607
2026-07-15T13:10:00+00:00,85.13,85.482,85.12599999999999,85.40599999999999,1605
2026-07-15T13:15:00+00:00,85.40599999999999,85.512,85.285,85.31099999999999,988
2026-07-15T13:20:00+00:00,85.31099999999999,85.352,85.201,85.292,1133
2026-07-15T13:25:00+00:00,85.292,85.547,85.28999999999999,85.50999999999999,1161
2026-07-15T13:30:00+00:00,85.50999999999999,85.527,85.107,85.17,1514
2026-07-15T13:35:00+00:00,85.17,85.182,84.925,85.011,1323
2026-07-15T13:40:00+00:00,85.011,85.12599999999999,84.952,85.102,1100
2026-07-15T13:45:00+00:00,85.102,85.216,85.002,85.107,1082
2026-07-15T13:50:00+00:00,85.107,85.27199999999999,85.095,85.17999999999999,1074
2026-07-15T13:55:00+00:00,85.17999999999999,85.216,84.41499999999999,84.846,4304
2026-07-15T14:00:00+00:00,84.846,84.937,84.705,84.761,1996
2026-07-15T14:05:00+00:00,84.761,84.767,84.467,84.566,1561
2026-07-15T14:10:00+00:00,84.566,84.886,84.536,84.886,1186
2026-07-15T14:15:00+00:00,84.886,84.92699999999999,84.741,84.75099999999999,1107
2026-07-15T14:20:00+00:00,84.75099999999999,84.806,84.57,84.591,1156
2026-07-15T14:25:00+00:00,84.591,84.597,84.246,84.475,1743
2026-07-15T14:30:00+00:00,84.475,84.475,84.036,84.212,2866
2026-07-15T14:35:00+00:00,84.212,84.262,83.97,84.17,2222
2026-07-15T14:40:00+00:00,84.17,84.396,84.16499999999999,84.306,1645
2026-07-15T14:45:00+00:00,84.306,84.31099999999999,83.75999999999999,83.792,1874
2026-07-15T14:50:00+00:00,83.792,83.837,83.655,83.67,2656
2026-07-15T14:55:00+00:00,83.67,83.74199999999999,83.457,83.572,1995
2026-07-15T15:00:00+00:00,83.572,83.862,83.53,83.791,1887
2026-07-15T15:05:00+00:00,83.791,83.862,83.515,83.63499999999999,1678
2026-07-15T15:10:00+00:00,83.63499999999999,83.91199999999999,83.63,83.872,1658
2026-07-15T15:15:00+00:00,83.872,83.972,83.71,83.767,1677
2026-07-15T15:20:00+00:00,83.767,83.937,83.49,83.511,1994
2026-07-15T15:25:00+00:00,83.511,83.567,83.405,83.51599999999999,2957
2026-07-15T15:30:00+00:00,83.51599999999999,83.78699999999999,83.445,83.53,2343
2026-07-15T15:35:00+00:00,83.53,84.072,83.337,84.062,2589
2026-07-15T15:40:00+00:00,84.062,84.067,83.64999999999999,83.825,1335
2026-07-15T15:45:00+00:00,83.825,84.057,83.765,84.026,1202
2026-07-15T15:50:00+00:00,84.026,84.102,83.97,83.99,1206
2026-07-15T15:55:00+00:00,83.99,84.227,83.99,84.222,994
2026-07-15T16:00:00+00:00,84.222,84.347,84.155,84.243,1307.9032415816682
2026-07-15T16:05:00+00:00,84.243,84.434,84.237,84.428,1015
2026-07-15T16:10:00+00:00,84.428,84.569,84.35300000000001,84.387,1023
2026-07-15T16:15:00+00:00,84.387,84.494,84.373,84.46900000000001,689
2026-07-15T16:20:00+00:00,84.46900000000001,84.748,84.432,84.684,920
2026-07-15T16:25:00+00:00,84.684,84.724,84.522,84.549,971
2026-07-15T16:30:00+00:00,84.549,84.672,84.452,84.648,758
2026-07-15T16:35:00+00:00,84.648,84.794,84.60900000000001,84.72200000000001,749
2026-07-15T16:40:00+00:00,84.72200000000001,84.812,84.622,84.802,700
2026-07-15T16:45:00+00:00,84.802,84.84400000000001,84.052,84.627,1975
2026-07-15T16:50:00+00:00,84.627,84.894,84.602,84.848,869
2026-07-15T16:55:00+00:00,84.848,85.004,84.818,84.822,1266
2026-07-15T17:00:00+00:00,84.822,84.82900000000001,84.552,84.629,1604
2026-07-15T17:05:00+00:00,84.629,84.663,84.494,84.659,836
2026-07-15T17:10:00+00:00,84.659,84.799,84.639,84.773,754
2026-07-15T17:15:00+00:00,84.773,84.83800000000001,84.657,84.677,696
2026-07-15T17:20:00+00:00,84.677,84.71900000000001,84.598,84.718,508
2026-07-15T17:25:00+00:00,84.718,84.71900000000001,84.287,84.288,1205
2026-07-15T17:30:00+00:00,84.288,84.554,84.122,84.532,2096
2026-07-15T17:35:00+00:00,84.532,84.634,84.437,84.539,1027
2026-07-15T17:40:00+00:00,84.539,84.549,84.357,84.357,749
2026-07-15T17:45:00+00:00,84.357,84.43900000000001,84.302,84.307,822
2026-07-15T17:50:00+00:00,84.307,84.449,84.254,84.399,842
2026-07-15T17:55:00+00:00,84.399,84.43900000000001,84.334,84.407,815
2026-07-15T18:00:00+00:00,84.407,84.507,84.322,84.358,876
2026-07-15T18:05:00+00:00,84.358,84.738,84.34700000000001,84.69800000000001,942
2026-07-15T18:10:00+00:00,84.69800000000001,84.744,84.557,84.577,852
2026-07-15T18:15:00+00:00,84.577,84.813,84.572,84.699,969
2026-07-15T18:20:00+00:00,84.699,84.843,84.662,84.822,690
2026-07-15T18:25:00+00:00,84.822,85.069,84.743,85.059,1811
2026-07-15T18:30:00+00:00,85.059,85.21300000000001,84.982,85.159,1268
2026-07-15T18:35:00+00:00,85.159,85.22800000000001,85.108,85.187,743
2026-07-15T18:40:00+00:00,85.187,85.229,85.047,85.118,398
2026-07-15T18:45:00+00:00,85.118,85.203,85.002,85.127,1063
2026-07-15T18:50:00+00:00,85.127,85.129,85.052,85.118,395
2026-07-15T18:55:00+00:00,85.118,85.172,85.074,85.118,473
2026-07-15T19:00:00+00:00,85.118,85.139,85.047,85.068,293
2026-07-15T19:05:00+00:00,85.068,85.144,84.997,85.134,403
2026-07-15T19:10:00+00:00,85.134,85.148,84.917,85.018,791
2026-07-15T19:15:00+00:00,85.018,85.102,84.933,85.09700000000001,613
2026-07-15T19:20:00+00:00,85.09700000000001,85.268,85.089,85.20400000000001,595
2026-07-15T19:25:00+00:00,85.20400000000001,85.259,85.152,85.238,402
2026-07-15T19:30:00+00:00,85.238,85.894,85.182,85.84700000000001,1741
2026-07-15T19:35:00+00:00,85.84700000000001,86.09400000000001,85.608,85.663,1647
2026-07-15T19:40:00+00:00,85.663,85.71900000000001,85.593,85.659,638
2026-07-15T19:45:00+00:00,85.659,85.85900000000001,85.648,85.839,558
2026-07-15T19:50:00+00:00,85.839,85.858,85.742,85.803,577
2026-07-15T19:55:00+00:00,85.803,85.862,85.759,85.839,603
2026-07-15T20:00:00+00:00,85.839,85.973,85.822,85.914,773
2026-07-15T20:05:00+00:00,85.914,85.994,85.839,85.932,622
2026-07-15T20:10:00+00:00,85.932,85.95400000000001,85.867,85.923,380
2026-07-15T20:15:00+00:00,85.923,85.924,85.662,85.678,425
2026-07-15T20:20:00+00:00,85.678,85.81400000000001,85.662,85.809,356
2026-07-15T20:25:00+00:00,85.809,85.884,85.793,85.83800000000001,147
2026-07-15T20:30:00+00:00,85.83800000000001,85.992,85.82300000000001,85.944,301
2026-07-15T20:35:00+00:00,85.944,85.95400000000001,85.872,85.897,259
2026-07-15T20:40:00+00:00,85.897,86.004,85.897,85.958,280
2026-07-15T20:45:00+00:00,85.958,85.973,85.867,85.867,219
2026-07-15T20:50:00+00:00,85.867,85.867,85.629,85.654,444
2026-07-15T20:55:00+00:00,85.654,85.708,85.607,85.664,397
2026-07-16T00:00:00+00:00,85.664,85.664,85.294,85.294,270.63090627420604
2026-07-16T00:05:00+00:00,85.294,85.339,85.229,85.242,243
2026-07-16T00:10:00+00:00,85.242,85.35900000000001,85.242,85.249,182
2026-07-16T00:15:00+00:00,85.249,85.299,85.232,85.263,147
2026-07-16T00:20:00+00:00,85.263,85.299,85.148,85.299,166
2026-07-16T00:25:00+00:00,85.299,85.339,85.257,85.258,135
2026-07-16T00:30:00+00:00,85.258,85.428,85.244,85.369,151
2026-07-16T00:35:00+00:00,85.369,85.419,85.343,85.399,121
2026-07-16T00:40:00+00:00,85.399,85.488,85.373,85.399,203
2026-07-16T00:45:00+00:00,85.399,85.427,85.337,85.379,109
2026-07-16T00:50:00+00:00,85.379,85.399,85.279,85.328,136
2026-07-16T00:55:00+00:00,85.328,85.434,85.303,85.397,115
2026-07-16T01:00:00+00:00,85.397,85.534,85.279,85.443,996
2026-07-16T01:05:00+00:00,85.443,85.509,85.327,85.498,537
2026-07-16T01:10:00+00:00,85.498,85.572,85.482,85.509,383
2026-07-16T01:15:00+00:00,85.509,85.522,85.34700000000001,85.379,458
2026-07-16T01:20:00+00:00,85.379,85.417,85.269,85.32900000000001,414
2026-07-16T01:25:00+00:00,85.32900000000001,85.468,85.288,85.358,431
2026-07-16T01:30:00+00:00,85.358,85.358,85.187,85.22800000000001,362
2026-07-16T01:35:00+00:00,85.22800000000001,85.299,85.148,85.22800000000001,361
2026-07-16T01:40:00+00:00,85.22800000000001,85.327,85.212,85.32300000000001,342
2026-07-16T01:45:00+00:00,85.32300000000001,85.498,85.217,85.428,377
2026-07-16T01:50:00+00:00,85.428,85.529,85.302,85.309,420
2026-07-16T01:55:00+00:00,85.309,85.382,85.172,85.254,354
2026-07-16T02:00:00+00:00,85.254,85.349,85.247,85.292,354
2026-07-16T02:05:00+00:00,85.292,85.333,85.224,85.282,349
2026-07-16T02:10:00+00:00,85.282,85.339,85.257,85.297,201
2026-07-16T02:15:00+00:00,85.297,85.299,85.263,85.264,82
2026-07-16T02:20:00+00:00,85.264,85.352,85.243,85.309,96
2026-07-16T02:25:00+00:00,85.309,85.46300000000001,85.307,85.393,135
2026-07-16T02:30:00+00:00,85.393,85.424,85.273,85.278,391
2026-07-16T02:35:00+00:00,85.278,85.309,85.223,85.272,317
2026-07-16T02:40:00+00:00,85.272,85.452,85.272,85.377,369
2026-07-16T02:45:00+00:00,85.377,85.379,85.267,85.319,265
2026-07-16T02:50:00+00:00,85.319,85.35300000000001,85.182,85.297,387
2026-07-16T02:55:00+00:00,85.297,85.313,85.237,85.253,262
2026-07-16T03:00:00+00:00,85.253,85.293,85.169,85.177,340
2026-07-16T03:05:00+00:00,85.177,85.217,85.087,85.173,322
2026-07-16T03:10:00+00:00,85.173,85.173,85.06700000000001,85.08800000000001,186
2026-07-16T03:15:00+00:00,85.08800000000001,85.093,84.827,84.867,360
2026-07-16T03:20:00+00:00,84.867,84.884,84.778,84.808,308
2026-07-16T03:25:00+00:00,84.808,84.819,84.742,84.779,280
2026-07-16T03:30:00+00:00,84.779,84.839,84.429,84.509,544
2026-07-16T03:35:00+00:00,84.509,84.649,84.433,84.629,305
2026-07-16T03:40:00+00:00,84.629,84.68900000000001,84.602,84.628,171
2026-07-16T03:45:00+00:00,84.628,84.674,84.613,84.628,139
2026-07-16T03:50:00+00:00,84.628,84.71900000000001,84.627,84.697,182
2026-07-16T03:55:00+00:00,84.697,84.769,84.697,84.747,141
2026-07-16T04:00:00+00:00,84.747,84.813,84.718,84.789,226
2026-07-16T04:05:00+00:00,84.789,84.82900000000001,84.752,84.788,135
2026-07-16T04:10:00+00:00,84.788,84.798,84.70700000000001,84.747,188
2026-07-16T04:15:00+00:00,84.747,84.769,84.717,84.738,96
2026-07-16T04:20:00+00:00,84.738,84.809,84.712,84.798,160
2026-07-16T04:25:00+00:00,84.798,84.82900000000001,84.748,84.764,152
2026-07-16T04:30:00+00:00,84.764,84.789,84.712,84.718,129
2026-07-16T04:35:00+00:00,84.718,84.723,84.659,84.688,83
2026-07-16T04:40:00+00:00,84.688,84.69800000000001,84.544,84.547,200
2026-07-16T04:45:00+00:00,84.547,84.562,84.477,84.494,150
2026-07-16T04:50:00+00:00,84.494,84.528,84.45400000000001,84.45700000000001,163
2026-07-16T04:55:00+00:00,84.45700000000001,84.589,84.45700000000001,84.572,180
2026-07-16T05:00:00+00:00,84.572,84.57900000000001,84.527,84.558,149
2026-07-16T05:05:00+00:00,84.558,84.558,84.459,84.512,200
2026-07-16T05:10:00+00:00,84.512,84.543,84.433,84.543,152
2026-07-16T05:15:00+00:00,84.543,84.589,84.45700000000001,84.56700000000001,281
2026-07-16T05:20:00+00:00,84.56700000000001,84.57300000000001,84.547,84.558,128
2026-07-16T05:25:00+00:00,84.558,84.59700000000001,84.489,84.503,231
2026-07-16T05:30:00+00:00,84.503,84.529,84.337,84.397,1134
2026-07-16T05:35:00+00:00,84.397,84.60300000000001,84.387,84.568,566
2026-07-16T05:40:00+00:00,84.568,84.638,84.518,84.557,432
2026-07-16T05:45:00+00:00,84.557,84.599,84.473,84.507,444
2026-07-16T05:50:00+00:00,84.507,84.688,84.502,84.633,475
2026-07-16T05:55:00+00:00,84.633,84.643,84.527,84.557,441
2026-07-16T06:00:00+00:00,84.557,84.608,84.45700000000001,84.518,712
2026-07-16T06:05:00+00:00,84.518,84.787,84.497,84.772,789
2026-07-16T06:10:00+00:00,84.772,84.878,84.627,84.657,691
2026-07-16T06:15:00+00:00,84.657,84.739,84.538,84.679,523
2026-07-16T06:20:00+00:00,84.679,84.869,84.677,84.843,497
2026-07-16T06:25:00+00:00,84.843,84.909,84.787,84.827,485
2026-07-16T06:30:00+00:00,84.827,84.919,84.70700000000001,84.757,573
2026-07-16T06:35:00+00:00,84.757,84.768,84.497,84.608,600
2026-07-16T06:40:00+00:00,84.608,84.758,84.602,84.718,346
2026-07-16T06:45:00+00:00,84.718,84.798,84.462,84.467,593
2026-07-16T06:50:00+00:00,84.467,84.57900000000001,84.408,84.524,616
2026-07-16T06:55:00+00:00,84.524,84.60300000000001,84.477,84.543,517
2026-07-16T07:00:00+00:00,84.543,84.757,84.508,84.60900000000001,984
2026-07-16T07:05:00+00:00,84.60900000000001,84.649,84.468,84.592,603
2026-07-16T07:10:00+00:00,84.592,84.619,84.327,84.35900000000001,835
2026-07-16T07:15:00+00:00,84.35900000000001,84.553,84.352,84.479,641
2026-07-16T07:20:00+00:00,84.479,84.59700000000001,84.437,84.59700000000001,458
2026-07-16T07:25:00+00:00,84.59700000000001,84.874,84.58800000000001,84.827,568
2026-07-16T07:30:00+00:00,84.827,84.862,84.647,84.647,786
2026-07-16T07:35:00+00:00,84.647,84.784,84.627,84.778,450
2026-07-16T07:40:00+00:00,84.778,84.889,84.638,84.638,603
2026-07-16T07:45:00+00:00,84.638,84.653,84.514,84.639,646
2026-07-16T07:50:00+00:00,84.639,84.647,84.507,84.538,506
2026-07-16T07:55:00+00:00,84.538,84.599,84.507,84.56700000000001,582
2026-07-16T08:00:00+00:00,84.56700000000001,84.629,84.247,84.369,1447
2026-07-16T08:05:00+00:00,84.369,84.528,84.282,84.489,624
2026-07-16T08:10:00+00:00,84.489,84.627,84.407,84.527,804
2026-07-16T08:15:00+00:00,84.527,84.562,84.427,84.509,556
2026-07-16T08:20:00+00:00,84.509,84.539,84.417,84.477,807
2026-07-16T08:25:00+00:00,84.477,84.549,84.377,84.423,2154
2026-07-16T08:30:00+00:00,84.423,84.614,84.297,84.59400000000001,1072
2026-07-16T08:35:00+00:00,84.59400000000001,84.754,84.407,84.71900000000001,738
2026-07-16T08:40:00+00:00,84.71900000000001,84.727,84.58800000000001,84.657,365
2026-07-16T08:45:00+00:00,84.657,84.659,84.45700000000001,84.487,503
2026-07-16T08:50:00+00:00,84.487,84.708,84.479,84.69800000000001,630
2026-07-16T08:55:00+00:00,84.69800000000001,84.699,84.302,84.349,677
2026-07-16T09:00:00+00:00,84.349,84.349,84.07900000000001,84.144,995
2026-07-16T09:05:00+00:00,84.144,84.158,83.922,84.129,905
2026-07-16T09:10:00+00:00,84.129,84.21300000000001,83.843,83.903,716
2026-07-16T09:15:00+00:00,83.903,84.20700000000001,83.869,84.20700000000001,667
2026-07-16T09:20:00+00:00,84.20700000000001,84.399,84.203,84.35900000000001,591
2026-07-16T09:25:00+00:00,84.35900000000001,84.369,84.132,84.158,527
2026-07-16T09:30:00+00:00,84.158,84.369,84.083,84.337,599
2026-07-16T09:35:00+00:00,84.337,84.604,84.277,84.577,942
2026-07-16T09:40:00+00:00,84.577,84.687,84.522,84.618,694
2026-07-16T09:45:00+00:00,84.618,84.764,84.602,84.717,685
2026-07-16T09:50:00+00:00,84.717,84.717,84.537,84.569,565
2026-07-16T09:55:00+00:00,84.569,84.679,84.543,84.679,438
2026-07-16T10:00:00+00:00,84.679,84.718,84.548,84.58800000000001,539
2026-07-16T10:05:00+00:00,84.58800000000001,84.778,84.58800000000001,84.749,588
2026-07-16T10:10:00+00:00,84.749,84.767,84.667,84.764,366
2026-07-16T10:15:00+00:00,84.764,84.794,84.618,84.629,419
2026-07-16T10:20:00+00:00,84.629,84.787,84.629,84.754,317
2026-07-16T10:25:00+00:00,84.754,84.773,84.712,84.748,311
2026-07-16T10:30:00+00:00,84.748,84.84400000000001,84.733,84.773,332
2026-07-16T10:35:00+00:00,84.773,84.82900000000001,84.72200000000001,84.774,293
2026-07-16T10:40:00+00:00,84.774,84.822,84.737,84.789,272
2026-07-16T10:45:00+00:00,84.789,84.809,84.657,84.749,329
2026-07-16T10:50:00+00:00,84.749,84.833,84.628,84.687,424
2026-07-16T10:55:00+00:00,84.687,84.839,84.684,84.779,364
2026-07-16T11:00:00+00:00,84.779,84.779,84.627,84.668,411
2026-07-16T11:05:00+00:00,84.668,84.68900000000001,84.44200000000001,84.443,433
2026-07-16T11:10:00+00:00,84.443,84.659,84.443,84.643,271
2026-07-16T11:15:00+00:00,84.643,84.739,84.562,84.59700000000001,580
2026-07-16T11:20:00+00:00,84.59700000000001,84.679,84.537,84.559,426
2026-07-16T11:25:00+00:00,84.559,84.659,84.522,84.574,489
2026-07-16T11:30:00+00:00,84.574,84.694,84.558,84.56400000000001,498
2026-07-16T11:35:00+00:00,84.56400000000001,84.739,84.552,84.618,433
2026-07-16T11:40:00+00:00,84.618,84.729,84.602,84.653,415
2026-07-16T11:45:00+00:00,84.653,85.529,84.507,85.144,563
2026-07-16T11:50:00+00:00,85.144,85.202,84.828,84.938,2853
2026-07-16T11:55:00+00:00,84.938,85.06400000000001,84.764,84.779,1137
2026-07-16T12:00:00+00:00,84.779,85.099,84.727,85.089,1046
2026-07-16T12:05:00+00:00,85.089,85.264,85.089,85.19800000000001,710
2026-07-16T12:10:00+00:00,85.19800000000001,85.409,85.193,85.383,717
2026-07-16T12:15:00+00:00,85.383,85.578,85.383,85.509,854
2026-07-16T12:20:00+00:00,85.509,85.749,85.467,85.688,1087
2026-07-16T12:25:00+00:00,85.688,86.039,85.688,85.787,1458
2026-07-16T12:30:00+00:00,85.787,85.809,85.628,85.758,1248
2026-07-16T12:35:00+00:00,85.758,86.039,85.747,86.028,1393
2026-07-16T12:40:00+00:00,86.028,86.114,85.923,86.038,1027
2026-07-16T12:45:00+00:00,86.038,86.044,85.642,85.753,1156
2026-07-16T12:50:00+00:00,85.753,85.929,85.753,85.878,867
2026-07-16T12:55:00+00:00,85.878,85.999,85.878,85.897,711
2026-07-16T13:00:00+00:00,85.897,86.264,85.803,86.134,1985
2026-07-16T13:05:00+00:00,86.134,86.134,85.747,85.85900000000001,1774
2026-07-16T13:10:00+00:00,85.85900000000001,85.959,85.767,85.788,1177
2026-07-16T13:15:00+00:00,85.788,85.964,85.768,85.874,931
2026-07-16T13:20:00+00:00,85.874,85.914,85.742,85.757,933
2026-07-16T13:25:00+00:00,85.757,85.798,85.537,85.574,1330
2026-07-16T13:30:00+00:00,85.574,85.794,85.379,85.782,1444
2026-07-16T13:35:00+00:00,85.782,85.864,85.543,85.578,1082
2026-07-16T13:40:00+00:00,85.578,85.578,85.294,85.413,1156
2026-07-16T13:45:00+00:00,85.413,85.524,85.302,85.35900000000001,789
2026-07-16T13:50:00+00:00,85.35900000000001,85.494,85.322,85.367,820
2026-07-16T13:55:00+00:00,85.367,85.524,85.289,85.492,852
2026-07-16T14:00:00+00:00,85.492,85.514,85.112,85.112,1208
2026-07-16T14:05:00+00:00,85.112,85.299,85.078,85.274,1243
2026-07-16T14:10:00+00:00,85.274,85.35900000000001,85.237,85.339,845
2026-07-16T14:15:00+00:00,85.339,85.419,85.247,85.279,859
2026-07-16T14:20:00+00:00,85.279,85.714,85.267,85.608,1081
2026-07-16T14:25:00+00:00,85.608,85.659,85.382,85.418,1062
2026-07-16T14:30:00+00:00,85.418,85.45700000000001,85.308,85.424,934
2026-07-16T14:35:00+00:00,85.424,85.428,85.18900000000001,85.21900000000001,1024
2026-07-16T14:40:00+00:00,85.21900000000001,85.273,85.08200000000001,85.087,1115
2026-07-16T14:45:00+00:00,85.087,85.158,84.892,85.013,1020
2026-07-16T14:50:00+00:00,85.013,85.087,84.919,84.924,1067
2026-07-16T14:55:00+00:00,84.924,85.004,84.744,84.884,1554
2026-07-16T15:00:00+00:00,84.884,85.093,84.81700000000001,85.089,1185
2026-07-16T15:05:00+00:00,85.089,85.184,84.987,85.007,1156
2026-07-16T15:10:00+00:00,85.007,85.129,84.982,85.078,832
2026-07-16T15:15:00+00:00,85.078,85.133,84.97200000000001,85.008,949
2026-07-16T15:20:00+00:00,85.008,85.014,84.672,84.792,1533
2026-07-16T15:25:00+00:00,84.792,84.887,84.627,84.864,2005
2026-07-16T15:30:00+00:00,84.864,85.023,84.797,84.808,1367
2026-07-16T15:35:00+00:00,84.808,84.82900000000001,84.648,84.657,921
2026-07-16T15:40:00+00:00,84.657,84.699,84.507,84.697,1004
2026-07-16T15:45:00+00:00,84.697,84.834,84.697,84.757,852
2026-07-16T15:50:00+00:00,84.757,84.863,84.72200000000001,84.754,808
2026-07-16T15:55:00+00:00,84.754,84.774,84.682,84.717,681
2026-07-16T16:00:00+00:00,84.717,84.964,84.697,84.932,867
2026-07-16T16:05:00+00:00,84.932,85.134,84.918,84.933,1186
2026-07-16T16:10:00+00:00,84.933,85.058,84.783,84.912,974
2026-07-16T16:15:00+00:00,84.912,85.224,84.862,85.148,832
2026-07-16T16:20:00+00:00,85.148,85.738,85.08200000000001,85.159,2556
2026-07-16T16:25:00+00:00,85.159,85.294,84.888,84.899,1346
2026-07-16T16:30:00+00:00,84.899,84.928,84.687,84.744,1157
2026-07-16T16:35:00+00:00,84.744,84.958,84.677,84.932,806
2026-07-16T16:40:00+00:00,84.932,84.974,84.748,84.799,740
2026-07-16T16:45:00+00:00,84.799,84.83800000000001,84.687,84.703,670
2026-07-16T16:50:00+00:00,84.703,84.753,84.407,84.437,910
2026-07-16T16:55:00+00:00,84.437,84.547,84.253,84.459,1475
2026-07-16T17:00:00+00:00,84.459,84.46900000000001,84.258,84.409,954
2026-07-16T17:05:00+00:00,84.409,84.482,84.327,84.482,661
2026-07-16T17:10:00+00:00,84.482,84.649,84.47200000000001,84.647,579
2026-07-16T17:15:00+00:00,84.647,84.659,84.437,84.438,563
2026-07-16T17:20:00+00:00,84.438,84.489,84.352,84.44800000000001,464
2026-07-16T17:25:00+00:00,84.44800000000001,84.44800000000001,84.334,84.349,612
2026-07-16T17:30:00+00:00,84.349,84.543,84.328,84.524,936
2026-07-16T17:35:00+00:00,84.524,84.558,84.453,84.467,577
2026-07-16T17:40:00+00:00,84.467,84.468,84.148,84.424,1197
2026-07-16T17:45:00+00:00,84.424,84.479,84.309,84.339,706
2026-07-16T17:50:00+00:00,84.339,84.339,84.112,84.208,851
2026-07-16T17:55:00+00:00,84.208,84.249,84.147,84.188,579
2026-07-16T18:00:00+00:00,84.188,84.208,84.047,84.20400000000001,748
2026-07-16T18:05:00+00:00,84.20400000000001,84.327,84.188,84.259,625
2026-07-16T18:10:00+00:00,84.259,84.267,84.048,84.114,566
2026-07-16T18:15:00+00:00,84.114,84.143,83.974,84.138,644
2026-07-16T18:20:00+00:00,84.138,84.35900000000001,83.98400000000001,84.35900000000001,1125
2026-07-16T18:25:00+00:00,84.35900000000001,84.409,84.173,84.272,1934
2026-07-16T18:30:00+00:00,84.272,84.294,84.137,84.18900000000001,663
2026-07-16T18:35:00+00:00,84.18900000000001,84.22800000000001,84.063,84.21900000000001,366
2026-07-16T18:40:00+00:00,84.21900000000001,84.299,84.173,84.294,309
2026-07-16T18:45:00+00:00,84.294,84.433,84.292,84.337,454
2026-07-16T18:50:00+00:00,84.337,84.348,84.209,84.238,268
2026-07-16T18:55:00+00:00,84.238,84.319,84.217,84.31400000000001,364
2026-07-16T19:00:00+00:00,84.31400000000001,84.389,84.289,84.31700000000001,436
2026-07-16T19:05:00+00:00,84.31700000000001,84.382,84.297,84.328,191
2026-07-16T19:10:00+00:00,84.328,84.369,84.237,84.284,274
2026-07-16T19:15:00+00:00,84.284,84.308,84.257,84.308,165
2026-07-16T19:20:00+00:00,84.308,84.32300000000001,84.243,84.249,172
2026-07-16T19:25:00+00:00,84.249,84.269,84.237,84.262,175
2026-07-16T19:30:00+00:00,84.262,84.409,84.262,84.409,231
2026-07-16T19:35:00+00:00,84.409,84.444,84.298,84.357,353
2026-07-16T19:40:00+00:00,84.357,84.368,84.307,84.368,139
2026-07-16T19:45:00+00:00,84.368,84.368,84.31700000000001,84.352,133
2026-07-16T19:50:00+00:00,84.352,84.409,84.337,84.377,288
2026-07-16T19:55:00+00:00,84.377,84.379,84.304,84.334,279
2026-07-16T20:00:00+00:00,84.334,84.358,84.278,84.297,208
2026-07-16T20:05:00+00:00,84.297,84.378,84.137,84.183,357
2026-07-16T20:10:00+00:00,84.183,84.358,84.178,84.34700000000001,201
2026-07-16T20:15:00+00:00,84.34700000000001,84.418,84.33800000000001,84.409,227
2026-07-16T20:20:00+00:00,84.409,84.459,84.383,84.407,197
2026-07-16T20:25:00+00:00,84.407,84.434,84.377,84.399,133
2026-07-16T20:30:00+00:00,84.399,84.739,84.398,84.708,564
2026-07-16T20:35:00+00:00,84.708,84.938,84.618,84.802,567
2026-07-16T20:40:00+00:00,84.802,84.818,84.749,84.798,292
2026-07-16T20:45:00+00:00,84.798,85.038,84.769,85.013,436
2026-07-16T20:50:00+00:00,85.013,85.017,84.899,84.899,363
2026-07-16T20:55:00+00:00,84.899,84.95400000000001,84.85900000000001,84.928,460
2026-07-17T00:00:00+00:00,84.928,84.928,84.772,84.847,243.5026436376454
2026-07-17T00:05:00+00:00,84.847,84.864,84.81700000000001,84.828,149
2026-07-17T00:10:00+00:00,84.828,84.853,84.769,84.778,158
2026-07-17T00:15:00+00:00,84.778,84.82900000000001,84.747,84.81700000000001,139
2026-07-17T00:20:00+00:00,84.81700000000001,84.889,84.777,84.838,203
2026-07-17T00:25:00+00:00,84.838,84.93900000000001,84.693,84.904,258
2026-07-17T00:30:00+00:00,84.904,84.904,84.804,84.808,151
2026-07-17T00:35:00+00:00,84.808,84.862,84.748,84.862,129
2026-07-17T00:40:00+00:00,84.862,85.029,84.827,85.024,191
2026-07-17T00:45:00+00:00,85.024,85.024,84.882,84.958,184
2026-07-17T00:50:00+00:00,84.958,85.033,84.947,85.004,125
2026-07-17T00:55:00+00:00,85.004,85.049,84.987,85.023,163
2026-07-17T01:00:00+00:00,85.023,85.114,84.917,85.022,945
2026-07-17T01:05:00+00:00,85.022,85.233,84.917,85.208,449
2026-07-17T01:10:00+00:00,85.208,85.353,85.167,85.268,463
2026-07-17T01:15:00+00:00,85.268,85.32900000000001,85.237,85.319,334
2026-07-17T01:20:00+00:00,85.319,85.422,85.297,85.348,324
2026-07-17T01:25:00+00:00,85.348,85.434,85.31700000000001,85.434,367
2026-07-17T01:30:00+00:00,85.434,85.482,85.197,85.197,476
2026-07-17T01:35:00+00:00,85.197,85.207,85.058,85.113,430
2026-07-17T01:40:00+00:00,85.113,85.154,85.042,85.139,284
2026-07-17T01:45:00+00:00,85.139,85.148,85.002,85.128,326
2026-07-17T01:50:00+00:00,85.128,85.169,85.052,85.074,269
2026-07-17T01:55:00+00:00,85.074,85.158,85.032,85.06400000000001,484
2026-07-17T02:00:00+00:00,85.06400000000001,85.148,85.003,85.139,405
2026-07-17T02:05:00+00:00,85.139,85.144,85.027,85.108,224
2026-07-17T02:10:00+00:00,85.108,85.113,85.039,85.077,163
2026-07-17T02:15:00+00:00,85.077,85.07900000000001,85.014,85.078,174
2026-07-17T02:20:00+00:00,85.078,85.07900000000001,85.033,85.037,50
2026-07-17T02:25:00+00:00,85.037,85.039,84.967,84.978,138
2026-07-17T02:30:00+00:00,84.978,84.979,84.827,84.877,506
2026-07-17T02:35:00+00:00,84.877,84.889,84.767,84.869,320
2026-07-17T02:40:00+00:00,84.869,84.878,84.792,84.858,238
2026-07-17T02:45:00+00:00,84.858,84.869,84.752,84.754,461
2026-07-17T02:50:00+00:00,84.754,84.848,84.642,84.848,802
2026-07-17T02:55:00+00:00,84.848,84.918,84.767,84.879,378
2026-07-17T03:00:00+00:00,84.879,84.937,84.837,84.928,273
2026-07-17T03:05:00+00:00,84.928,84.953,84.857,84.938,204
2026-07-17T03:10:00+00:00,84.938,84.989,84.887,84.907,185
2026-07-17T03:15:00+00:00,84.907,84.914,84.743,84.793,399
2026-07-17T03:20:00+00:00,84.793,84.854,84.768,84.847,327
2026-07-17T03:25:00+00:00,84.847,84.949,84.828,84.929,398
2026-07-17T03:30:00+00:00,84.929,84.934,84.819,84.859,165
2026-07-17T03:35:00+00:00,84.859,84.859,84.827,84.858,66
2026-07-17T03:40:00+00:00,84.858,84.984,84.844,84.95400000000001,108
2026-07-17T03:45:00+00:00,84.95400000000001,84.967,84.919,84.959,75
2026-07-17T03:50:00+00:00,84.959,84.969,84.952,84.963,70
2026-07-17T03:55:00+00:00,84.963,85.042,84.957,85.037,112
2026-07-17T04:00:00+00:00,85.037,85.054,85.008,85.029,138
2026-07-17T04:05:00+00:00,85.029,85.029,84.967,85.007,84
2026-07-17T04:10:00+00:00,85.007,85.054,85.007,85.053,96
2026-07-17T04:15:00+00:00,85.053,85.089,85.027,85.054,121
2026-07-17T04:20:00+00:00,85.054,85.103,85.042,85.099,145
2026-07-17T04:25:00+00:00,85.099,85.139,85.089,85.112,178
2026-07-17T04:30:00+00:00,85.112,85.139,85.107,85.128,80
2026-07-17T04:35:00+00:00,85.128,85.129,85.058,85.069,143
2026-07-17T04:40:00+00:00,85.069,85.089,85.017,85.039,103
2026-07-17T04:45:00+00:00,85.039,85.039,84.997,84.999,80
2026-07-17T04:50:00+00:00,84.999,84.999,84.972,84.972,109
2026-07-17T04:55:00+00:00,84.972,85.044,84.972,85.044,151
2026-07-17T05:00:00+00:00,85.044,85.069,85.022,85.048,149
2026-07-17T05:05:00+00:00,85.048,85.048,84.947,84.94800000000001,171
2026-07-17T05:10:00+00:00,84.94800000000001,84.959,84.922,84.929,95
2026-07-17T05:15:00+00:00,84.929,84.959,84.923,84.937,74
2026-07-17T05:20:00+00:00,84.937,84.944,84.867,84.889,218
2026-07-17T05:25:00+00:00,84.889,84.909,84.794,84.858,272
2026-07-17T05:30:00+00:00,84.858,84.993,84.822,84.864,1020
2026-07-17T05:35:00+00:00,84.864,84.867,84.622,84.647,1246
2026-07-17T05:40:00+00:00,84.647,84.649,83.957,84.183,2361
2026-07-17T05:45:00+00:00,84.183,84.208,83.947,84.033,2372
2026-07-17T05:50:00+00:00,84.033,84.352,84.032,84.273,1073
2026-07-17T05:55:00+00:00,84.273,84.328,84.177,84.279,1360
2026-07-17T06:00:00+00:00,84.279,84.31400000000001,83.847,83.899,2094
2026-07-17T06:05:00+00:00,83.899,83.902,83.702,83.788,1268
2026-07-17T06:10:00+00:00,83.788,83.918,83.737,83.918,1034
2026-07-17T06:15:00+00:00,83.918,84.144,83.843,84.128,1059
2026-07-17T06:20:00+00:00,84.128,84.132,83.877,83.977,852
2026-07-17T06:25:00+00:00,83.977,84.309,83.977,84.267,614
2026-07-17T06:30:00+00:00,84.267,84.313,84.183,84.249,669
2026-07-17T06:35:00+00:00,84.249,84.587,84.248,84.544,851
2026-07-17T06:40:00+00:00,84.544,84.624,84.418,84.434,862
2026-07-17T06:45:00+00:00,84.434,84.562,84.378,84.378,608
2026-07-17T06:50:00+00:00,84.378,84.388,84.18900000000001,84.327,944
2026-07-17T06:55:00+00:00,84.327,84.359,84.264,84.319,826
2026-07-17T07:00:00+00:00,84.319,84.469,84.319,84.389,824
2026-07-17T07:05:00+00:00,84.389,84.639,84.387,84.609,676
2026-07-17T07:10:00+00:00,84.609,84.627,84.517,84.538,612
2026-07-17T07:15:00+00:00,84.538,84.68900000000001,84.437,84.678,566
2026-07-17T07:20:00+00:00,84.678,84.818,84.638,84.757,610
2026-07-17T07:25:00+00:00,84.757,84.858,84.637,84.679,765
2026-07-17T07:30:00+00:00,84.679,84.729,84.623,84.677,554
2026-07-17T07:35:00+00:00,84.677,84.722,84.557,84.628,796
2026-07-17T07:40:00+00:00,84.628,84.679,84.587,84.608,491
2026-07-17T07:45:00+00:00,84.608,84.657,84.407,84.469,671
2026-07-17T07:50:00+00:00,84.469,84.498,84.397,84.458,587
2026-07-17T07:55:00+00:00,84.458,84.532,84.383,84.413,743
2026-07-17T08:00:00+00:00,84.413,84.437,84.157,84.188,1187
2026-07-17T08:05:00+00:00,84.188,84.453,84.178,84.297,646
2026-07-17T08:10:00+00:00,84.297,84.56400000000001,84.297,84.479,912
2026-07-17T08:15:00+00:00,84.479,84.497,84.212,84.268,1031
2026-07-17T08:20:00+00:00,84.268,84.612,84.228,84.607,1320
2026-07-17T08:25:00+00:00,84.607,84.799,84.592,84.783,2703
2026-07-17T08:30:00+00:00,84.783,84.799,84.604,84.794,1186
2026-07-17T08:35:00+00:00,84.794,84.799,84.507,84.574,724
2026-07-17T08:40:00+00:00,84.574,84.729,84.502,84.648,650
2026-07-17T08:45:00+00:00,84.648,84.779,84.638,84.753,582
2026-07-17T08:50:00+00:00,84.753,84.984,84.742,84.929,600
2026-07-17T08:55:00+00:00,84.929,85.058,84.777,85.024,942
2026-07-17T09:00:00+00:00,85.024,85.419,85.004,85.267,1388
2026-07-17T09:05:00+00:00,85.267,85.419,85.19800000000001,85.367,872
2026-07-17T09:10:00+00:00,85.367,85.383,85.177,85.239,621
2026-07-17T09:15:00+00:00,85.239,85.378,85.209,85.377,549
2026-07-17T09:20:00+00:00,85.377,85.674,85.373,85.599,674
2026-07-17T09:25:00+00:00,85.599,85.734,85.594,85.677,766
2026-07-17T09:30:00+00:00,85.677,85.773,85.547,85.677,749
2026-07-17T09:35:00+00:00,85.677,85.857,85.652,85.753,819
2026-07-17T09:40:00+00:00,85.753,85.808,85.572,85.649,580
2026-07-17T09:45:00+00:00,85.649,85.729,85.587,85.718,450
2026-07-17T09:50:00+00:00,85.718,85.774,85.697,85.744,633
2026-07-17T09:55:00+00:00,85.744,85.758,85.647,85.648,795
2026-07-17T10:00:00+00:00,85.648,85.649,85.447,85.558,688
2026-07-17T10:05:00+00:00,85.558,85.884,85.547,85.877,569
2026-07-17T10:10:00+00:00,85.877,85.928,85.792,85.893,627
2026-07-17T10:15:00+00:00,85.893,85.964,85.834,85.928,584
2026-07-17T10:20:00+00:00,85.928,85.928,85.767,85.869,417
2026-07-17T10:25:00+00:00,85.869,85.914,85.659,85.663,419
2026-07-17T10:30:00+00:00,85.663,85.674,85.549,85.659,388
2026-07-17T10:35:00+00:00,85.659,85.673,85.527,85.538,330
2026-07-17T10:40:00+00:00,85.538,85.593,85.493,85.537,345
2026-07-17T10:45:00+00:00,85.537,85.669,85.537,85.627,324
2026-07-17T10:50:00+00:00,85.627,85.792,85.607,85.792,439
2026-07-17T10:55:00+00:00,85.792,85.818,85.723,85.769,391
2026-07-17T11:00:00+00:00,85.769,85.818,85.712,85.768,365
2026-07-17T11:05:00+00:00,85.768,85.964,85.753,85.93900000000001,492
2026-07-17T11:10:00+00:00,85.93900000000001,85.984,85.908,85.934,376
2026-07-17T11:15:00+00:00,85.934,86.044,85.923,85.987,379
2026-07-17T11:20:00+00:00,85.987,86.088,85.927,85.974,622
2026-07-17T11:25:00+00:00,85.974,86.019,85.828,85.839,567
2026-07-17T11:30:00+00:00,85.839,85.937,85.787,85.929,623
2026-07-17T11:35:00+00:00,85.929,85.929,85.719,85.743,512
2026-07-17T11:40:00+00:00,85.743,85.848,85.727,85.818,435
2026-07-17T11:45:00+00:00,85.818,85.873,85.753,85.872,382
2026-07-17T11:50:00+00:00,85.872,85.997,85.838,85.974,472
2026-07-17T11:55:00+00:00,85.974,86.034,85.928,86.002,384
2026-07-17T12:00:00+00:00,86.002,86.034,85.94200000000001,86.022,378
2026-07-17T12:05:00+00:00,86.022,86.06700000000001,85.94200000000001,85.943,520
2026-07-17T12:10:00+00:00,85.943,86.027,85.928,85.988,434
2026-07-17T12:15:00+00:00,85.988,86.194,85.982,86.139,637
2026-07-17T12:20:00+00:00,86.139,86.179,86.092,86.124,460
2026-07-17T12:25:00+00:00,86.124,86.124,85.987,86.102,407
2026-07-17T12:30:00+00:00,86.102,86.294,86.102,86.264,617
2026-07-17T12:35:00+00:00,86.264,86.309,86.179,86.243,530
2026-07-17T12:40:00+00:00,86.243,86.254,86.152,86.224,587
2026-07-17T12:45:00+00:00,86.224,86.233,86.092,86.124,504
2026-07-17T12:50:00+00:00,86.124,86.159,86.033,86.142,507
2026-07-17T12:55:00+00:00,86.142,86.402,86.112,86.307,851
2026-07-17T13:00:00+00:00,86.307,86.874,86.252,86.792,2058
2026-07-17T13:05:00+00:00,86.792,86.898,86.548,86.552,1511
2026-07-17T13:10:00+00:00,86.552,86.732,86.517,86.699,956
2026-07-17T13:15:00+00:00,86.699,86.714,86.517,86.598,1079
2026-07-17T13:20:00+00:00,86.598,86.827,86.562,86.737,956
2026-07-17T13:25:00+00:00,86.737,86.783,86.667,86.737,999
2026-07-17T13:30:00+00:00,86.737,86.82900000000001,86.667,86.668,1259
2026-07-17T13:35:00+00:00,86.668,86.714,86.387,86.402,1108
2026-07-17T13:40:00+00:00,86.402,86.764,86.392,86.748,858
2026-07-17T13:45:00+00:00,86.748,86.804,86.677,86.783,857
2026-07-17T13:50:00+00:00,86.783,86.944,86.783,86.882,834
2026-07-17T13:55:00+00:00,86.882,86.984,86.853,86.95400000000001,625
2026-07-17T14:00:00+00:00,86.95400000000001,87.099,86.849,87.072,1245
2026-07-17T14:05:00+00:00,87.072,87.082,86.793,86.837,1039
2026-07-17T14:10:00+00:00,86.837,87.019,86.837,86.994,844
2026-07-17T14:15:00+00:00,86.994,86.994,86.763,86.929,1049
2026-07-17T14:20:00+00:00,86.929,86.937,86.767,86.807,806
2026-07-17T14:25:00+00:00,86.807,86.874,86.752,86.81400000000001,804
2026-07-17T14:30:00+00:00,86.81400000000001,86.81400000000001,86.597,86.613,1034
2026-07-17T14:35:00+00:00,86.613,86.723,86.487,86.684,838
2026-07-17T14:40:00+00:00,86.684,86.824,86.652,86.824,968
2026-07-17T14:45:00+00:00,86.824,86.824,86.614,86.679,807
2026-07-17T14:50:00+00:00,86.679,86.694,86.457,86.463,860
2026-07-17T14:55:00+00:00,86.463,86.487,86.263,86.277,1163
2026-07-17T15:00:00+00:00,86.277,86.388,86.102,86.129,1786
2026-07-17T15:05:00+00:00,86.129,86.209,85.979,86.044,1156
2026-07-17T15:10:00+00:00,86.044,86.084,85.892,85.999,1059
2026-07-17T15:15:00+00:00,85.999,86.324,85.993,86.179,1452
2026-07-17T15:20:00+00:00,86.179,86.437,86.009,86.432,1094
2026-07-17T15:25:00+00:00,86.432,86.583,86.337,86.399,1861
2026-07-17T15:30:00+00:00,86.399,86.733,86.278,86.637,1689
2026-07-17T15:35:00+00:00,86.637,86.797,86.547,86.738,956
2026-07-17T15:40:00+00:00,86.738,86.784,86.667,86.699,745
2026-07-17T15:45:00+00:00,86.699,86.744,86.577,86.634,777
2026-07-17T15:50:00+00:00,86.634,86.818,86.627,86.739,649
2026-07-17T15:55:00+00:00,86.739,86.752,86.658,86.684,697
2026-07-17T16:00:00+00:00,86.684,87.379,86.624,87.227,1954
2026-07-17T16:05:00+00:00,87.227,87.424,87.093,87.397,1230
2026-07-17T16:10:00+00:00,87.397,87.459,87.342,87.357,889
2026-07-17T16:15:00+00:00,87.357,87.558,87.354,87.418,963
2026-07-17T16:20:00+00:00,87.418,87.572,87.313,87.557,833
2026-07-17T16:25:00+00:00,87.557,87.609,87.438,87.473,818
2026-07-17T16:30:00+00:00,87.473,87.509,87.384,87.488,565
2026-07-17T16:35:00+00:00,87.488,87.587,87.412,87.419,656
2026-07-17T16:40:00+00:00,87.419,87.483,87.363,87.473,605
2026-07-17T16:45:00+00:00,87.473,87.529,87.363,87.383,458
2026-07-17T16:50:00+00:00,87.383,87.654,87.349,87.652,748
2026-07-17T16:55:00+00:00,87.652,87.723,87.622,87.634,812
2026-07-17T17:00:00+00:00,87.634,87.634,87.457,87.517,632
2026-07-17T17:05:00+00:00,87.517,87.634,87.429,87.587,656
2026-07-17T17:10:00+00:00,87.587,87.684,87.582,87.634,471
2026-07-17T17:15:00+00:00,87.634,87.729,87.587,87.724,423
2026-07-17T17:20:00+00:00,87.724,87.813,87.647,87.773,646
2026-07-17T17:25:00+00:00,87.773,87.874,87.773,87.783,604
2026-07-17T17:30:00+00:00,87.783,88.024,87.778,87.82300000000001,682
2026-07-17T17:35:00+00:00,87.82300000000001,87.854,87.732,87.81400000000001,673
2026-07-17T17:40:00+00:00,87.81400000000001,88.033,87.787,88.003,885
2026-07-17T17:45:00+00:00,88.003,88.094,87.917,88.024,1061
2026-07-17T17:50:00+00:00,88.024,88.094,87.912,87.94200000000001,781
2026-07-17T17:55:00+00:00,87.94200000000001,88.092,87.932,87.982,799
2026-07-17T18:00:00+00:00,87.982,88.059,87.843,88.032,1033
2026-07-17T18:05:00+00:00,88.032,88.309,88.032,88.083,1232
2026-07-17T18:10:00+00:00,88.083,88.173,88.002,88.163,715
2026-07-17T18:15:00+00:00,88.163,88.229,88.088,88.088,897
2026-07-17T18:20:00+00:00,88.088,88.232,88.053,88.207,1007
2026-07-17T18:25:00+00:00,88.207,88.224,88.013,88.014,2686
2026-07-17T18:30:00+00:00,88.014,88.034,87.827,87.834,932
2026-07-17T18:35:00+00:00,87.834,87.94200000000001,87.767,87.872,617
2026-07-17T18:40:00+00:00,87.872,87.882,87.638,87.737,486
2026-07-17T18:45:00+00:00,87.737,87.769,87.677,87.768,391
2026-07-17T18:50:00+00:00,87.768,87.799,87.694,87.757,469
2026-07-17T18:55:00+00:00,87.757,87.778,87.702,87.713,268
2026-07-17T19:00:00+00:00,87.713,87.739,87.602,87.669,295
2026-07-17T19:05:00+00:00,87.669,87.697,87.617,87.648,469
2026-07-17T19:10:00+00:00,87.648,87.724,87.643,87.717,362
2026-07-17T19:15:00+00:00,87.717,87.779,87.707,87.748,302
2026-07-17T19:20:00+00:00,87.748,87.853,87.748,87.797,310
2026-07-17T19:25:00+00:00,87.797,87.844,87.682,87.707,534
2026-07-17T19:30:00+00:00,87.707,87.707,87.499,87.499,626
2026-07-17T19:35:00+00:00,87.499,87.653,87.492,87.543,359
2026-07-17T19:40:00+00:00,87.543,87.549,87.379,87.409,522
2026-07-17T19:45:00+00:00,87.409,87.553,87.392,87.468,444
2026-07-17T19:50:00+00:00,87.468,87.774,87.452,87.738,791
2026-07-17T19:55:00+00:00,87.738,87.804,87.727,87.793,498
2026-07-17T20:00:00+00:00,87.793,87.839,87.663,87.827,431
2026-07-17T20:05:00+00:00,87.827,87.932,87.812,87.818,596
2026-07-17T20:10:00+00:00,87.818,87.842,87.767,87.827,177
2026-07-17T20:15:00+00:00,87.827,87.879,87.819,87.848,195
2026-07-17T20:20:00+00:00,87.848,88.019,87.848,87.984,238
2026-07-17T20:25:00+00:00,87.984,88.093,87.947,88.068,178
2026-07-17T20:30:00+00:00,88.068,88.167,88.003,88.077,325
2026-07-17T20:35:00+00:00,88.077,88.179,88.042,88.154,379
2026-07-17T20:40:00+00:00,88.154,88.217,88.108,88.207,194
2026-07-20T00:00:00+00:00,88.207,88.268,88.02199999999999,88.02199999999999,506.09378751500606
2026-07-20T00:05:00+00:00,88.02199999999999,88.091,87.938,88.023,512
2026-07-20T00:10:00+00:00,88.023,88.057,87.872,87.987,338
2026-07-20T00:15:00+00:00,87.987,88.073,87.89699999999999,88.06099999999999,407
2026-07-20T00:20:00+00:00,88.06099999999999,88.06099999999999,87.871,87.967,264
2026-07-20T00:25:00+00:00,87.967,88.062,87.926,88.02199999999999,293
2026-07-20T00:30:00+00:00,88.02199999999999,88.032,87.842,87.881,370
2026-07-20T00:35:00+00:00,87.881,88.092,87.868,88.092,189
2026-07-20T00:40:00+00:00,88.092,88.11699999999999,87.987,88.01299999999999,155
2026-07-20T00:45:00+00:00,88.01299999999999,88.05199999999999,87.958,88.00099999999999,173
2026-07-20T00:50:00+00:00,88.00099999999999,88.018,87.88199999999999,87.952,197
2026-07-20T00:55:00+00:00,87.952,87.952,87.81099999999999,87.85799999999999,351
2026-07-20T01:00:00+00:00,87.85799999999999,87.902,87.571,87.636,2202
2026-07-20T01:05:00+00:00,87.636,87.76299999999999,87.56099999999999,87.621,1063
2026-07-20T01:10:00+00:00,87.621,87.87599999999999,87.621,87.85799999999999,739
2026-07-20T01:15:00+00:00,87.85799999999999,87.85799999999999,87.576,87.74199999999999,990
2026-07-20T01:20:00+00:00,87.74199999999999,87.758,87.622,87.693,567
2026-07-20T01:25:00+00:00,87.693,87.916,87.65599999999999,87.827,632
2026-07-20T01:30:00+00:00,87.827,87.91199999999999,87.728,87.856,567
2026-07-20T01:35:00+00:00,87.856,87.948,87.761,87.89099999999999,460
2026-07-20T01:40:00+00:00,87.89099999999999,87.953,87.806,87.91799999999999,503
2026-07-20T01:45:00+00:00,87.91799999999999,88.01299999999999,87.801,87.89099999999999,618
2026-07-20T01:50:00+00:00,87.89099999999999,87.957,87.791,87.821,590
2026-07-20T01:55:00+00:00,87.821,87.843,87.703,87.822,765
2026-07-20T02:00:00+00:00,87.822,87.822,87.578,87.771,809
2026-07-20T02:05:00+00:00,87.771,88.053,87.746,87.961,505
2026-07-20T02:10:00+00:00,87.961,88.008,87.92699999999999,87.98599999999999,377
2026-07-20T02:15:00+00:00,87.98599999999999,88.006,87.957,87.988,107
2026-07-20T02:20:00+00:00,87.988,87.988,87.833,87.91199999999999,248
2026-07-20T02:25:00+00:00,87.91199999999999,87.91199999999999,87.743,87.773,226
2026-07-20T02:30:00+00:00,87.773,87.81099999999999,87.512,87.74799999999999,869
2026-07-20T02:35:00+00:00,87.74799999999999,87.86699999999999,87.682,87.791,577
2026-07-20T02:40:00+00:00,87.791,87.823,87.536,87.687,575
2026-07-20T02:45:00+00:00,87.687,87.697,87.52199999999999,87.68299999999999,603
2026-07-20T02:50:00+00:00,87.68299999999999,87.68299999999999,87.426,87.473,475
2026-07-20T02:55:00+00:00,87.473,87.593,87.441,87.467,426
2026-07-20T03:00:00+00:00,87.467,87.533,87.43599999999999,87.533,407
2026-07-20T03:05:00+00:00,87.533,87.593,87.491,87.593,356
2026-07-20T03:10:00+00:00,87.593,87.643,87.571,87.63199999999999,280
2026-07-20T03:15:00+00:00,87.63199999999999,87.648,87.562,87.64099999999999,279
2026-07-20T03:20:00+00:00,87.64099999999999,87.72699999999999,87.64099999999999,87.722,298
2026-07-20T03:25:00+00:00,87.722,87.75699999999999,87.612,87.643,326
2026-07-20T03:30:00+00:00,87.643,87.718,87.63199999999999,87.713,179
2026-07-20T03:35:00+00:00,87.713,87.74799999999999,87.691,87.72099999999999,126
2026-07-20T03:40:00+00:00,87.72099999999999,87.743,87.64699999999999,87.741,133
2026-07-20T03:45:00+00:00,87.741,87.76599999999999,87.702,87.75099999999999,78
2026-07-20T03:50:00+00:00,87.75099999999999,87.783,87.732,87.75099999999999,96
2026-07-20T03:55:00+00:00,87.75099999999999,87.782,87.75099999999999,87.773,57
2026-07-20T04:00:00+00:00,87.773,87.938,87.728,87.871,180
2026-07-20T04:05:00+00:00,87.871,87.893,87.841,87.87299999999999,141
2026-07-20T04:10:00+00:00,87.87299999999999,87.923,87.841,87.91199999999999,108
2026-07-20T04:15:00+00:00,87.91199999999999,87.923,87.89099999999999,87.911,78
2026-07-20T04:20:00+00:00,87.911,87.913,87.89099999999999,87.911,65
2026-07-20T04:25:00+00:00,87.911,87.917,87.871,87.87599999999999,80
2026-07-20T04:30:00+00:00,87.87599999999999,87.87599999999999,87.801,87.831,114
2026-07-20T04:35:00+00:00,87.831,87.853,87.74799999999999,87.771,161
2026-07-20T04:40:00+00:00,87.771,87.771,87.68599999999999,87.706,136
2026-07-20T04:45:00+00:00,87.706,87.803,87.68299999999999,87.773,139
2026-07-20T04:50:00+00:00,87.773,87.868,87.761,87.853,114
2026-07-20T04:55:00+00:00,87.853,87.853,87.743,87.752,145
2026-07-20T05:00:00+00:00,87.752,87.773,87.691,87.752,169
2026-07-20T05:05:00+00:00,87.752,87.752,87.712,87.73599999999999,47
2026-07-20T05:10:00+00:00,87.73599999999999,87.738,87.666,87.688,153
2026-07-20T05:15:00+00:00,87.688,87.777,87.676,87.743,216
2026-07-20T05:20:00+00:00,87.743,87.783,87.713,87.76299999999999,124
2026-07-20T05:25:00+00:00,87.76299999999999,87.98299999999999,87.76299999999999,87.976,171
2026-07-20T05:30:00+00:00,87.976,88.057,87.86099999999999,87.898,579
2026-07-20T05:35:00+00:00,87.898,87.907,87.731,87.81099999999999,500
2026-07-20T05:40:00+00:00,87.81099999999999,88.01299999999999,87.797,88.003,455
2026-07-20T05:45:00+00:00,88.003,88.083,87.956,88.032,549
2026-07-20T05:50:00+00:00,88.032,88.067,87.942,87.982,342
2026-07-20T05:55:00+00:00,87.982,88.173,87.982,88.128,475
2026-07-20T06:00:00+00:00,88.128,88.262,88.127,88.22099999999999,745
2026-07-20T06:05:00+00:00,88.22099999999999,88.333,88.18599999999999,88.307,439
2026-07-20T06:10:00+00:00,88.307,88.411,88.271,88.322,616
2026-07-20T06:15:00+00:00,88.322,88.502,88.282,88.502,609
2026-07-20T06:20:00+00:00,88.502,88.55199999999999,88.191,88.23599999999999,689
2026-07-20T06:25:00+00:00,88.23599999999999,88.341,88.12599999999999,88.202,713
2026-07-20T06:30:00+00:00,88.202,88.34599999999999,88.181,88.312,603
2026-07-20T06:35:00+00:00,88.312,88.473,88.312,88.456,560
2026-07-20T06:40:00+00:00,88.456,88.493,88.191,88.306,696
2026-07-20T06:45:00+00:00,88.306,88.357,88.192,88.206,436
2026-07-20T06:50:00+00:00,88.206,88.243,88.056,88.163,474
2026-07-20T06:55:00+00:00,88.163,88.333,88.15599999999999,88.27199999999999,572
2026-07-20T07:00:00+00:00,88.27199999999999,88.27199999999999,88.056,88.247,806
2026-07-20T07:05:00+00:00,88.247,88.52199999999999,88.238,88.49199999999999,584
2026-07-20T07:10:00+00:00,88.49199999999999,88.563,88.243,88.343,699
2026-07-20T07:15:00+00:00,88.343,88.39099999999999,88.142,88.15299999999999,549
2026-07-20T07:20:00+00:00,88.15299999999999,88.193,87.636,87.643,1294
2026-07-20T07:25:00+00:00,87.643,87.737,87.386,87.472,1355
2026-07-20T07:30:00+00:00,87.472,87.497,87.091,87.193,1597
2026-07-20T07:35:00+00:00,87.193,87.283,86.741,86.753,1418
2026-07-20T07:40:00+00:00,86.753,86.843,86.307,86.31099999999999,1596
2026-07-20T07:45:00+00:00,86.31099999999999,86.79299999999999,86.182,86.60799999999999,1518
2026-07-20T07:50:00+00:00,86.60799999999999,86.68299999999999,86.506,86.622,1052
2026-07-20T07:55:00+00:00,86.622,86.64099999999999,86.317,86.408,944
2026-07-20T08:00:00+00:00,86.408,86.408,86.011,86.192,1517
2026-07-20T08:05:00+00:00,86.192,86.333,86.157,86.222,1107
2026-07-20T08:10:00+00:00,86.222,86.348,85.956,86.017,1180
2026-07-20T08:15:00+00:00,86.017,86.02199999999999,85.728,85.752,1505
2026-07-20T08:20:00+00:00,85.752,86.012,85.591,85.64099999999999,1118
2026-07-20T08:25:00+00:00,85.64099999999999,85.826,85.56099999999999,85.826,2306
2026-07-20T08:30:00+00:00,85.826,85.877,85.448,85.592,1605
2026-07-20T08:35:00+00:00,85.592,85.723,85.541,85.652,932
2026-07-20T08:40:00+00:00,85.652,85.951,85.541,85.922,923
2026-07-20T08:45:00+00:00,85.922,85.932,85.491,85.562,948
2026-07-20T08:50:00+00:00,85.562,85.743,85.426,85.663,942
2026-07-20T08:55:00+00:00,85.663,85.782,85.511,85.771,1221
2026-07-20T09:00:00+00:00,85.771,85.868,85.642,85.868,884
2026-07-20T09:05:00+00:00,85.868,86.01599999999999,85.791,85.813,814
2026-07-20T09:10:00+00:00,85.813,85.90299999999999,85.716,85.812,602
2026-07-20T09:15:00+00:00,85.812,85.812,85.441,85.738,844
2026-07-20T09:20:00+00:00,85.738,85.74199999999999,85.312,85.42699999999999,741
2026-07-20T09:25:00+00:00,85.42699999999999,85.533,85.416,85.50699999999999,511
2026-07-20T09:30:00+00:00,85.50699999999999,85.50699999999999,85.22699999999999,85.261,879
2026-07-20T09:35:00+00:00,85.261,85.313,85.172,85.172,789
2026-07-20T09:40:00+00:00,85.172,85.417,85.103,85.353,783
2026-07-20T09:45:00+00:00,85.353,85.508,85.351,85.491,581
2026-07-20T09:50:00+00:00,85.491,85.49199999999999,85.37599999999999,85.478,577
2026-07-20T09:55:00+00:00,85.478,85.622,85.43599999999999,85.461,680
2026-07-20T10:00:00+00:00,85.461,85.72699999999999,85.461,85.72699999999999,629
2026-07-20T10:05:00+00:00,85.72699999999999,85.813,85.691,85.771,477
2026-07-20T10:10:00+00:00,85.771,85.77199999999999,85.407,85.672,624
2026-07-20T10:15:00+00:00,85.672,85.673,85.47099999999999,85.481,515
2026-07-20T10:20:00+00:00,85.481,85.693,85.451,85.692,442
2026-07-20T10:25:00+00:00,85.692,85.698,85.643,85.693,403
2026-07-20T10:30:00+00:00,85.693,85.86099999999999,85.651,85.767,543
2026-07-20T10:35:00+00:00,85.767,85.996,85.767,85.991,456
2026-07-20T10:40:00+00:00,85.991,86.06099999999999,85.85799999999999,85.973,573
2026-07-20T10:45:00+00:00,85.973,86.113,85.952,86.09599999999999,396
2026-07-20T10:50:00+00:00,86.09599999999999,86.098,85.908,85.931,456
2026-07-20T10:55:00+00:00,85.931,85.948,85.806,85.806,459
2026-07-20T11:00:00+00:00,85.806,85.806,85.582,85.682,938
2026-07-20T11:05:00+00:00,85.682,85.901,85.667,85.893,493
2026-07-20T11:10:00+00:00,85.893,85.988,85.837,85.981,455
2026-07-20T11:15:00+00:00,85.981,86.01299999999999,85.836,85.842,316
2026-07-20T11:20:00+00:00,85.842,85.842,85.718,85.782,374
2026-07-20T11:25:00+00:00,85.782,85.842,85.75099999999999,85.788,332
2026-07-20T11:30:00+00:00,85.788,85.801,84.06099999999999,84.113,5097
2026-07-20T11:35:00+00:00,84.113,84.30199999999999,83.798,83.87299999999999,2807
2026-07-20T11:40:00+00:00,83.87299999999999,83.993,83.631,83.881,2343
2026-07-20T11:45:00+00:00,83.881,84.453,83.843,84.452,1501
2026-07-20T11:50:00+00:00,84.452,84.712,84.441,84.566,1261
2026-07-20T11:55:00+00:00,84.566,84.678,84.371,84.443,804
2026-07-20T12:00:00+00:00,84.443,85.961,84.41199999999999,85.661,3758
2026-07-20T12:05:00+00:00,85.661,85.951,85.523,85.862,2041
2026-07-20T12:10:00+00:00,85.862,85.997,85.572,85.717,1496
2026-07-20T12:15:00+00:00,85.717,85.92699999999999,85.666,85.863,1325
2026-07-20T12:20:00+00:00,85.863,86.053,85.801,86.006,884
2026-07-20T12:25:00+00:00,86.006,86.12299999999999,85.901,85.987,961
2026-07-20T12:30:00+00:00,85.987,86.223,85.911,86.092,1267
2026-07-20T12:35:00+00:00,86.092,86.11699999999999,85.841,86.057,947
2026-07-20T12:40:00+00:00,86.057,86.243,86.00699999999999,86.133,1019
2026-07-20T12:45:00+00:00,86.133,86.163,85.652,85.80199999999999,1087
2026-07-20T12:50:00+00:00,85.80199999999999,86.23299999999999,85.80199999999999,86.223,1342
2026-07-20T12:55:00+00:00,86.223,86.291,86.021,86.03099999999999,1390
2026-07-20T13:00:00+00:00,86.03099999999999,86.133,85.66199999999999,85.711,2460
2026-07-20T13:05:00+00:00,85.711,85.85199999999999,85.60199999999999,85.77199999999999,1609
2026-07-20T13:10:00+00:00,85.77199999999999,85.78699999999999,85.481,85.72699999999999,1368
2026-07-20T13:15:00+00:00,85.72699999999999,85.728,85.387,85.573,1545
2026-07-20T13:20:00+00:00,85.573,85.621,85.256,85.256,1094
2026-07-20T13:25:00+00:00,85.256,85.322,85.067,85.28699999999999,1380
2026-07-20T13:30:00+00:00,85.28699999999999,85.482,85.181,85.181,1700
2026-07-20T13:35:00+00:00,85.181,85.283,85.142,85.222,1102
2026-07-20T13:40:00+00:00,85.222,85.457,85.151,85.381,1077
2026-07-20T13:45:00+00:00,85.381,85.54299999999999,85.301,85.472,966
2026-07-20T13:50:00+00:00,85.472,85.713,85.40299999999999,85.663,951
2026-07-20T13:55:00+00:00,85.663,85.682,85.526,85.636,949
2026-07-20T14:00:00+00:00,85.636,85.753,85.43299999999999,85.66799999999999,1236
2026-07-20T14:05:00+00:00,85.66799999999999,85.737,85.541,85.63199999999999,766
2026-07-20T14:10:00+00:00,85.63199999999999,85.843,85.63199999999999,85.821,1155
2026-07-20T14:15:00+00:00,85.821,85.863,85.452,85.52199999999999,1147
2026-07-20T14:20:00+00:00,85.52199999999999,85.687,85.491,85.508,771
2026-07-20T14:25:00+00:00,85.508,85.517,85.28099999999999,85.401,857
2026-07-20T14:30:00+00:00,85.401,85.542,85.317,85.331,1022
2026-07-20T14:35:00+00:00,85.331,85.451,85.212,85.25099999999999,903
2026-07-20T14:40:00+00:00,85.25099999999999,85.377,85.211,85.377,819
2026-07-20T14:45:00+00:00,85.377,85.622,85.341,85.61099999999999,866
2026-07-20T14:50:00+00:00,85.61099999999999,85.90299999999999,85.61099999999999,85.72099999999999,952
2026-07-20T14:55:00+00:00,85.72099999999999,86.062,85.72099999999999,85.902,1272
2026-07-20T15:00:00+00:00,85.902,85.997,85.506,85.571,1255
2026-07-20T15:05:00+00:00,85.571,85.73299999999999,84.952,85.143,1922
2026-07-20T15:10:00+00:00,85.143,85.52199999999999,85.143,85.443,1866
2026-07-20T15:15:00+00:00,85.443,85.63199999999999,85.321,85.621,1148
2026-07-20T15:20:00+00:00,85.621,85.777,85.536,85.562,1063
2026-07-20T15:25:00+00:00,85.562,85.573,85.338,85.343,1779
2026-07-20T15:30:00+00:00,85.343,85.613,85.197,85.612,1486
2026-07-20T15:35:00+00:00,85.612,85.676,85.521,85.612,672
2026-07-20T15:40:00+00:00,85.612,85.73299999999999,85.547,85.583,748
2026-07-20T15:45:00+00:00,85.583,85.712,85.53099999999999,85.613,731
2026-07-20T15:50:00+00:00,85.613,85.643,85.52199999999999,85.616,691
2026-07-20T15:55:00+00:00,85.616,85.663,85.532,85.652,432
2026-07-20T16:00:00+00:00,85.652,85.66799999999999,85.37299999999999,85.39099999999999,734
2026-07-20T16:05:00+00:00,85.39099999999999,85.401,85.213,85.38199999999999,794
2026-07-20T16:10:00+00:00,85.38199999999999,85.523,85.362,85.472,594
2026-07-20T16:15:00+00:00,85.472,85.62299999999999,85.467,85.532,527
2026-07-20T16:20:00+00:00,85.532,85.613,85.381,85.603,556
2026-07-20T16:25:00+00:00,85.603,85.74799999999999,85.601,85.728,568
2026-07-20T16:30:00+00:00,85.728,86.128,85.726,85.956,951
2026-07-20T16:35:00+00:00,85.956,85.996,85.857,85.87599999999999,673
2026-07-20T16:40:00+00:00,85.87599999999999,86.622,85.871,86.053,1887
2026-07-20T16:45:00+00:00,86.053,86.053,85.692,85.722,889
2026-07-20T16:50:00+00:00,85.722,86.056,85.722,86.04299999999999,708
2026-07-20T16:55:00+00:00,86.04299999999999,86.203,86.041,86.11099999999999,663
2026-07-20T17:00:00+00:00,86.11099999999999,86.13799999999999,85.97099999999999,86.04299999999999,638
2026-07-20T17:05:00+00:00,86.04299999999999,86.097,85.89099999999999,85.911,544
2026-07-20T17:10:00+00:00,85.911,86.072,85.872,86.008,885
2026-07-20T17:15:00+00:00,86.008,86.056,85.941,85.978,627
2026-07-20T17:20:00+00:00,85.978,86.107,85.966,86.066,638
2026-07-20T17:25:00+00:00,86.066,86.112,85.92699999999999,85.947,695
2026-07-20T17:30:00+00:00,85.947,86.343,85.947,86.322,808
2026-07-20T17:35:00+00:00,86.322,86.50099999999999,86.321,86.447,880
2026-07-20T17:40:00+00:00,86.447,86.463,86.316,86.342,679
2026-07-20T17:45:00+00:00,86.342,86.578,86.306,86.562,832
2026-07-20T17:50:00+00:00,86.562,86.603,86.336,86.40299999999999,859
2026-07-20T17:55:00+00:00,86.40299999999999,86.691,86.336,86.52199999999999,954
2026-07-20T18:00:00+00:00,86.52199999999999,86.53099999999999,86.277,86.461,987
2026-07-20T18:05:00+00:00,86.461,86.478,86.241,86.291,709
2026-07-20T18:10:00+00:00,86.291,86.411,86.25099999999999,86.312,708
2026-07-20T18:15:00+00:00,86.312,86.48299999999999,86.31099999999999,86.467,663
2026-07-20T18:20:00+00:00,86.467,86.74199999999999,86.453,86.741,1221
2026-07-20T18:25:00+00:00,86.741,86.822,86.591,86.80799999999999,2189
2026-07-20T18:30:00+00:00,86.80799999999999,87.01299999999999,86.80799999999999,86.953,1018
2026-07-20T18:35:00+00:00,86.953,86.962,86.831,86.848,485
2026-07-20T18:40:00+00:00,86.848,87.093,86.84599999999999,87.093,322
2026-07-20T18:45:00+00:00,87.093,87.208,87.03099999999999,87.207,401
2026-07-20T18:50:00+00:00,87.207,87.246,86.848,86.886,624
2026-07-20T18:55:00+00:00,86.886,87.012,86.886,86.92099999999999,451
2026-07-20T19:00:00+00:00,86.92099999999999,86.997,86.917,86.961,395
2026-07-20T19:05:00+00:00,86.961,86.987,86.81099999999999,86.911,403
2026-07-20T19:10:00+00:00,86.911,86.943,86.80799999999999,86.853,310
2026-07-20T19:15:00+00:00,86.853,86.893,86.783,86.821,335
2026-07-20T19:20:00+00:00,86.821,86.842,86.75099999999999,86.771,251
2026-07-20T19:25:00+00:00,86.771,86.827,86.43299999999999,86.541,579
2026-07-20T19:30:00+00:00,86.541,86.621,86.201,86.213,1121
2026-07-20T19:35:00+00:00,86.213,86.508,86.196,86.463,681
2026-07-20T19:40:00+00:00,86.463,86.52199999999999,86.39099999999999,86.431,496
2026-07-20T19:45:00+00:00,86.431,86.517,86.362,86.432,411
2026-07-20T19:50:00+00:00,86.432,86.506,86.371,86.392,447
2026-07-20T19:55:00+00:00,86.392,86.523,86.386,86.417,381
2026-07-20T20:00:00+00:00,86.417,86.453,86.351,86.386,277
2026-07-20T20:05:00+00:00,86.386,86.473,86.366,86.441,171
2026-07-20T20:10:00+00:00,86.441,86.441,86.347,86.381,215
2026-07-20T20:15:00+00:00,86.381,86.478,86.381,86.441,123
2026-07-20T20:20:00+00:00,86.441,86.472,86.372,86.416,207
2026-07-20T20:25:00+00:00,86.416,86.51299999999999,86.416,86.451,191
2026-07-20T20:30:00+00:00,86.451,86.518,86.451,86.463,197
2026-07-20T20:35:00+00:00,86.463,86.508,86.451,86.48599999999999,150
2026-07-20T20:40:00+00:00,86.48599999999999,86.487,86.43599999999999,86.451,126
2026-07-20T20:45:00+00:00,86.451,86.473,86.393,86.456,128
2026-07-20T20:50:00+00:00,86.456,86.476,86.411,86.452,191
2026-07-20T20:55:00+00:00,86.452,86.47699999999999,86.422,86.453,238
2026-07-21T00:00:00+00:00,86.453,86.458,86.34599999999999,86.371,182.1075473814063
2026-07-21T00:05:00+00:00,86.371,86.432,86.28099999999999,86.313,232
2026-07-21T00:10:00+00:00,86.313,86.413,86.301,86.381,216
2026-07-21T00:15:00+00:00,86.381,86.453,86.321,86.343,250
2026-07-21T00:20:00+00:00,86.343,86.41199999999999,86.341,86.401,197
2026-07-21T00:25:00+00:00,86.401,86.488,86.39099999999999,86.472,191
2026-07-21T00:30:00+00:00,86.472,86.488,86.422,86.431,146
2026-07-21T00:35:00+00:00,86.431,86.443,86.323,86.363,118
2026-07-21T00:40:00+00:00,86.363,86.39699999999999,86.351,86.39099999999999,121
2026-07-21T00:45:00+00:00,86.39099999999999,86.398,86.362,86.381,64
2026-07-21T00:50:00+00:00,86.381,86.398,86.331,86.342,121
2026-07-21T00:55:00+00:00,86.342,86.452,86.341,86.42699999999999,89
2026-07-21T01:00:00+00:00,86.42699999999999,86.463,86.068,86.077,1380
2026-07-21T01:05:00+00:00,86.077,86.106,85.97099999999999,86.093,769
2026-07-21T01:10:00+00:00,86.093,86.093,85.926,86.02799999999999,759
2026-07-21T01:15:00+00:00,86.02799999999999,86.02799999999999,85.788,85.90599999999999,653
2026-07-21T01:20:00+00:00,85.90599999999999,86.053,85.90599999999999,85.951,449
2026-07-21T01:25:00+00:00,85.951,86.023,85.913,85.963,398
2026-07-21T01:30:00+00:00,85.963,85.993,85.911,85.993,377
2026-07-21T01:35:00+00:00,85.993,86.17099999999999,85.991,86.04299999999999,471
2026-07-21T01:40:00+00:00,86.04299999999999,86.13799999999999,86.032,86.036,353
2026-07-21T01:45:00+00:00,86.036,86.137,86.032,86.10199999999999,349
2026-07-21T01:50:00+00:00,86.10199999999999,86.243,86.091,86.128,465
2026-07-21T01:55:00+00:00,86.128,86.298,86.11099999999999,86.24199999999999,263
2026-07-21T02:00:00+00:00,86.24199999999999,86.252,86.131,86.202,300
2026-07-21T02:05:00+00:00,86.202,86.213,86.076,86.107,310
2026-07-21T02:10:00+00:00,86.107,86.148,86.03099999999999,86.14099999999999,301
2026-07-21T02:15:00+00:00,86.14099999999999,86.198,86.121,86.122,135
2026-07-21T02:20:00+00:00,86.122,86.13199999999999,86.091,86.11699999999999,90
2026-07-21T02:25:00+00:00,86.11699999999999,86.22699999999999,86.10199999999999,86.193,135
2026-07-21T02:30:00+00:00,86.193,86.222,86.14099999999999,86.191,341
2026-07-21T02:35:00+00:00,86.191,86.29599999999999,86.17099999999999,86.288,333
2026-07-21T02:40:00+00:00,86.288,86.348,86.243,86.313,305
2026-07-21T02:45:00+00:00,86.313,86.383,86.25099999999999,86.262,277
2026-07-21T02:50:00+00:00,86.262,86.283,86.091,86.103,382
2026-07-21T02:55:00+00:00,86.103,86.103,85.976,86.032,458
2026-07-21T03:00:00+00:00,86.032,86.133,85.957,86.113,536
2026-07-21T03:05:00+00:00,86.113,86.208,86.092,86.201,349
2026-07-21T03:10:00+00:00,86.201,86.273,86.181,86.25099999999999,282
2026-07-21T03:15:00+00:00,86.25099999999999,86.26299999999999,86.181,86.191,238
2026-07-21T03:20:00+00:00,86.191,86.207,86.121,86.172,280
2026-07-21T03:25:00+00:00,86.172,86.192,86.133,86.18299999999999,162
2026-07-21T03:30:00+00:00,86.18299999999999,86.18299999999999,86.036,86.091,267
2026-07-21T03:35:00+00:00,86.091,86.148,86.086,86.14099999999999,107
2026-07-21T03:40:00+00:00,86.14099999999999,86.173,86.118,86.13199999999999,99
2026-07-21T03:45:00+00:00,86.13199999999999,86.17099999999999,86.101,86.16199999999999,113
2026-07-21T03:50:00+00:00,86.16199999999999,86.243,86.091,86.103,158
2026-07-21T03:55:00+00:00,86.103,86.103,86.041,86.073,132
2026-07-21T04:00:00+00:00,86.073,86.073,85.961,85.966,188
2026-07-21T04:05:00+00:00,85.966,85.97699999999999,85.812,85.973,247
2026-07-21T04:10:00+00:00,85.973,85.99799999999999,85.931,85.931,121
2026-07-21T04:15:00+00:00,85.931,86.00699999999999,85.931,86.003,81
2026-07-21T04:20:00+00:00,86.003,86.038,85.97099999999999,86.003,129
2026-07-21T04:25:00+00:00,86.003,86.063,86.003,86.02199999999999,184
2026-07-21T04:30:00+00:00,86.02199999999999,86.107,86.02199999999999,86.101,114
2026-07-21T04:35:00+00:00,86.101,86.116,85.978,85.99199999999999,154
2026-07-21T04:40:00+00:00,85.99199999999999,86.02799999999999,85.99199999999999,86.023,79
2026-07-21T04:45:00+00:00,86.023,86.032,85.993,86.003,81
2026-07-21T04:50:00+00:00,86.003,86.01299999999999,85.957,85.972,105
2026-07-21T04:55:00+00:00,85.972,86.027,85.963,86.018,135
2026-07-21T05:00:00+00:00,86.018,86.13199999999999,85.982,86.128,265
2026-07-21T05:05:00+00:00,86.128,86.243,86.10799999999999,86.243,171
2026-07-21T05:10:00+00:00,86.243,86.276,86.151,86.163,231
2026-07-21T05:15:00+00:00,86.163,86.163,86.10799999999999,86.122,124
2026-07-21T05:20:00+00:00,86.122,86.193,86.116,86.17099999999999,129
2026-07-21T05:25:00+00:00,86.17099999999999,86.211,86.133,86.176,172
2026-07-21T05:30:00+00:00,86.176,86.193,86.076,86.143,621
2026-07-21T05:35:00+00:00,86.143,86.18299999999999,86.092,86.10199999999999,368
2026-07-21T05:40:00+00:00,86.10199999999999,86.10199999999999,85.843,85.917,683
2026-07-21T05:45:00+00:00,85.917,86.008,85.72099999999999,85.73599999999999,649
2026-07-21T05:50:00+00:00,85.73599999999999,85.762,85.622,85.701,818
2026-07-21T05:55:00+00:00,85.701,85.887,85.622,85.872,657
2026-07-21T06:00:00+00:00,85.872,85.941,85.838,85.851,659
2026-07-21T06:05:00+00:00,85.851,85.958,85.851,85.91799999999999,556
2026-07-21T06:10:00+00:00,85.91799999999999,86.10199999999999,85.907,85.991,699
2026-07-21T06:15:00+00:00,85.991,86.003,85.821,85.931,677
2026-07-21T06:20:00+00:00,85.931,85.963,85.851,85.923,749
2026-07-21T06:25:00+00:00,85.923,85.923,85.76299999999999,85.77199999999999,659
2026-07-21T06:30:00+00:00,85.77199999999999,85.93299999999999,85.731,85.916,795
2026-07-21T06:35:00+00:00,85.916,85.943,85.81099999999999,85.89099999999999,717
2026-07-21T06:40:00+00:00,85.89099999999999,85.963,85.886,85.91199999999999,419
2026-07-21T06:45:00+00:00,85.91199999999999,86.082,85.911,85.961,466
2026-07-21T06:50:00+00:00,85.961,86.04299999999999,85.908,85.982,580
2026-07-21T06:55:00+00:00,85.982,86.208,85.976,86.203,710
2026-07-21T07:00:00+00:00,86.203,86.297,86.158,86.297,771
2026-07-21T07:05:00+00:00,86.297,86.393,86.291,86.386,354
2026-07-21T07:10:00+00:00,86.386,86.637,86.362,86.547,752
2026-07-21T07:15:00+00:00,86.547,86.77199999999999,86.547,86.703,642
2026-07-21T07:20:00+00:00,86.703,86.773,86.651,86.771,526
2026-07-21T07:25:00+00:00,86.771,86.833,86.691,86.821,799
2026-07-21T07:30:00+00:00,86.821,86.941,86.392,86.41799999999999,988
2026-07-21T07:35:00+00:00,86.41799999999999,86.423,86.193,86.28099999999999,1105
2026-07-21T07:40:00+00:00,86.28099999999999,86.28099999999999,86.01299999999999,86.113,1083
2026-07-21T07:45:00+00:00,86.113,86.113,85.881,85.961,890
2026-07-21T07:50:00+00:00,85.961,86.213,85.917,85.943,846
2026-07-21T07:55:00+00:00,85.943,85.943,85.812,85.832,936
2026-07-21T08:00:00+00:00,85.832,85.928,85.571,85.598,1375
2026-07-21T08:05:00+00:00,85.598,85.631,85.386,85.536,1366
2026-07-21T08:10:00+00:00,85.536,85.65299999999999,85.366,85.511,996
2026-07-21T08:15:00+00:00,85.511,85.758,85.402,85.682,1073
2026-07-21T08:20:00+00:00,85.682,85.843,85.676,85.78099999999999,842
2026-07-21T08:25:00+00:00,85.78099999999999,86.13799999999999,85.64099999999999,85.991,2311
2026-07-21T08:30:00+00:00,85.991,86.238,85.982,86.093,1324
2026-07-21T08:35:00+00:00,86.093,86.112,85.953,86.077,684
2026-07-21T08:40:00+00:00,86.077,86.098,85.956,85.961,541
2026-07-21T08:45:00+00:00,85.961,86.35199999999999,85.961,86.228,720
2026-07-21T08:50:00+00:00,86.228,86.488,86.187,86.312,889
2026-07-21T08:55:00+00:00,86.312,86.321,86.10199999999999,86.268,604
2026-07-21T09:00:00+00:00,86.268,86.35199999999999,86.093,86.093,689
2026-07-21T09:05:00+00:00,86.093,86.178,86.047,86.161,606
2026-07-21T09:10:00+00:00,86.161,86.243,86.101,86.191,361
2026-07-21T09:15:00+00:00,86.191,86.342,86.172,86.277,550
2026-07-21T09:20:00+00:00,86.277,86.527,86.152,86.491,876
2026-07-21T09:25:00+00:00,86.491,87.09599999999999,86.491,87.073,1045
2026-07-21T09:30:00+00:00,87.073,87.203,86.807,86.87599999999999,1215
2026-07-21T09:35:00+00:00,86.87599999999999,87.197,86.87599999999999,87.131,875
2026-07-21T09:40:00+00:00,87.131,87.25099999999999,87.05799999999999,87.226,707
2026-07-21T09:45:00+00:00,87.226,87.27199999999999,87.051,87.051,700
2026-07-21T09:50:00+00:00,87.051,87.443,87.051,87.39099999999999,955
2026-07-21T09:55:00+00:00,87.39099999999999,87.55199999999999,87.341,87.467,861
2026-07-21T10:00:00+00:00,87.467,87.467,87.088,87.22099999999999,1212
2026-07-21T10:05:00+00:00,87.22099999999999,87.321,87.16199999999999,87.321,670
2026-07-21T10:10:00+00:00,87.321,87.337,86.437,86.881,3083
2026-07-21T10:15:00+00:00,86.881,87.226,86.881,87.213,1265
2026-07-21T10:20:00+00:00,87.213,87.26299999999999,87.078,87.218,941
2026-07-21T10:25:00+00:00,87.218,87.26299999999999,87.051,87.143,816
2026-07-21T10:30:00+00:00,87.143,87.167,87.04599999999999,87.103,623
2026-07-21T10:35:00+00:00,87.103,87.16799999999999,86.91199999999999,87.161,926
2026-07-21T10:40:00+00:00,87.161,87.23299999999999,87.09599999999999,87.166,712
2026-07-21T10:45:00+00:00,87.166,87.51299999999999,87.166,87.463,1249
2026-07-21T10:50:00+00:00,87.463,87.648,87.40299999999999,87.503,1261
2026-07-21T10:55:00+00:00,87.503,87.637,87.463,87.621,1344
2026-07-21T11:00:00+00:00,87.621,87.803,87.572,87.712,1215
2026-07-21T11:05:00+00:00,87.712,87.89099999999999,87.573,87.831,743
2026-07-21T11:10:00+00:00,87.831,87.902,87.72699999999999,87.841,729
2026-07-21T11:15:00+00:00,87.841,87.988,87.798,87.98599999999999,600
2026-07-21T11:20:00+00:00,87.98599999999999,87.99799999999999,87.893,87.913,542
2026-07-21T11:25:00+00:00,87.913,87.997,87.786,87.92099999999999,810
2026-07-21T11:30:00+00:00,87.92099999999999,87.973,87.76299999999999,87.91199999999999,863
2026-07-21T11:35:00+00:00,87.91199999999999,88.071,87.818,88.071,851
2026-07-21T11:40:00+00:00,88.071,88.27199999999999,88.03699999999999,88.086,839
2026-07-21T11:45:00+00:00,88.086,88.243,88.072,88.198,488
2026-07-21T11:50:00+00:00,88.198,88.387,88.167,88.323,757
2026-07-21T11:55:00+00:00,88.323,88.341,88.217,88.22699999999999,629
2026-07-21T12:00:00+00:00,88.22699999999999,88.22699999999999,87.821,87.823,1287
2026-07-21T12:05:00+00:00,87.823,87.893,87.681,87.812,1167
2026-07-21T12:10:00+00:00,87.812,87.917,87.722,87.878,664
2026-07-21T12:15:00+00:00,87.878,88.30799999999999,87.85199999999999,88.16199999999999,1470
2026-07-21T12:20:00+00:00,88.16199999999999,88.323,88.11099999999999,88.11099999999999,1048
2026-07-21T12:25:00+00:00,88.11099999999999,88.467,88.106,88.413,1045
2026-07-21T12:30:00+00:00,88.413,88.488,88.27199999999999,88.30199999999999,1093
2026-07-21T12:35:00+00:00,88.30199999999999,88.408,88.28099999999999,88.283,1238
2026-07-21T12:40:00+00:00,88.283,88.73299999999999,88.28099999999999,88.371,1657
2026-07-21T12:45:00+00:00,88.371,88.40299999999999,88.14099999999999,88.218,1403
2026-07-21T12:50:00+00:00,88.218,88.453,88.208,88.271,1726
2026-07-21T12:55:00+00:00,88.271,88.423,88.261,88.371,1025
2026-07-21T13:00:00+00:00,88.371,88.673,88.341,88.612,2574
2026-07-21T13:05:00+00:00,88.612,88.74799999999999,88.411,88.746,1698
2026-07-21T13:10:00+00:00,88.746,88.74799999999999,88.432,88.493,1367
2026-07-21T13:15:00+00:00,88.493,88.508,88.282,88.306,1350
2026-07-21T13:20:00+00:00,88.306,88.536,88.276,88.481,1373
2026-07-21T13:25:00+00:00,88.481,88.722,88.407,88.676,1524
2026-07-21T13:30:00+00:00,88.676,88.90599999999999,88.446,88.54299999999999,1872
2026-07-21T13:35:00+00:00,88.54299999999999,88.76299999999999,88.417,88.701,1256
2026-07-21T13:40:00+00:00,88.701,89.057,88.67099999999999,88.957,1726
2026-07-21T13:45:00+00:00,88.957,89.012,88.851,88.91799999999999,1201
2026-07-21T13:50:00+00:00,88.91799999999999,88.93599999999999,88.631,88.713,1206
2026-07-21T13:55:00+00:00,88.713,88.761,88.572,88.64699999999999,1083
2026-07-21T14:00:00+00:00,88.64699999999999,88.697,88.491,88.547,1423
2026-07-21T14:05:00+00:00,88.547,88.881,88.508,88.84599999999999,878
2026-07-21T14:10:00+00:00,88.84599999999999,88.988,88.78099999999999,88.887,1042
2026-07-21T14:15:00+00:00,88.887,89.068,88.816,88.821,1285
2026-07-21T14:20:00+00:00,88.821,88.863,88.65599999999999,88.813,1383
2026-07-21T14:25:00+00:00,88.813,89.13799999999999,88.777,89.041,1165
2026-07-21T14:30:00+00:00,89.041,89.38799999999999,88.991,89.37599999999999,1358
2026-07-21T14:35:00+00:00,89.37599999999999,89.48299999999999,89.191,89.292,1490
2026-07-21T14:40:00+00:00,89.292,89.301,88.886,88.932,1202
2026-07-21T14:45:00+00:00,88.932,88.932,88.437,88.847,2090
2026-07-21T14:50:00+00:00,88.847,88.978,88.746,88.753,1411
2026-07-21T14:55:00+00:00,88.753,89.127,88.666,89.112,1298
2026-07-21T15:00:00+00:00,89.112,89.231,88.993,89.192,1261
2026-07-21T15:05:00+00:00,89.192,89.243,88.99199999999999,89.027,1105
2026-07-21T15:10:00+00:00,89.027,89.02799999999999,88.566,88.581,1515
2026-07-21T15:15:00+00:00,88.581,88.713,88.437,88.47699999999999,1882
2026-07-21T15:20:00+00:00,88.47699999999999,88.838,88.18299999999999,88.79299999999999,2923
2026-07-21T15:25:00+00:00,88.79299999999999,89.04299999999999,88.72099999999999,88.976,2422
2026-07-21T15:30:00+00:00,88.976,89.12299999999999,88.771,88.786,2188
2026-07-21T15:35:00+00:00,88.786,88.993,88.741,88.952,989
2026-07-21T15:40:00+00:00,88.952,89.16199999999999,88.87599999999999,89.118,1019
2026-07-21T15:45:00+00:00,89.118,89.173,88.991,89.03699999999999,926
2026-07-21T15:50:00+00:00,89.03699999999999,89.051,88.868,88.98299999999999,1024
2026-07-21T15:55:00+00:00,88.98299999999999,89.101,88.896,88.898,806
2026-07-21T16:00:00+00:00,88.898,88.938,88.62599999999999,88.628,989
2026-07-21T16:05:00+00:00,88.628,88.64699999999999,88.458,88.518,1080
2026-07-21T16:10:00+00:00,88.518,88.572,88.386,88.56099999999999,988
2026-07-21T16:15:00+00:00,88.56099999999999,88.643,88.521,88.536,896
2026-07-21T16:20:00+00:00,88.536,88.548,88.456,88.493,766
2026-07-21T16:25:00+00:00,88.493,88.73299999999999,88.43599999999999,88.586,752
2026-07-21T16:30:00+00:00,88.586,88.603,88.497,88.53099999999999,614
2026-07-21T16:35:00+00:00,88.53099999999999,88.707,88.503,88.681,575
2026-07-21T16:40:00+00:00,88.681,88.856,88.607,88.841,695
2026-07-21T16:45:00+00:00,88.841,88.913,88.791,88.813,528
2026-07-21T16:50:00+00:00,88.813,88.862,88.708,88.708,480
2026-07-21T16:55:00+00:00,88.708,88.77199999999999,88.66199999999999,88.723,495
2026-07-21T17:00:00+00:00,88.723,88.832,88.657,88.741,490
2026-07-21T17:05:00+00:00,88.741,88.76299999999999,88.621,88.663,534
2026-07-21T17:10:00+00:00,88.663,88.76299999999999,88.322,88.392,751
2026-07-21T17:15:00+00:00,88.392,88.603,88.392,88.592,470
2026-07-21T17:20:00+00:00,88.592,88.63199999999999,88.50699999999999,88.50699999999999,371
2026-07-21T17:25:00+00:00,88.50699999999999,88.568,88.493,88.51299999999999,401
2026-07-21T17:30:00+00:00,88.51299999999999,88.72099999999999,88.506,88.667,475
2026-07-21T17:35:00+00:00,88.667,88.747,88.61099999999999,88.658,536
2026-07-21T17:40:00+00:00,88.658,88.758,88.621,88.68299999999999,417
2026-07-21T17:45:00+00:00,88.68299999999999,88.746,88.521,88.577,727
2026-07-21T17:50:00+00:00,88.577,88.663,88.497,88.643,450
2026-07-21T17:55:00+00:00,88.643,88.678,88.582,88.62299999999999,496
2026-07-21T18:00:00+00:00,88.62299999999999,88.633,88.377,88.41799999999999,1103
2026-07-21T18:05:00+00:00,88.41799999999999,88.473,88.148,88.277,1324
2026-07-21T18:10:00+00:00,88.277,88.413,88.206,88.40299999999999,889
2026-07-21T18:15:00+00:00,88.40299999999999,88.496,88.347,88.478,1027
2026-07-21T18:20:00+00:00,88.478,88.488,88.316,88.438,832
2026-07-21T18:25:00+00:00,88.438,88.578,88.40599999999999,88.547,2023
2026-07-21T18:30:00+00:00,88.547,88.707,88.542,88.542,783
2026-07-21T18:35:00+00:00,88.542,88.557,88.40599999999999,88.452,418
2026-07-21T18:40:00+00:00,88.452,88.453,88.301,88.35799999999999,637
2026-07-21T18:45:00+00:00,88.35799999999999,88.553,88.342,88.512,464
2026-07-21T18:50:00+00:00,88.512,88.666,88.512,88.658,454
2026-07-21T18:55:00+00:00,88.658,88.717,88.612,88.712,229
2026-07-21T19:00:00+00:00,88.712,88.80799999999999,88.651,88.72099999999999,407
2026-07-21T19:05:00+00:00,88.72099999999999,88.79299999999999,88.67699999999999,88.776,358
2026-07-21T19:10:00+00:00,88.776,88.907,88.776,88.871,328
2026-07-21T19:15:00+00:00,88.871,88.883,88.81099999999999,88.826,204
2026-07-21T19:20:00+00:00,88.826,88.833,88.752,88.798,272
2026-07-21T19:25:00+00:00,88.798,88.92699999999999,88.758,88.911,306
2026-07-21T19:30:00+00:00,88.911,88.913,88.797,88.827,366
2026-07-21T19:35:00+00:00,88.827,88.98599999999999,88.823,88.98599999999999,173
2026-07-21T19:40:00+00:00,88.98599999999999,88.98599999999999,88.916,88.961,287
2026-07-21T19:45:00+00:00,88.961,89.068,88.957,89.018,309
2026-07-21T19:50:00+00:00,89.018,89.027,88.931,88.97099999999999,204
2026-07-21T19:55:00+00:00,88.97099999999999,89.002,88.941,88.941,305
2026-07-21T20:00:00+00:00,88.941,89.017,88.881,88.89099999999999,213
2026-07-21T20:05:00+00:00,88.89099999999999,88.928,88.87599999999999,88.883,207
2026-07-21T20:10:00+00:00,88.883,88.913,88.821,88.868,256
2026-07-21T20:15:00+00:00,88.868,88.898,88.821,88.848,218
2026-07-21T20:20:00+00:00,88.848,88.91799999999999,88.836,88.883,190
2026-07-21T20:25:00+00:00,88.883,88.91799999999999,88.851,88.85799999999999,305
2026-07-21T20:30:00+00:00,88.85799999999999,88.911,88.75099999999999,88.776,720
2026-07-21T20:35:00+00:00,88.776,88.822,88.728,88.762,278
2026-07-21T20:40:00+00:00,88.762,88.803,88.691,88.737,195
2026-07-21T20:45:00+00:00,88.737,88.817,88.711,88.817,272
2026-07-21T20:50:00+00:00,88.817,88.91799999999999,88.816,88.908,210
2026-07-21T20:55:00+00:00,88.908,88.963,88.90599999999999,88.956,157
2026-07-22T00:00:00+00:00,88.956,89.01299999999999,88.90599999999999,89.002,292.14444640649833
2026-07-22T00:05:00+00:00,89.002,89.05699999999999,88.937,89.04199999999999,243
2026-07-22T00:10:00+00:00,89.04199999999999,89.10799999999999,89.011,89.032,212
2026-07-22T00:15:00+00:00,89.032,89.09199999999998,88.98599999999999,89.01299999999999,166
2026-07-22T00:20:00+00:00,89.01299999999999,89.083,88.98599999999999,89.08099999999999,113
2026-07-22T00:25:00+00:00,89.08099999999999,89.083,89.00599999999999,89.05699999999999,157
2026-07-22T00:30:00+00:00,89.05699999999999,89.05699999999999,89.00299999999999,89.04799999999999,152
2026-07-22T00:35:00+00:00,89.04799999999999,89.053,88.81599999999999,88.952,343
2026-07-22T00:40:00+00:00,88.952,89.04299999999999,88.943,89.02699999999999,134
2026-07-22T00:45:00+00:00,89.02699999999999,89.038,88.95299999999999,88.97299999999998,131
2026-07-22T00:50:00+00:00,88.97299999999998,89.03599999999999,88.97099999999999,89.03299999999999,161
2026-07-22T00:55:00+00:00,89.03299999999999,89.192,89.00099999999999,89.002,226
2026-07-22T01:00:00+00:00,89.002,89.51299999999999,88.89599999999999,89.47699999999999,1247
2026-07-22T01:05:00+00:00,89.47699999999999,89.53299999999999,89.327,89.38199999999999,594
2026-07-22T01:10:00+00:00,89.38199999999999,89.648,89.29299999999999,89.603,494
2026-07-22T01:15:00+00:00,89.603,89.66699999999999,89.55099999999999,89.59199999999998,600
2026-07-22T01:20:00+00:00,89.59199999999998,90.17299999999999,89.571,90.136,819
2026-07-22T01:25:00+00:00,90.136,90.13799999999999,89.85699999999999,89.91199999999999,815
2026-07-22T01:30:00+00:00,89.91199999999999,90.082,89.88099999999999,89.94099999999999,606
2026-07-22T01:35:00+00:00,89.94099999999999,90.04799999999999,89.92299999999999,89.97099999999999,517
2026-07-22T01:40:00+00:00,89.97099999999999,90.13099999999999,89.96099999999998,90.032,490
2026-07-22T01:45:00+00:00,90.032,90.083,89.87299999999999,89.913,492
2026-07-22T01:50:00+00:00,89.913,90.12299999999999,89.892,90.017,567
2026-07-22T01:55:00+00:00,90.017,90.04299999999999,89.91099999999999,89.98599999999999,439
2026-07-22T02:00:00+00:00,89.98599999999999,90.067,89.85099999999998,89.943,682
2026-07-22T02:05:00+00:00,89.943,90.03599999999999,89.86099999999999,89.883,414
2026-07-22T02:10:00+00:00,89.883,89.90299999999999,89.66699999999999,89.693,590
2026-07-22T02:15:00+00:00,89.693,89.713,89.588,89.61099999999999,278
2026-07-22T02:20:00+00:00,89.61099999999999,89.648,89.582,89.62299999999999,192
2026-07-22T02:25:00+00:00,89.62299999999999,89.66799999999999,89.577,89.65199999999999,266
2026-07-22T02:30:00+00:00,89.65199999999999,89.66099999999999,89.451,89.496,597
2026-07-22T02:35:00+00:00,89.496,89.523,89.41699999999999,89.466,429
2026-07-22T02:40:00+00:00,89.466,89.466,89.23299999999999,89.35699999999999,612
2026-07-22T02:45:00+00:00,89.35699999999999,89.523,89.33099999999999,89.517,466
2026-07-22T02:50:00+00:00,89.517,89.56099999999999,89.46099999999998,89.52799999999999,398
2026-07-22T02:55:00+00:00,89.52799999999999,89.59299999999999,89.36699999999999,89.377,433
2026-07-22T03:00:00+00:00,89.377,89.478,89.362,89.478,245
2026-07-22T03:05:00+00:00,89.478,89.62299999999999,89.416,89.547,318
2026-07-22T03:10:00+00:00,89.547,89.55199999999999,89.48199999999999,89.54599999999999,205
2026-07-22T03:15:00+00:00,89.54599999999999,89.59599999999999,89.49799999999999,89.58599999999998,225
2026-07-22T03:20:00+00:00,89.58599999999998,89.60799999999999,89.49699999999999,89.523,251
2026-07-22T03:25:00+00:00,89.523,89.523,89.43199999999999,89.511,343
2026-07-22T03:30:00+00:00,89.511,89.59299999999999,89.48299999999999,89.54799999999999,169
2026-07-22T03:35:00+00:00,89.54799999999999,89.59299999999999,89.541,89.55699999999999,89
2026-07-22T03:40:00+00:00,89.55699999999999,89.568,89.517,89.52099999999999,125
2026-07-22T03:45:00+00:00,89.52099999999999,89.642,89.51599999999999,89.62599999999999,126
2026-07-22T03:50:00+00:00,89.62599999999999,89.64299999999999,89.591,89.633,111
2026-07-22T03:55:00+00:00,89.633,89.69699999999999,89.61699999999999,89.69099999999999,65
2026-07-22T04:00:00+00:00,89.69099999999999,89.713,89.612,89.62799999999999,171
2026-07-22T04:05:00+00:00,89.62799999999999,89.62799999999999,89.576,89.621,71
2026-07-22T04:10:00+00:00,89.621,89.72299999999998,89.612,89.722,142
2026-07-22T04:15:00+00:00,89.722,89.78699999999999,89.68799999999999,89.78599999999999,165
2026-07-22T04:20:00+00:00,89.78599999999999,89.80099999999999,89.75099999999999,89.75599999999999,113
2026-07-22T04:25:00+00:00,89.75599999999999,89.75599999999999,89.64099999999999,89.64099999999999,204
2026-07-22T04:30:00+00:00,89.64099999999999,89.728,89.621,89.713,133
2026-07-22T04:35:00+00:00,89.713,89.77199999999999,89.70599999999999,89.76299999999999,148
2026-07-22T04:40:00+00:00,89.76299999999999,89.826,89.74699999999999,89.76599999999999,189
2026-07-22T04:45:00+00:00,89.76599999999999,89.803,89.72099999999999,89.73799999999999,115
2026-07-22T04:50:00+00:00,89.73799999999999,89.788,89.73199999999999,89.74699999999999,157
2026-07-22T04:55:00+00:00,89.74699999999999,89.76799999999999,89.71099999999998,89.76199999999999,126
2026-07-22T05:00:00+00:00,89.76199999999999,89.818,89.74099999999999,89.76199999999999,194
2026-07-22T05:05:00+00:00,89.76199999999999,89.806,89.74099999999999,89.78099999999999,195
2026-07-22T05:10:00+00:00,89.78099999999999,89.892,89.75099999999999,89.89099999999999,189
2026-07-22T05:15:00+00:00,89.89099999999999,89.931,89.81099999999999,89.86099999999999,191
2026-07-22T05:20:00+00:00,89.86099999999999,89.88099999999999,89.74099999999999,89.75099999999999,144
2026-07-22T05:25:00+00:00,89.75099999999999,89.81299999999999,89.69099999999999,89.731,183
2026-07-22T05:30:00+00:00,89.731,89.79199999999999,89.651,89.66099999999999,682
2026-07-22T05:35:00+00:00,89.66099999999999,89.76799999999999,89.44699999999999,89.53299999999999,589
2026-07-22T05:40:00+00:00,89.53299999999999,89.57199999999999,89.446,89.463,455
2026-07-22T05:45:00+00:00,89.463,89.48799999999999,89.35199999999999,89.46699999999998,517
2026-07-22T05:50:00+00:00,89.46699999999998,89.52199999999999,89.39599999999999,89.39699999999999,536
2026-07-22T05:55:00+00:00,89.39699999999999,89.54299999999999,89.35699999999999,89.48599999999999,483
2026-07-22T06:00:00+00:00,89.48599999999999,89.65599999999999,89.38199999999999,89.65599999999999,805
2026-07-22T06:05:00+00:00,89.65599999999999,89.75099999999999,89.562,89.702,845
2026-07-22T06:10:00+00:00,89.702,89.708,89.61599999999999,89.66199999999999,476
2026-07-22T06:15:00+00:00,89.66199999999999,90.213,89.651,90.157,1204
2026-07-22T06:20:00+00:00,90.157,90.42299999999999,90.12299999999999,90.401,916
2026-07-22T06:25:00+00:00,90.401,90.48599999999999,90.31099999999999,90.35699999999999,773
2026-07-22T06:30:00+00:00,90.35699999999999,90.398,90.291,90.341,624
2026-07-22T06:35:00+00:00,90.341,90.39599999999999,90.23199999999999,90.383,694
2026-07-22T06:40:00+00:00,90.383,90.463,90.30699999999999,90.341,555
2026-07-22T06:45:00+00:00,90.341,90.693,90.341,90.666,881
2026-07-22T06:50:00+00:00,90.666,90.722,90.442,90.57199999999999,658
2026-07-22T06:55:00+00:00,90.57199999999999,90.62299999999999,90.44099999999999,90.452,498
2026-07-22T07:00:00+00:00,90.452,90.948,90.452,90.83099999999999,978
2026-07-22T07:05:00+00:00,90.83099999999999,91.032,90.806,90.99699999999999,614
2026-07-22T07:10:00+00:00,90.99699999999999,91.01299999999999,90.731,90.80199999999999,661
2026-07-22T07:15:00+00:00,90.80199999999999,90.85099999999998,90.66099999999999,90.832,735
2026-07-22T07:20:00+00:00,90.832,91.01299999999999,90.77099999999999,90.90599999999999,894
2026-07-22T07:25:00+00:00,90.90599999999999,91.11299999999999,90.856,91.06299999999999,682
2026-07-22T07:30:00+00:00,91.06299999999999,91.35099999999998,91.03599999999999,91.341,949
2026-07-22T07:35:00+00:00,91.341,92.14699999999999,91.317,92.14299999999999,1604
2026-07-22T07:40:00+00:00,92.14299999999999,92.24099999999999,91.922,91.93199999999999,1541
2026-07-22T07:45:00+00:00,91.93199999999999,92.207,91.88199999999999,92.18299999999999,1251
2026-07-22T07:50:00+00:00,92.18299999999999,92.222,91.82199999999999,91.901,1282
2026-07-22T07:55:00+00:00,91.901,92.04299999999999,91.722,91.951,1110
2026-07-22T08:00:00+00:00,91.951,91.97299999999998,91.47099999999999,91.472,1353
2026-07-22T08:05:00+00:00,91.472,91.60199999999999,91.31599999999999,91.34299999999999,1112
2026-07-22T08:10:00+00:00,91.34299999999999,91.713,91.33099999999999,91.55199999999999,1075
2026-07-22T08:15:00+00:00,91.55199999999999,91.58699999999999,91.362,91.37299999999999,1231
2026-07-22T08:20:00+00:00,91.37299999999999,91.422,91.181,91.28099999999999,1260
2026-07-22T08:25:00+00:00,91.28099999999999,91.58699999999999,91.23799999999999,91.457,3062
2026-07-22T08:30:00+00:00,91.457,91.553,91.31099999999999,91.368,1339
2026-07-22T08:35:00+00:00,91.368,91.49099999999999,91.192,91.49099999999999,956
2026-07-22T08:40:00+00:00,91.49099999999999,91.743,91.42099999999999,91.693,958
2026-07-22T08:45:00+00:00,91.693,91.943,91.65599999999999,91.85199999999999,728
2026-07-22T08:50:00+00:00,91.85199999999999,91.93199999999999,91.642,91.80799999999999,940
2026-07-22T08:55:00+00:00,91.80799999999999,92.05799999999999,91.77099999999999,91.803,968
2026-07-22T09:00:00+00:00,91.803,91.928,91.62199999999999,91.651,1082
2026-07-22T09:05:00+00:00,91.651,91.95299999999999,91.508,91.92099999999999,961
2026-07-22T09:10:00+00:00,91.92099999999999,92.118,91.868,92.083,1443
2026-07-22T09:15:00+00:00,92.083,92.24799999999999,92.07199999999999,92.21099999999998,1300
2026-07-22T09:20:00+00:00,92.21099999999998,92.29799999999999,92.08099999999999,92.08099999999999,1022
2026-07-22T09:25:00+00:00,92.08099999999999,92.297,92.041,92.297,1076
2026-07-22T09:30:00+00:00,92.297,92.66799999999999,92.297,92.636,1536
2026-07-22T09:35:00+00:00,92.636,92.696,92.22599999999998,92.36299999999999,1152
2026-07-22T09:40:00+00:00,92.36299999999999,92.458,92.151,92.398,848
2026-07-22T09:45:00+00:00,92.398,92.62799999999999,92.30099999999999,92.582,948
2026-07-22T09:50:00+00:00,92.582,92.958,92.582,92.84199999999998,1150
2026-07-22T09:55:00+00:00,92.84199999999998,92.958,92.746,92.84299999999999,1033
2026-07-22T10:00:00+00:00,92.84299999999999,92.86299999999999,92.46099999999998,92.511,1235
2026-07-22T10:05:00+00:00,92.511,92.52099999999999,92.341,92.407,1026
2026-07-22T10:10:00+00:00,92.407,92.413,92.22099999999999,92.252,1051
2026-07-22T10:15:00+00:00,92.252,92.25599999999999,91.692,91.862,1286
2026-07-22T10:20:00+00:00,91.862,91.862,91.19099999999999,91.332,1961
2026-07-22T10:25:00+00:00,91.332,91.40299999999999,91.19099999999999,91.26799999999999,1565
2026-07-22T10:30:00+00:00,91.26799999999999,91.588,91.24099999999999,91.52099999999999,1388
2026-07-22T10:35:00+00:00,91.52099999999999,91.66099999999999,91.42599999999999,91.61299999999999,1349
2026-07-22T10:40:00+00:00,91.61299999999999,91.91099999999999,91.60099999999998,91.91099999999999,1050
2026-07-22T10:45:00+00:00,91.91099999999999,92.03299999999999,91.633,91.633,911
2026-07-22T10:50:00+00:00,91.633,91.80699999999999,91.618,91.66099999999999,647
2026-07-22T10:55:00+00:00,91.66099999999999,91.78099999999999,91.55199999999999,91.74199999999999,774
2026-07-22T11:00:00+00:00,91.74199999999999,92.10199999999999,91.74199999999999,91.957,870
2026-07-22T11:05:00+00:00,91.957,92.02799999999999,91.80199999999999,91.81299999999999,501
2026-07-22T11:10:00+00:00,91.81299999999999,91.987,91.81099999999999,91.85199999999999,555
2026-07-22T11:15:00+00:00,91.85199999999999,92.091,91.841,92.05799999999999,669
2026-07-22T11:20:00+00:00,92.05799999999999,92.05799999999999,91.922,91.96099999999998,524
2026-07-22T11:25:00+00:00,91.96099999999998,92.121,91.96099999999998,92.09199999999998,630
2026-07-22T11:30:00+00:00,92.09199999999998,92.14699999999999,91.80199999999999,91.80199999999999,692
2026-07-22T11:35:00+00:00,91.80199999999999,91.90299999999999,91.69699999999999,91.892,860
2026-07-22T11:40:00+00:00,91.892,92.577,91.892,92.282,2038
2026-07-22T11:45:00+00:00,92.282,92.32199999999999,91.86099999999999,91.90299999999999,1178
2026-07-22T11:50:00+00:00,91.90299999999999,92.15199999999999,91.868,91.886,900
2026-07-22T11:55:00+00:00,91.886,92.082,91.78599999999999,92.04599999999999,653
2026-07-22T12:00:00+00:00,92.04599999999999,92.25699999999999,91.97099999999999,92.20599999999999,678
2026-07-22T12:05:00+00:00,92.20599999999999,92.222,91.88199999999999,91.996,764
2026-07-22T12:10:00+00:00,91.996,92.04299999999999,91.788,91.79599999999999,757
2026-07-22T12:15:00+00:00,91.79599999999999,91.88799999999999,91.681,91.77699999999999,1074
2026-07-22T12:20:00+00:00,91.77699999999999,91.90199999999999,91.722,91.75699999999999,585
2026-07-22T12:25:00+00:00,91.75699999999999,91.823,91.41199999999999,91.442,969
2026-07-22T12:30:00+00:00,91.442,91.463,91.33099999999999,91.416,781
2026-07-22T12:35:00+00:00,91.416,91.463,91.16099999999999,91.27099999999999,949
2026-07-22T12:40:00+00:00,91.27099999999999,91.41099999999999,91.151,91.41099999999999,711
2026-07-22T12:45:00+00:00,91.41099999999999,91.78099999999999,91.392,91.73299999999999,969
2026-07-22T12:50:00+00:00,91.73299999999999,91.75299999999999,91.413,91.493,858
2026-07-22T12:55:00+00:00,91.493,92.44699999999999,91.493,91.97299999999998,2986
2026-07-22T13:00:00+00:00,91.97299999999998,92.00699999999999,91.603,91.821,2329
2026-07-22T13:05:00+00:00,91.821,92.073,91.79199999999999,91.868,1363
2026-07-22T13:10:00+00:00,91.868,91.90299999999999,91.59199999999998,91.63199999999999,1338
2026-07-22T13:15:00+00:00,91.63199999999999,91.693,90.737,90.77699999999999,2404
2026-07-22T13:20:00+00:00,90.77699999999999,91.10799999999999,90.71199999999999,90.856,1853
2026-07-22T13:25:00+00:00,90.856,91.02199999999999,90.77099999999999,90.93299999999999,1512
2026-07-22T13:30:00+00:00,90.93299999999999,90.993,90.66199999999999,90.66199999999999,1599
2026-07-22T13:35:00+00:00,90.66199999999999,90.892,90.66199999999999,90.803,1174
2026-07-22T13:40:00+00:00,90.803,91.258,90.803,91.243,1231
2026-07-22T13:45:00+00:00,91.243,91.243,90.89299999999999,91.002,1475
2026-07-22T13:50:00+00:00,91.002,91.10199999999999,90.91099999999999,91.08099999999999,989
2026-07-22T13:55:00+00:00,91.08099999999999,91.458,91.01599999999999,91.40199999999999,1335
2026-07-22T14:00:00+00:00,91.40199999999999,91.452,91.21799999999999,91.222,1171
2026-07-22T14:05:00+00:00,91.222,91.40799999999999,91.222,91.29799999999999,860
2026-07-22T14:10:00+00:00,91.29799999999999,91.693,91.29599999999999,91.67299999999999,944
2026-07-22T14:15:00+00:00,91.67299999999999,91.73599999999999,91.47599999999998,91.52099999999999,1075
2026-07-22T14:20:00+00:00,91.52099999999999,91.67299999999999,91.52099999999999,91.651,727
2026-07-22T14:25:00+00:00,91.651,91.85799999999999,91.58699999999999,91.79799999999999,898
2026-07-22T14:30:00+00:00,91.79799999999999,91.812,91.56599999999999,91.74199999999999,1303
2026-07-22T14:35:00+00:00,91.74199999999999,91.74199999999999,91.31099999999999,91.32199999999999,1353
2026-07-22T14:40:00+00:00,91.32199999999999,91.40599999999999,91.121,91.193,1205
2026-07-22T14:45:00+00:00,91.193,91.42099999999999,90.981,91.35099999999998,1372
2026-07-22T14:50:00+00:00,91.35099999999998,91.50299999999999,91.27199999999999,91.42099999999999,1343
2026-07-22T14:55:00+00:00,91.42099999999999,91.46099999999998,91.243,91.35799999999999,1290
2026-07-22T15:00:00+00:00,91.35799999999999,91.53299999999999,91.30099999999999,91.37199999999999,1008
2026-07-22T15:05:00+00:00,91.37199999999999,91.77199999999999,91.33099999999999,91.76199999999999,1035
2026-07-22T15:10:00+00:00,91.76199999999999,91.913,91.56599999999999,91.56599999999999,1099
2026-07-22T15:15:00+00:00,91.56599999999999,91.68299999999999,91.41099999999999,91.41099999999999,1038
2026-07-22T15:20:00+00:00,91.41099999999999,91.46799999999999,91.222,91.282,1029
2026-07-22T15:25:00+00:00,91.282,91.583,91.267,91.422,1783
2026-07-22T15:30:00+00:00,91.422,91.502,91.21199999999999,91.26199999999999,1556
2026-07-22T15:35:00+00:00,91.26199999999999,91.347,90.931,90.94099999999999,1213
2026-07-22T15:40:00+00:00,90.94099999999999,91.00299999999999,90.737,90.737,1151
2026-07-22T15:45:00+00:00,90.737,90.776,90.39099999999999,90.41099999999999,1288
2026-07-22T15:50:00+00:00,90.41099999999999,90.54199999999999,90.321,90.54199999999999,1357
2026-07-22T15:55:00+00:00,90.54199999999999,90.75299999999999,90.54199999999999,90.568,989
2026-07-22T16:00:00+00:00,90.568,90.663,90.50299999999999,90.54199999999999,1007
2026-07-22T16:05:00+00:00,90.54199999999999,90.737,90.517,90.72299999999998,659
2026-07-22T16:10:00+00:00,90.72299999999998,91.04299999999999,90.698,90.957,794
2026-07-22T16:15:00+00:00,90.957,91.04799999999999,90.81099999999999,90.84199999999998,657
2026-07-22T16:20:00+00:00,90.84199999999998,91.03299999999999,90.84199999999998,91.01299999999999,571
2026-07-22T16:25:00+00:00,91.01299999999999,91.14299999999999,90.94699999999999,91.121,493
2026-07-22T16:30:00+00:00,91.121,91.202,91.10199999999999,91.163,480
2026-07-22T16:35:00+00:00,91.163,91.243,91.071,91.071,501
2026-07-22T16:40:00+00:00,91.071,91.071,90.957,91.01299999999999,815
2026-07-22T16:45:00+00:00,91.01299999999999,91.01299999999999,90.75299999999999,90.75699999999999,489
2026-07-22T16:50:00+00:00,90.75699999999999,90.92299999999999,90.707,90.77099999999999,534
2026-07-22T16:55:00+00:00,90.77099999999999,90.90799999999999,90.713,90.90299999999999,442
2026-07-22T17:00:00+00:00,90.90299999999999,91.18199999999999,90.89599999999999,91.15299999999999,605
2026-07-22T17:05:00+00:00,91.15299999999999,91.37799999999999,91.15299999999999,91.26299999999999,649
2026-07-22T17:10:00+00:00,91.26299999999999,91.40199999999999,91.192,91.39699999999999,493
2026-07-22T17:15:00+00:00,91.39699999999999,91.51599999999999,91.31099999999999,91.51599999999999,588
2026-07-22T17:20:00+00:00,91.51599999999999,91.663,91.496,91.633,650
2026-07-22T17:25:00+00:00,91.633,91.648,91.39099999999999,91.463,614
2026-07-22T17:30:00+00:00,91.463,91.52199999999999,91.401,91.502,510
2026-07-22T17:35:00+00:00,91.502,91.64699999999999,91.50099999999999,91.59299999999999,518
2026-07-22T17:40:00+00:00,91.59299999999999,91.678,91.511,91.532,504
2026-07-22T17:45:00+00:00,91.532,91.58599999999998,91.46099999999998,91.54199999999999,471
2026-07-22T17:50:00+00:00,91.54199999999999,91.627,91.53099999999999,91.54299999999999,465
2026-07-22T17:55:00+00:00,91.54299999999999,91.568,91.45599999999999,91.541,508
2026-07-22T18:00:00+00:00,91.541,91.702,91.47699999999999,91.693,760
2026-07-22T18:05:00+00:00,91.693,91.74799999999999,91.451,91.556,672
2026-07-22T18:10:00+00:00,91.556,91.583,91.386,91.511,662
2026-07-22T18:15:00+00:00,91.511,91.75299999999999,91.50099999999999,91.74199999999999,1023
2026-07-22T18:20:00+00:00,91.74199999999999,91.81299999999999,91.648,91.70599999999999,963
2026-07-22T18:25:00+00:00,91.70599999999999,91.72699999999999,91.48199999999999,91.57799999999999,2079
2026-07-22T18:30:00+00:00,91.57799999999999,91.767,91.57799999999999,91.68299999999999,889
2026-07-22T18:35:00+00:00,91.68299999999999,91.73299999999999,91.62199999999999,91.66099999999999,319
2026-07-22T18:40:00+00:00,91.66099999999999,91.818,91.66099999999999,91.76599999999999,241
2026-07-22T18:45:00+00:00,91.76599999999999,91.767,91.68199999999999,91.698,291
2026-07-22T18:50:00+00:00,91.698,91.803,91.67099999999999,91.80099999999999,275
2026-07-22T18:55:00+00:00,91.80099999999999,91.823,91.761,91.79199999999999,199
2026-07-22T19:00:00+00:00,91.79199999999999,91.862,91.77099999999999,91.806,290
2026-07-22T19:05:00+00:00,91.806,91.87199999999999,91.77099999999999,91.86099999999999,185
2026-07-22T19:10:00+00:00,91.86099999999999,91.88699999999999,91.83099999999999,91.88199999999999,207
2026-07-22T19:15:00+00:00,91.88199999999999,91.892,91.79599999999999,91.87199999999999,219
2026-07-22T19:20:00+00:00,91.87199999999999,91.88099999999999,91.76199999999999,91.826,318
2026-07-22T19:25:00+00:00,91.826,91.82799999999999,91.71099999999998,91.71099999999998,356
2026-07-22T19:30:00+00:00,91.71099999999998,91.731,91.64599999999999,91.64699999999999,182
2026-07-22T19:35:00+00:00,91.64699999999999,91.678,91.58099999999999,91.61599999999999,238
2026-07-22T19:40:00+00:00,91.61599999999999,91.61599999999999,91.50099999999999,91.53299999999999,170
2026-07-22T19:45:00+00:00,91.53299999999999,91.53299999999999,91.37599999999999,91.463,352
2026-07-22T19:50:00+00:00,91.463,91.50099999999999,91.318,91.40199999999999,374
2026-07-22T19:55:00+00:00,91.40199999999999,91.452,91.282,91.303,359
2026-07-22T20:00:00+00:00,91.303,91.31099999999999,91.08599999999998,91.11099999999999,477
2026-07-22T20:05:00+00:00,91.11099999999999,91.26299999999999,91.03099999999999,91.213,444
2026-07-22T20:10:00+00:00,91.213,91.29799999999999,91.17599999999999,91.26599999999999,294
2026-07-22T20:15:00+00:00,91.26599999999999,91.30199999999999,91.23199999999999,91.23299999999999,253
2026-07-22T20:20:00+00:00,91.23299999999999,91.30799999999999,91.22099999999999,91.276,176
2026-07-22T20:25:00+00:00,91.276,91.29299999999999,91.231,91.24099999999999,144
2026-07-22T20:30:00+00:00,91.24099999999999,91.41099999999999,91.201,91.401,354
2026-07-22T20:35:00+00:00,91.401,91.54299999999999,91.29799999999999,91.306,514
2026-07-22T20:40:00+00:00,91.306,91.42699999999999,91.28099999999999,91.40599999999999,283
2026-07-22T20:45:00+00:00,91.40599999999999,91.428,91.332,91.34299999999999,208
2026-07-22T20:50:00+00:00,91.34299999999999,91.38199999999999,91.291,91.31099999999999,298
2026-07-22T20:55:00+00:00,91.31099999999999,91.40199999999999,91.25099999999999,91.40199999999999,312
2026-07-23T00:00:00+00:00,91.40199999999999,93.017,91.40199999999999,92.93199999999999,617.0634598667053
2026-07-23T00:05:00+00:00,92.93199999999999,93.41799999999999,92.904,93.41199999999999,568
2026-07-23T00:10:00+00:00,93.41199999999999,93.618,93.39299999999999,93.42399999999999,555
2026-07-23T00:15:00+00:00,93.42399999999999,93.473,93.342,93.37299999999999,346
2026-07-23T00:20:00+00:00,93.37299999999999,93.439,93.02199999999999,93.17299999999999,430
2026-07-23T00:25:00+00:00,93.17299999999999,93.273,93.127,93.244,261
2026-07-23T00:30:00+00:00,93.244,93.344,93.18199999999999,93.213,275
2026-07-23T00:35:00+00:00,93.213,93.26899999999999,93.154,93.199,192
2026-07-23T00:40:00+00:00,93.199,93.357,93.11399999999999,93.222,431
2026-07-23T00:45:00+00:00,93.222,93.222,93.04199999999999,93.163,268
2026-07-23T00:50:00+00:00,93.163,93.193,92.93299999999999,92.937,244
2026-07-23T00:55:00+00:00,92.937,93.109,92.91699999999999,93.08699999999999,372
2026-07-23T01:00:00+00:00,93.08699999999999,93.25399999999999,92.88399999999999,93.11399999999999,1514
2026-07-23T01:05:00+00:00,93.11399999999999,93.28399999999999,92.99199999999999,93.124,869
2026-07-23T01:10:00+00:00,93.124,93.124,92.978,93.109,689
2026-07-23T01:15:00+00:00,93.109,93.39699999999999,93.08699999999999,93.35199999999999,658
2026-07-23T01:20:00+00:00,93.35199999999999,93.648,93.35199999999999,93.618,526
2026-07-23T01:25:00+00:00,93.618,93.889,93.612,93.824,779
2026-07-23T01:30:00+00:00,93.824,93.949,93.422,93.48899999999999,1167
2026-07-23T01:35:00+00:00,93.48899999999999,93.48899999999999,93.163,93.26199999999999,803
2026-07-23T01:40:00+00:00,93.26199999999999,93.29799999999999,93.14699999999999,93.207,522
2026-07-23T01:45:00+00:00,93.207,93.359,93.15299999999999,93.23899999999999,701
2026-07-23T01:50:00+00:00,93.23899999999999,93.478,93.237,93.442,518
2026-07-23T01:55:00+00:00,93.442,93.47399999999999,93.30199999999999,93.30699999999999,520
2026-07-23T02:00:00+00:00,93.30699999999999,93.413,93.28399999999999,93.35199999999999,503
2026-07-23T02:05:00+00:00,93.35199999999999,93.419,93.282,93.35199999999999,457
2026-07-23T02:10:00+00:00,93.35199999999999,93.49799999999999,93.297,93.327,504
2026-07-23T02:15:00+00:00,93.327,93.43299999999999,93.303,93.40199999999999,187
2026-07-23T02:20:00+00:00,93.40199999999999,93.458,93.377,93.422,143
2026-07-23T02:25:00+00:00,93.422,93.50299999999999,93.41199999999999,93.457,228
2026-07-23T02:30:00+00:00,93.457,93.499,93.27399999999999,93.47399999999999,649
2026-07-23T02:35:00+00:00,93.47399999999999,93.529,93.442,93.484,263
2026-07-23T02:40:00+00:00,93.484,93.598,93.484,93.55799999999999,369
2026-07-23T02:45:00+00:00,93.55799999999999,93.839,93.532,93.829,525
2026-07-23T02:50:00+00:00,93.829,93.83399999999999,93.693,93.752,386
2026-07-23T02:55:00+00:00,93.752,93.752,93.50699999999999,93.553,402
2026-07-23T03:00:00+00:00,93.553,93.642,93.487,93.567,449
2026-07-23T03:05:00+00:00,93.567,93.73299999999999,93.50699999999999,93.657,405
2026-07-23T03:10:00+00:00,93.657,93.854,93.657,93.854,304
2026-07-23T03:15:00+00:00,93.854,94.00399999999999,93.82199999999999,93.939,492
2026-07-23T03:20:00+00:00,93.939,93.98299999999999,93.86699999999999,93.87799999999999,437
2026-07-23T03:25:00+00:00,93.87799999999999,93.883,93.734,93.80699999999999,462
2026-07-23T03:30:00+00:00,93.80699999999999,93.839,93.74699999999999,93.75399999999999,258
2026-07-23T03:35:00+00:00,93.75399999999999,93.80399999999999,93.714,93.729,165
2026-07-23T03:40:00+00:00,93.729,93.78899999999999,93.678,93.68299999999999,153
2026-07-23T03:45:00+00:00,93.68299999999999,93.818,93.64399999999999,93.743,319
2026-07-23T03:50:00+00:00,93.743,93.79799999999999,93.71799999999999,93.767,177
2026-07-23T03:55:00+00:00,93.767,93.823,93.687,93.698,167
2026-07-23T04:00:00+00:00,93.698,93.76799999999999,93.58699999999999,93.722,349
2026-07-23T04:05:00+00:00,93.722,93.794,93.64699999999999,93.669,139
2026-07-23T04:10:00+00:00,93.669,93.71199999999999,93.657,93.70899999999999,97
2026-07-23T04:15:00+00:00,93.70899999999999,93.719,93.639,93.689,214
2026-07-23T04:20:00+00:00,93.689,93.689,93.567,93.579,143
2026-07-23T04:25:00+00:00,93.579,93.579,93.41799999999999,93.458,403
2026-07-23T04:30:00+00:00,93.458,93.61399999999999,93.449,93.47699999999999,245
2026-07-23T04:35:00+00:00,93.47699999999999,93.493,93.22699999999999,93.39299999999999,438
2026-07-23T04:40:00+00:00,93.39299999999999,93.479,93.377,93.452,287
2026-07-23T04:45:00+00:00,93.452,93.55799999999999,93.392,93.54799999999999,205
2026-07-23T04:50:00+00:00,93.54799999999999,93.619,93.494,93.56299999999999,212
2026-07-23T04:55:00+00:00,93.56299999999999,93.567,93.422,93.479,191
2026-07-23T05:00:00+00:00,93.479,93.633,93.467,93.553,375
2026-07-23T05:05:00+00:00,93.553,93.592,93.517,93.58399999999999,151
2026-07-23T05:10:00+00:00,93.58399999999999,93.76799999999999,93.567,93.61699999999999,367
2026-07-23T05:15:00+00:00,93.61699999999999,93.62799999999999,93.56299999999999,93.56899999999999,179
2026-07-23T05:20:00+00:00,93.56899999999999,93.639,93.50399999999999,93.52399999999999,227
2026-07-23T05:25:00+00:00,93.52399999999999,93.55799999999999,93.354,93.354,284
2026-07-23T05:30:00+00:00,93.354,93.359,92.99699999999999,93.094,1970
2026-07-23T05:35:00+00:00,93.094,93.37899999999999,93.04299999999999,93.323,818
2026-07-23T05:40:00+00:00,93.323,93.51899999999999,93.26199999999999,93.44399999999999,608
2026-07-23T05:45:00+00:00,93.44399999999999,93.67699999999999,93.437,93.67699999999999,597
2026-07-23T05:50:00+00:00,93.67699999999999,93.83699999999999,93.627,93.833,683
2026-07-23T05:55:00+00:00,93.833,93.90899999999999,93.78699999999999,93.827,502
2026-07-23T06:00:00+00:00,93.827,93.83699999999999,93.47699999999999,93.663,1073
2026-07-23T06:05:00+00:00,93.663,93.68299999999999,93.573,93.64899999999999,726
2026-07-23T06:10:00+00:00,93.64899999999999,93.64899999999999,93.434,93.469,676
2026-07-23T06:15:00+00:00,93.469,93.62799999999999,93.38799999999999,93.56299999999999,750
2026-07-23T06:20:00+00:00,93.56299999999999,93.66799999999999,93.532,93.63399999999999,645
2026-07-23T06:25:00+00:00,93.63399999999999,93.824,93.61699999999999,93.78399999999999,835
2026-07-23T06:30:00+00:00,93.78399999999999,93.949,93.76199999999999,93.91799999999999,539
2026-07-23T06:35:00+00:00,93.91799999999999,94.00399999999999,93.76199999999999,93.99799999999999,658
2026-07-23T06:40:00+00:00,93.99799999999999,94.22399999999999,93.97699999999999,94.22399999999999,931
2026-07-23T06:45:00+00:00,94.22399999999999,94.26299999999999,94.02199999999999,94.17299999999999,589
2026-07-23T06:50:00+00:00,94.17299999999999,94.407,94.15199999999999,94.377,941
2026-07-23T06:55:00+00:00,94.377,94.40799999999999,94.28699999999999,94.28699999999999,724
2026-07-23T07:00:00+00:00,94.28699999999999,94.654,94.24699999999999,94.487,1353
2026-07-23T07:05:00+00:00,94.487,94.86399999999999,94.448,94.77699999999999,1092
2026-07-23T07:10:00+00:00,94.77699999999999,94.92399999999999,94.68199999999999,94.79899999999999,1184
2026-07-23T07:15:00+00:00,94.79899999999999,95.30699999999999,94.78699999999999,95.208,1625
2026-07-23T07:20:00+00:00,95.208,95.27799999999999,95.103,95.267,933
2026-07-23T07:25:00+00:00,95.267,95.26799999999999,94.827,94.94699999999999,1195
2026-07-23T07:30:00+00:00,94.94699999999999,95.30699999999999,94.92899999999999,95.30699999999999,935
2026-07-23T07:35:00+00:00,95.30699999999999,95.419,95.25699999999999,95.363,1056
2026-07-23T07:40:00+00:00,95.363,95.499,95.27799999999999,95.437,1155
2026-07-23T07:45:00+00:00,95.437,95.948,95.428,95.56899999999999,1611
2026-07-23T07:50:00+00:00,95.56899999999999,95.749,95.189,95.25699999999999,1506
2026-07-23T07:55:00+00:00,95.25699999999999,95.29299999999999,94.857,95.08399999999999,1831
2026-07-23T08:00:00+00:00,95.08399999999999,95.42899999999999,95.077,95.279,1544
2026-07-23T08:05:00+00:00,95.279,95.338,94.78699999999999,94.79799999999999,1122
2026-07-23T08:10:00+00:00,94.79799999999999,95.207,94.73899999999999,95.154,1378
2026-07-23T08:15:00+00:00,95.154,95.27399999999999,94.848,94.98299999999999,1636
2026-07-23T08:20:00+00:00,94.98299999999999,95.41699999999999,94.85199999999999,95.36699999999999,1562
2026-07-23T08:25:00+00:00,95.36699999999999,95.42899999999999,95.07199999999999,95.07199999999999,3495
2026-07-23T08:30:00+00:00,95.07199999999999,95.588,95.07199999999999,95.577,1976
2026-07-23T08:35:00+00:00,95.577,95.639,95.46199999999999,95.467,1427
2026-07-23T08:40:00+00:00,95.467,95.76799999999999,95.463,95.69699999999999,1198
2026-07-23T08:45:00+00:00,95.69699999999999,95.749,95.044,95.044,1185
2026-07-23T08:50:00+00:00,95.044,95.27399999999999,94.97399999999999,95.24699999999999,970
2026-07-23T08:55:00+00:00,95.24699999999999,95.404,95.09299999999999,95.318,1061
2026-07-23T09:00:00+00:00,95.318,95.484,94.96199999999999,95.079,2023
2026-07-23T09:05:00+00:00,95.079,95.57799999999999,95.079,95.523,1292
2026-07-23T09:10:00+00:00,95.523,95.999,95.38799999999999,95.99799999999999,1154
2026-07-23T09:15:00+00:00,95.99799999999999,96.053,95.842,95.957,1054
2026-07-23T09:20:00+00:00,95.957,96.28399999999999,95.952,96.16699999999999,1061
2026-07-23T09:25:00+00:00,96.16699999999999,96.19399999999999,96.082,96.082,739
2026-07-23T09:30:00+00:00,96.082,96.192,95.86699999999999,96.192,1517
2026-07-23T09:35:00+00:00,96.192,96.30199999999999,95.97699999999999,95.97699999999999,1115
2026-07-23T09:40:00+00:00,95.97699999999999,95.99799999999999,95.597,95.65899999999999,1047
2026-07-23T09:45:00+00:00,95.65899999999999,95.90299999999999,95.62199999999999,95.708,952
2026-07-23T09:50:00+00:00,95.708,95.898,95.592,95.687,1196
2026-07-23T09:55:00+00:00,95.687,95.972,95.63199999999999,95.832,1310
2026-07-23T10:00:00+00:00,95.832,96.017,95.69699999999999,95.69699999999999,1203
2026-07-23T10:05:00+00:00,95.69699999999999,95.71199999999999,95.51199999999999,95.52699999999999,867
2026-07-23T10:10:00+00:00,95.52699999999999,95.829,95.52399999999999,95.803,609
2026-07-23T10:15:00+00:00,95.803,96.16399999999999,95.72699999999999,96.15799999999999,968
2026-07-23T10:20:00+00:00,96.15799999999999,96.273,96.05799999999999,96.22399999999999,1123
2026-07-23T10:25:00+00:00,96.22399999999999,96.28399999999999,96.073,96.27799999999999,748
2026-07-23T10:30:00+00:00,96.27799999999999,96.40299999999999,96.11699999999999,96.18199999999999,902
2026-07-23T10:35:00+00:00,96.18199999999999,96.38799999999999,96.16799999999999,96.30799999999999,734
2026-07-23T10:40:00+00:00,96.30799999999999,96.374,95.862,95.907,1428
2026-07-23T10:45:00+00:00,95.907,96.083,95.862,95.993,796
2026-07-23T10:50:00+00:00,95.993,96.053,95.767,95.829,1061
2026-07-23T10:55:00+00:00,95.829,95.91799999999999,95.72699999999999,95.743,809
2026-07-23T11:00:00+00:00,95.743,95.90299999999999,95.68199999999999,95.89699999999999,760
2026-07-23T11:05:00+00:00,95.89699999999999,96.208,95.89699999999999,96.07799999999999,952
2026-07-23T11:10:00+00:00,96.07799999999999,96.14299999999999,96.00699999999999,96.017,854
2026-07-23T11:15:00+00:00,96.017,96.42399999999999,95.97699999999999,96.38699999999999,1035
2026-07-23T11:20:00+00:00,96.38699999999999,96.448,96.17699999999999,96.29899999999999,996
2026-07-23T11:25:00+00:00,96.29899999999999,96.309,96.10199999999999,96.238,642
2026-07-23T11:30:00+00:00,96.238,96.45899999999999,96.067,96.437,650
2026-07-23T11:35:00+00:00,96.437,96.568,96.43199999999999,96.52799999999999,1065
2026-07-23T11:40:00+00:00,96.52799999999999,96.58699999999999,96.39699999999999,96.434,955
2026-07-23T11:45:00+00:00,96.434,96.434,96.00899999999999,96.038,1130
2026-07-23T11:50:00+00:00,96.038,96.193,95.782,96.163,1515
2026-07-23T11:55:00+00:00,96.163,96.267,96.10199999999999,96.208,832
2026-07-23T12:00:00+00:00,96.208,96.30399999999999,96.059,96.079,1056
2026-07-23T12:05:00+00:00,96.079,96.30799999999999,96.038,96.29799999999999,1044
2026-07-23T12:10:00+00:00,96.29799999999999,96.589,96.234,96.573,805
2026-07-23T12:15:00+00:00,96.573,96.963,96.41799999999999,96.50899999999999,2373
2026-07-23T12:20:00+00:00,96.50899999999999,96.839,96.34299999999999,96.719,1447
2026-07-23T12:25:00+00:00,96.719,96.80799999999999,96.607,96.72399999999999,1088
2026-07-23T12:30:00+00:00,96.72399999999999,97.029,96.717,96.72399999999999,1478
2026-07-23T12:35:00+00:00,96.72399999999999,96.818,96.607,96.779,1357
2026-07-23T12:40:00+00:00,96.779,97.09299999999999,96.75299999999999,97.08699999999999,1420
2026-07-23T12:45:00+00:00,97.08699999999999,97.199,96.847,97.178,1588
2026-07-23T12:50:00+00:00,97.178,97.494,97.17299999999999,97.37899999999999,1672
2026-07-23T12:55:00+00:00,97.37899999999999,97.37899999999999,97.059,97.13699999999999,1564
2026-07-23T13:00:00+00:00,97.13699999999999,97.52199999999999,97.07799999999999,97.29199999999999,2568
2026-07-23T13:05:00+00:00,97.29199999999999,97.464,97.237,97.38799999999999,1640
2026-07-23T13:10:00+00:00,97.38799999999999,97.59299999999999,97.338,97.437,2204
2026-07-23T13:15:00+00:00,97.437,97.749,96.844,96.94699999999999,2552
2026-07-23T13:20:00+00:00,96.94699999999999,97.34299999999999,96.82799999999999,97.33399999999999,2043
2026-07-23T13:25:00+00:00,97.33399999999999,97.359,97.16399999999999,97.273,1345
2026-07-23T13:30:00+00:00,97.273,97.333,96.988,97.059,1942
2026-07-23T13:35:00+00:00,97.059,97.40899999999999,96.91699999999999,97.398,1667
2026-07-23T13:40:00+00:00,97.398,97.59899999999999,97.38699999999999,97.59899999999999,1386
2026-07-23T13:45:00+00:00,97.59899999999999,97.89399999999999,97.52199999999999,97.79199999999999,1613
2026-07-23T13:50:00+00:00,97.79199999999999,98.40199999999999,97.78899999999999,98.288,1383
2026-07-23T13:55:00+00:00,98.288,98.30399999999999,98.05699999999999,98.13199999999999,1370
2026-07-23T14:00:00+00:00,98.13199999999999,98.199,97.829,98.184,1543
2026-07-23T14:05:00+00:00,98.184,98.51899999999999,98.00899999999999,98.27699999999999,2091
2026-07-23T14:10:00+00:00,98.27699999999999,98.317,97.85199999999999,97.95899999999999,1828
2026-07-23T14:15:00+00:00,97.95899999999999,97.95899999999999,97.39399999999999,97.618,2038
2026-07-23T14:20:00+00:00,97.618,97.854,97.588,97.814,1019
2026-07-23T14:25:00+00:00,97.814,98.119,97.758,98.02799999999999,1144
2026-07-23T14:30:00+00:00,98.02799999999999,98.13399999999999,97.92699999999999,98.038,1190
2026-07-23T14:35:00+00:00,98.038,98.238,97.684,97.73899999999999,1812
2026-07-23T14:40:00+00:00,97.73899999999999,98.00899999999999,97.66699999999999,97.969,1333
2026-07-23T14:45:00+00:00,97.969,98.488,97.937,98.42699999999999,1436
2026-07-23T14:50:00+00:00,98.42699999999999,98.48899999999999,98.16799999999999,98.338,1304
2026-07-23T14:55:00+00:00,98.338,98.36399999999999,98.01299999999999,98.02699999999999,1503
2026-07-23T15:00:00+00:00,98.02699999999999,98.178,97.85199999999999,98.059,1500
2026-07-23T15:05:00+00:00,98.059,98.39399999999999,98.02699999999999,98.377,1400
2026-07-23T15:10:00+00:00,98.377,98.588,98.107,98.187,1756
2026-07-23T15:15:00+00:00,98.187,98.392,98.02699999999999,98.35799999999999,1632
2026-07-23T15:20:00+00:00,98.35799999999999,98.71799999999999,98.318,98.52399999999999,2592
2026-07-23T15:25:00+00:00,98.52399999999999,98.70299999999999,98.45899999999999,98.488,2386
2026-07-23T15:30:00+00:00,98.488,98.648,98.22399999999999,98.37199999999999,2272
2026-07-23T15:35:00+00:00,98.37199999999999,98.478,98.20899999999999,98.312,1604
2026-07-23T15:40:00+00:00,98.312,98.31899999999999,97.80699999999999,98.038,1813
2026-07-23T15:45:00+00:00,98.038,98.059,97.75299999999999,97.857,1381
2026-07-23T15:50:00+00:00,97.857,97.979,97.77199999999999,97.877,1381
2026-07-23T15:55:00+00:00,97.877,98.02799999999999,97.607,97.657,1539
2026-07-23T16:00:00+00:00,97.657,97.88399999999999,97.377,97.87799999999999,1752
2026-07-23T16:05:00+00:00,97.87799999999999,98.18299999999999,97.788,97.88799999999999,1395
2026-07-23T16:10:00+00:00,97.88799999999999,97.939,97.48299999999999,97.487,1258
2026-07-23T16:15:00+00:00,97.487,97.77799999999999,97.487,97.758,1116
2026-07-23T16:20:00+00:00,97.758,97.814,97.65899999999999,97.77699999999999,802
2026-07-23T16:25:00+00:00,97.77699999999999,97.847,97.717,97.767,848
2026-07-23T16:30:00+00:00,97.767,98.14899999999999,97.75399999999999,98.148,1033
2026-07-23T16:35:00+00:00,98.148,98.362,98.12799999999999,98.297,1186
2026-07-23T16:40:00+00:00,98.297,98.297,98.047,98.12899999999999,904
2026-07-23T16:45:00+00:00,98.12899999999999,98.27799999999999,98.077,98.26799999999999,619
2026-07-23T16:50:00+00:00,98.26799999999999,98.37899999999999,98.13799999999999,98.267,805
2026-07-23T16:55:00+00:00,98.267,98.30699999999999,98.13199999999999,98.21799999999999,756
2026-07-23T17:00:00+00:00,98.21799999999999,98.44699999999999,98.21799999999999,98.327,932
2026-07-23T17:05:00+00:00,98.327,98.729,98.267,98.482,1339
2026-07-23T17:10:00+00:00,98.482,98.52199999999999,98.267,98.47699999999999,871
2026-07-23T17:15:00+00:00,98.47699999999999,98.609,98.42899999999999,98.579,1061
2026-07-23T17:20:00+00:00,98.579,98.588,98.45899999999999,98.47399999999999,890
2026-07-23T17:25:00+00:00,98.47399999999999,98.52399999999999,98.41699999999999,98.45299999999999,765
2026-07-23T17:30:00+00:00,98.45299999999999,98.68799999999999,98.442,98.607,857
2026-07-23T17:35:00+00:00,98.607,98.723,98.579,98.67399999999999,761
2026-07-23T17:40:00+00:00,98.67399999999999,99.124,98.648,99.10799999999999,1051
2026-07-23T17:45:00+00:00,99.10799999999999,99.258,99.002,99.07799999999999,1266
2026-07-23T17:50:00+00:00,99.07799999999999,99.347,99.03699999999999,99.347,938
2026-07-23T17:55:00+00:00,99.347,99.39699999999999,99.237,99.35799999999999,1148
2026-07-23T18:00:00+00:00,99.35799999999999,99.44399999999999,99.217,99.29799999999999,1343
2026-07-23T18:05:00+00:00,99.29799999999999,99.523,99.13799999999999,99.472,1143
2026-07-23T18:10:00+00:00,99.472,99.49799999999999,99.13199999999999,99.17699999999999,1292
2026-07-23T18:15:00+00:00,99.17699999999999,99.229,98.579,98.609,2206
2026-07-23T18:20:00+00:00,98.609,98.77799999999999,98.54899999999999,98.597,1839
2026-07-23T18:25:00+00:00,98.597,98.597,98.06899999999999,98.202,3701
2026-07-23T18:30:00+00:00,98.202,98.347,98.067,98.16799999999999,1814
2026-07-23T18:35:00+00:00,98.16799999999999,98.19699999999999,97.957,98.14899999999999,1086
2026-07-23T18:40:00+00:00,98.14899999999999,98.18199999999999,98.03699999999999,98.038,667
2026-07-23T18:45:00+00:00,98.038,98.28299999999999,98.02699999999999,98.258,630
2026-07-23T18:50:00+00:00,98.258,98.39899999999999,98.234,98.30699999999999,605
2026-07-23T18:55:00+00:00,98.30699999999999,98.332,98.08699999999999,98.097,658
2026-07-23T19:00:00+00:00,98.097,98.097,97.85199999999999,97.889,880
2026-07-23T19:05:00+00:00,97.889,97.90199999999999,97.60799999999999,97.749,930
2026-07-23T19:10:00+00:00,97.749,97.78399999999999,97.68799999999999,97.69699999999999,385
2026-07-23T19:15:00+00:00,97.69699999999999,97.743,97.577,97.723,528
2026-07-23T19:20:00+00:00,97.723,97.78399999999999,97.71199999999999,97.719,456
2026-07-23T19:25:00+00:00,97.719,97.74799999999999,97.38199999999999,97.45299999999999,622
2026-07-23T19:30:00+00:00,97.45299999999999,97.46799999999999,96.993,97.33699999999999,1535
2026-07-23T19:35:00+00:00,97.33699999999999,97.59299999999999,97.282,97.55699999999999,976
2026-07-23T19:40:00+00:00,97.55699999999999,97.648,97.50299999999999,97.619,844
2026-07-23T19:45:00+00:00,97.619,97.76899999999999,97.568,97.75699999999999,507
2026-07-23T19:50:00+00:00,97.75699999999999,97.75699999999999,97.33399999999999,97.38799999999999,832
2026-07-23T19:55:00+00:00,97.38799999999999,97.479,97.303,97.42699999999999,1004
2026-07-23T20:00:00+00:00,97.42699999999999,97.46799999999999,97.22699999999999,97.368,614
2026-07-23T20:05:00+00:00,97.368,97.40199999999999,97.312,97.312,229
2026-07-23T20:10:00+00:00,97.312,97.488,97.24799999999999,97.443,505
2026-07-23T20:15:00+00:00,97.443,97.714,97.43799999999999,97.70299999999999,746
2026-07-23T20:20:00+00:00,97.70299999999999,97.853,97.65199999999999,97.80799999999999,611
2026-07-23T20:25:00+00:00,97.80799999999999,97.922,97.758,97.76299999999999,556
2026-07-23T20:30:00+00:00,97.76299999999999,97.824,97.65199999999999,97.719,373
2026-07-23T20:35:00+00:00,97.719,97.79899999999999,97.642,97.773,488
2026-07-23T20:40:00+00:00,97.773,98.18199999999999,97.76799999999999,98.00299999999999,602
2026-07-23T20:45:00+00:00,98.00299999999999,98.12199999999999,97.987,97.994,563
2026-07-23T20:50:00+00:00,97.994,98.172,97.994,98.107,385
2026-07-23T20:55:00+00:00,98.107,98.22399999999999,98.04799999999999,98.06899999999999,618
2026-07-24T00:00:00+00:00,98.06899999999999,98.41899999999998,98.06899999999999,98.28999999999999,582.6864767885177
2026-07-24T00:05:00+00:00,98.28999999999999,98.43299999999999,98.27,98.40399999999998,400
2026-07-24T00:10:00+00:00,98.40399999999998,98.645,98.27399999999999,98.55799999999999,404
2026-07-24T00:15:00+00:00,98.55799999999999,98.70499999999998,98.508,98.59899999999999,484
2026-07-24T00:20:00+00:00,98.59899999999999,98.59899999999999,98.18799999999999,98.32999999999998,629
2026-07-24T00:25:00+00:00,98.32999999999998,98.389,98.27299999999998,98.27899999999998,315
2026-07-24T00:30:00+00:00,98.27899999999998,98.365,98.23899999999999,98.26799999999999,232
2026-07-24T00:35:00+00:00,98.26799999999999,98.28499999999998,98.14899999999999,98.22899999999998,253
2026-07-24T00:40:00+00:00,98.22899999999998,98.24399999999999,98.15799999999999,98.16899999999998,189
2026-07-24T00:45:00+00:00,98.16899999999998,98.18999999999998,97.939,98.13799999999999,294
2026-07-24T00:50:00+00:00,98.13799999999999,98.16499999999999,98.05799999999999,98.14399999999999,215
2026-07-24T00:55:00+00:00,98.14399999999999,98.15999999999998,97.838,97.84299999999999,264
2026-07-24T01:00:00+00:00,97.84299999999999,97.84299999999999,97.37899999999999,97.57999999999998,2247
2026-07-24T01:05:00+00:00,97.57999999999998,97.71,97.469,97.68999999999998,821
2026-07-24T01:10:00+00:00,97.68999999999998,97.71999999999998,97.54799999999999,97.60999999999999,697
2026-07-24T01:15:00+00:00,97.60999999999999,97.71499999999999,97.44899999999998,97.579,761
2026-07-24T01:20:00+00:00,97.579,97.64299999999999,97.469,97.52799999999999,764
2026-07-24T01:25:00+00:00,97.52799999999999,97.62799999999999,97.48799999999999,97.55899999999998,651
2026-07-24T01:30:00+00:00,97.55899999999998,97.70899999999999,97.50299999999999,97.53299999999999,774
2026-07-24T01:35:00+00:00,97.53299999999999,97.54399999999998,97.36299999999999,97.37799999999999,568
2026-07-24T01:40:00+00:00,97.37799999999999,97.38499999999999,97.14299999999999,97.28899999999999,939
2026-07-24T01:45:00+00:00,97.28899999999999,97.49399999999999,97.21799999999999,97.48499999999999,629
2026-07-24T01:50:00+00:00,97.48499999999999,97.64999999999999,97.48499999999999,97.52799999999999,562
2026-07-24T01:55:00+00:00,97.52799999999999,97.719,97.50399999999999,97.69299999999998,463
2026-07-24T02:00:00+00:00,97.69299999999998,97.82799999999999,97.68799999999999,97.78899999999999,508
2026-07-24T02:05:00+00:00,97.78899999999999,97.93299999999999,97.725,97.74,464
2026-07-24T02:10:00+00:00,97.74,97.82399999999998,97.68799999999999,97.73899999999999,390
2026-07-24T02:15:00+00:00,97.73899999999999,97.78499999999998,97.68299999999999,97.77799999999999,160
2026-07-24T02:20:00+00:00,97.77799999999999,98.03299999999999,97.77399999999999,98.01299999999999,294
2026-07-24T02:25:00+00:00,98.01299999999999,98.04499999999999,97.96,98.01299999999999,209
2026-07-24T02:30:00+00:00,98.01299999999999,98.04799999999999,97.90299999999999,97.94999999999999,538
2026-07-24T02:35:00+00:00,97.94999999999999,97.98899999999999,97.87799999999999,97.88399999999999,341
2026-07-24T02:40:00+00:00,97.88399999999999,98.05999999999999,97.88399999999999,98.04799999999999,495
2026-07-24T02:45:00+00:00,98.04799999999999,98.30499999999999,98.03799999999998,98.14299999999999,554
2026-07-24T02:50:00+00:00,98.14299999999999,98.145,98.02799999999999,98.1,323
2026-07-24T02:55:00+00:00,98.1,98.18999999999998,97.95799999999998,98.139,476
2026-07-24T03:00:00+00:00,98.139,98.35399999999998,98.11399999999999,98.29899999999999,523
2026-07-24T03:05:00+00:00,98.29899999999999,98.52899999999998,98.29299999999999,98.50399999999999,576
2026-07-24T03:10:00+00:00,98.50399999999999,98.58999999999999,98.46799999999999,98.54799999999999,606
2026-07-24T03:15:00+00:00,98.54799999999999,98.57,98.389,98.439,429
2026-07-24T03:20:00+00:00,98.439,98.45899999999999,98.30899999999998,98.39899999999999,441
2026-07-24T03:25:00+00:00,98.39899999999999,98.71,98.37799999999999,98.57,936
2026-07-24T03:30:00+00:00,98.57,98.62799999999999,98.46,98.49799999999999,335
2026-07-24T03:35:00+00:00,98.49799999999999,98.53799999999998,98.30799999999999,98.359,259
2026-07-24T03:40:00+00:00,98.359,98.359,98.24499999999999,98.27799999999999,176
2026-07-24T03:45:00+00:00,98.27799999999999,98.29499999999999,98.20299999999999,98.204,177
2026-07-24T03:50:00+00:00,98.204,98.26499999999999,98.18299999999999,98.195,169
2026-07-24T03:55:00+00:00,98.195,98.21999999999998,98.15799999999999,98.16499999999999,273
2026-07-24T04:00:00+00:00,98.16499999999999,98.27899999999998,98.14399999999999,98.18799999999999,158
2026-07-24T04:05:00+00:00,98.18799999999999,98.18799999999999,97.96999999999998,98.00899999999999,295
2026-07-24T04:10:00+00:00,98.00899999999999,98.079,97.98799999999999,98.05999999999999,196
2026-07-24T04:15:00+00:00,98.05999999999999,98.07999999999998,98.02399999999999,98.03999999999999,137
2026-07-24T04:20:00+00:00,98.03999999999999,98.05799999999999,97.94399999999999,97.96999999999998,135
2026-07-24T04:25:00+00:00,97.96999999999998,97.99399999999999,97.90399999999998,97.939,360
2026-07-24T04:30:00+00:00,97.939,97.94899999999998,97.78799999999998,97.91799999999999,355
2026-07-24T04:35:00+00:00,97.91799999999999,97.95299999999999,97.88799999999999,97.93399999999998,265
2026-07-24T04:40:00+00:00,97.93399999999998,97.94999999999999,97.86299999999999,97.86999999999999,179
2026-07-24T04:45:00+00:00,97.86999999999999,97.948,97.80799999999999,97.92399999999999,266
2026-07-24T04:50:00+00:00,97.92399999999999,97.92799999999998,97.78799999999998,97.79999999999998,191
2026-07-24T04:55:00+00:00,97.79999999999998,97.89899999999999,97.79399999999998,97.82799999999999,302
2026-07-24T05:00:00+00:00,97.82799999999999,97.87899999999999,97.764,97.78999999999999,284
2026-07-24T05:05:00+00:00,97.78999999999999,97.88499999999999,97.76499999999999,97.86999999999999,238
2026-07-24T05:10:00+00:00,97.86999999999999,97.94999999999999,97.85799999999999,97.92399999999999,271
2026-07-24T05:15:00+00:00,97.92399999999999,97.99499999999999,97.90799999999999,97.97999999999999,220
2026-07-24T05:20:00+00:00,97.97999999999999,98.005,97.91299999999998,97.948,239
2026-07-24T05:25:00+00:00,97.948,97.993,97.84499999999998,97.90899999999999,256
2026-07-24T05:30:00+00:00,97.90899999999999,97.99999999999999,97.78999999999999,97.978,1091
2026-07-24T05:35:00+00:00,97.978,98.02399999999999,97.79899999999999,97.87899999999999,548
2026-07-24T05:40:00+00:00,97.87899999999999,97.90799999999999,97.64799999999998,97.74799999999999,775
2026-07-24T05:45:00+00:00,97.74799999999999,97.79499999999999,97.41299999999998,97.51899999999999,950
2026-07-24T05:50:00+00:00,97.51899999999999,97.86999999999999,97.46,97.86999999999999,791
2026-07-24T05:55:00+00:00,97.86999999999999,97.90499999999999,97.69299999999998,97.83399999999999,725
2026-07-24T06:00:00+00:00,97.83399999999999,97.96,97.728,97.728,958
2026-07-24T06:05:00+00:00,97.728,97.74999999999999,97.588,97.60999999999999,771
2026-07-24T06:10:00+00:00,97.60999999999999,97.67999999999999,97.45299999999999,97.46399999999998,1126
2026-07-24T06:15:00+00:00,97.46399999999998,97.76899999999999,97.454,97.47399999999999,933
2026-07-24T06:20:00+00:00,97.47399999999999,97.52899999999998,97.38799999999999,97.46999999999998,949
2026-07-24T06:25:00+00:00,97.46999999999998,97.52899999999998,97.30299999999998,97.469,918
2026-07-24T06:30:00+00:00,97.469,97.52999999999999,96.993,96.99999999999999,1057
2026-07-24T06:35:00+00:00,96.99999999999999,97.27999999999999,96.984,97.23299999999999,1307
2026-07-24T06:40:00+00:00,97.23299999999999,97.29799999999999,97.16799999999999,97.17499999999998,686
2026-07-24T06:45:00+00:00,97.17499999999998,97.21999999999998,96.93799999999999,96.96799999999999,844
2026-07-24T06:50:00+00:00,96.96799999999999,97.005,96.79299999999999,96.84499999999998,964
2026-07-24T06:55:00+00:00,96.84499999999998,96.90999999999998,96.47999999999999,96.54399999999998,1166
2026-07-24T07:00:00+00:00,96.54399999999998,96.64999999999999,96.219,96.52299999999998,1674
2026-07-24T07:05:00+00:00,96.52299999999998,96.70499999999998,96.51299999999999,96.67299999999999,745
2026-07-24T07:10:00+00:00,96.67299999999999,96.67499999999998,96.36299999999999,96.48299999999999,807
2026-07-24T07:15:00+00:00,96.48299999999999,96.59499999999998,96.213,96.219,1101
2026-07-24T07:20:00+00:00,96.219,96.469,96.20799999999998,96.32,870
2026-07-24T07:25:00+00:00,96.32,96.344,96.10999999999999,96.15299999999999,920
2026-07-24T07:30:00+00:00,96.15299999999999,96.314,95.98799999999999,96.243,1030
2026-07-24T07:35:00+00:00,96.243,96.514,96.16399999999999,96.44999999999999,903
2026-07-24T07:40:00+00:00,96.44999999999999,96.54499999999999,96.33999999999999,96.34799999999998,899
2026-07-24T07:45:00+00:00,96.34799999999998,96.45299999999999,96.15499999999999,96.17499999999998,846
2026-07-24T07:50:00+00:00,96.17499999999998,96.17499999999998,95.92299999999999,96.02899999999998,1048
2026-07-24T07:55:00+00:00,96.02899999999998,96.16999999999999,95.84799999999998,96.145,870
2026-07-24T08:00:00+00:00,96.145,96.27499999999999,96.07399999999998,96.15499999999999,1219
2026-07-24T08:05:00+00:00,96.15499999999999,96.395,96.07799999999999,96.16899999999998,1295
2026-07-24T08:10:00+00:00,96.16899999999998,96.33999999999999,96.09899999999999,96.133,1108
2026-07-24T08:15:00+00:00,96.133,96.35799999999999,96.103,96.195,1168
2026-07-24T08:20:00+00:00,96.195,96.29499999999999,96.15999999999998,96.20299999999999,1024
2026-07-24T08:25:00+00:00,96.20299999999999,96.23299999999999,95.55799999999999,95.58899999999998,4390
2026-07-24T08:30:00+00:00,95.58899999999998,95.83399999999999,95.58899999999998,95.755,2028
2026-07-24T08:35:00+00:00,95.755,95.84899999999999,95.38399999999999,95.47299999999998,1420
2026-07-24T08:40:00+00:00,95.47299999999998,95.47999999999999,95.08299999999998,95.13799999999999,1277
2026-07-24T08:45:00+00:00,95.13799999999999,95.49799999999999,95.06799999999998,95.15299999999999,1322
2026-07-24T08:50:00+00:00,95.15299999999999,95.35799999999999,95.09899999999999,95.19299999999998,1118
2026-07-24T08:55:00+00:00,95.19299999999998,95.42499999999998,95.04299999999999,95.26499999999999,1384
2026-07-24T09:00:00+00:00,95.26499999999999,95.28299999999999,94.713,94.844,1529
2026-07-24T09:05:00+00:00,94.844,94.90499999999999,94.21499999999999,94.22899999999998,1596
2026-07-24T09:10:00+00:00,94.22899999999998,94.77999999999999,94.16799999999999,94.65999999999998,1798
2026-07-24T09:15:00+00:00,94.65999999999998,94.704,94.26799999999999,94.41499999999999,1339
2026-07-24T09:20:00+00:00,94.41499999999999,94.54999999999998,94.14299999999999,94.30499999999999,1353
2026-07-24T09:25:00+00:00,94.30499999999999,94.389,94.204,94.389,1335
2026-07-24T09:30:00+00:00,94.389,94.72999999999999,94.073,94.18299999999999,1510
2026-07-24T09:35:00+00:00,94.18299999999999,94.31499999999998,94.08399999999999,94.14799999999998,917
2026-07-24T09:40:00+00:00,94.14799999999998,94.27399999999999,93.96,94.243,904
2026-07-24T09:45:00+00:00,94.243,94.374,94.13999999999999,94.27899999999998,1171
2026-07-24T09:50:00+00:00,94.27899999999998,94.59499999999998,94.198,94.57799999999999,1184
2026-07-24T09:55:00+00:00,94.57799999999999,94.57799999999999,94.389,94.52299999999998,1134
2026-07-24T10:00:00+00:00,94.52299999999998,94.85,94.38499999999999,94.80899999999998,1270
2026-07-24T10:05:00+00:00,94.80899999999998,95.05999999999999,94.749,94.945,1010
2026-07-24T10:10:00+00:00,94.945,95.26899999999999,94.94299999999998,95.21799999999999,1096
2026-07-24T10:15:00+00:00,95.21799999999999,95.374,95.18499999999999,95.264,991
2026-07-24T10:20:00+00:00,95.264,95.32499999999999,95.09299999999999,95.20499999999998,833
2026-07-24T10:25:00+00:00,95.20499999999998,95.30999999999999,95.15299999999999,95.28899999999999,621
2026-07-24T10:30:00+00:00,95.28899999999999,95.69399999999999,95.27899999999998,95.65799999999999,776
2026-07-24T10:35:00+00:00,95.65799999999999,95.844,95.585,95.75399999999999,1192
2026-07-24T10:40:00+00:00,95.75399999999999,95.82499999999999,95.67299999999999,95.70499999999998,639
2026-07-24T10:45:00+00:00,95.70499999999998,95.71999999999998,95.44399999999999,95.49799999999999,769
2026-07-24T10:50:00+00:00,95.49799999999999,95.77299999999998,95.454,95.764,813
2026-07-24T10:55:00+00:00,95.764,95.764,95.48799999999999,95.48799999999999,659
2026-07-24T11:00:00+00:00,95.48799999999999,95.52499999999999,95.17899999999999,95.264,1141
2026-07-24T11:05:00+00:00,95.264,95.475,95.19299999999998,95.448,722
2026-07-24T11:10:00+00:00,95.448,95.49499999999999,95.33899999999998,95.365,489
2026-07-24T11:15:00+00:00,95.365,95.38799999999999,95.22399999999999,95.29899999999999,476
2026-07-24T11:20:00+00:00,95.29899999999999,95.31499999999998,95.17299999999999,95.24499999999999,440
2026-07-24T11:25:00+00:00,95.24499999999999,95.35799999999999,95.15999999999998,95.30399999999999,621
2026-07-24T11:30:00+00:00,95.30399999999999,95.38999999999999,95.204,95.383,588
2026-07-24T11:35:00+00:00,95.383,95.42299999999999,94.80299999999998,95.064,1510
2026-07-24T11:40:00+00:00,95.064,95.27999999999999,95.00899999999999,95.27999999999999,839
2026-07-24T11:45:00+00:00,95.27999999999999,95.42299999999999,95.204,95.213,892
2026-07-24T11:50:00+00:00,95.213,95.41799999999999,95.17499999999998,95.41499999999999,698
2026-07-24T11:55:00+00:00,95.41499999999999,95.51299999999999,94.38999999999999,94.92999999999999,2347
2026-07-24T12:00:00+00:00,94.92999999999999,95.31899999999999,94.78399999999999,95.21799999999999,1987
2026-07-24T12:05:00+00:00,95.21799999999999,95.484,95.21799999999999,95.395,1059
2026-07-24T12:10:00+00:00,95.395,95.475,95.24799999999999,95.264,906
2026-07-24T12:15:00+00:00,95.264,95.27,94.993,95.118,1092
2026-07-24T12:20:00+00:00,95.118,95.16999999999999,95.08899999999998,95.13799999999999,969
2026-07-24T12:25:00+00:00,95.13799999999999,95.45899999999999,95.073,95.08899999999998,1623
2026-07-24T12:30:00+00:00,95.08899999999998,95.17999999999999,94.99999999999999,95.014,977
2026-07-24T12:35:00+00:00,95.014,95.014,94.65399999999998,94.695,1210
2026-07-24T12:40:00+00:00,94.695,94.77799999999999,94.57799999999999,94.77299999999998,882
2026-07-24T12:45:00+00:00,94.77299999999998,94.85,94.65399999999998,94.83399999999999,880
2026-07-24T12:50:00+00:00,94.83399999999999,95.04399999999998,94.78499999999998,94.91399999999999,982
2026-07-24T12:55:00+00:00,94.91399999999999,95.04999999999998,94.80799999999999,94.86399999999999,956
2026-07-24T13:00:00+00:00,94.86399999999999,95.18499999999999,94.70299999999999,95.12499999999999,2294
2026-07-24T13:05:00+00:00,95.12499999999999,95.42999999999999,95.09299999999999,95.36899999999999,1237
2026-07-24T13:10:00+00:00,95.36899999999999,95.40499999999999,95.243,95.35399999999998,1243
2026-07-24T13:15:00+00:00,95.35399999999998,95.514,95.314,95.47299999999998,1211
2026-07-24T13:20:00+00:00,95.47299999999998,95.71,95.42799999999998,95.62799999999999,1230
2026-07-24T13:25:00+00:00,95.62799999999999,95.66999999999999,95.39299999999999,95.52499999999999,1276
2026-07-24T13:30:00+00:00,95.52499999999999,95.57499999999999,95.24399999999999,95.32,1525
2026-07-24T13:35:00+00:00,95.32,95.41499999999999,95.15899999999999,95.27999999999999,1200
2026-07-24T13:40:00+00:00,95.27999999999999,95.48899999999999,95.213,95.46999999999998,1059
2026-07-24T13:45:00+00:00,95.46999999999998,95.505,94.80299999999998,95.01499999999999,1946
2026-07-24T13:50:00+00:00,95.01499999999999,95.365,95.01499999999999,95.26799999999999,1312
2026-07-24T13:55:00+00:00,95.26799999999999,95.31799999999998,94.969,95.07999999999998,1215
2026-07-24T14:00:00+00:00,95.07999999999998,95.16999999999999,94.868,95.06499999999998,1217
2026-07-24T14:05:00+00:00,95.06499999999998,95.06499999999998,94.78299999999999,94.81499999999998,1041
2026-07-24T14:10:00+00:00,94.81499999999998,94.90399999999998,94.72299999999998,94.88499999999999,1154
2026-07-24T14:15:00+00:00,94.88499999999999,94.96499999999999,94.66899999999998,94.698,1121
2026-07-24T14:20:00+00:00,94.698,94.85499999999999,94.59299999999999,94.77499999999999,1507
2026-07-24T14:25:00+00:00,94.77499999999999,94.80499999999999,94.30399999999999,94.499,1978
2026-07-24T14:30:00+00:00,94.499,94.55999999999999,94.28499999999998,94.46399999999998,1571
2026-07-24T14:35:00+00:00,94.46399999999998,94.90499999999999,94.26299999999999,94.889,1348
2026-07-24T14:40:00+00:00,94.889,94.945,94.64799999999998,94.76299999999999,1879
2026-07-24T14:45:00+00:00,94.76299999999999,94.874,94.47999999999999,94.65299999999999,2080
2026-07-24T14:50:00+00:00,94.65299999999999,94.73499999999999,94.564,94.66299999999998,1144
2026-07-24T14:55:00+00:00,94.66299999999998,94.77,94.59299999999999,94.74399999999999,1111
2026-07-24T15:00:00+00:00,94.74399999999999,94.889,94.67999999999999,94.85,1248
2026-07-24T15:05:00+00:00,94.85,95.01499999999999,94.77,94.95299999999999,762
2026-07-24T15:10:00+00:00,94.95299999999999,95.00399999999999,93.81299999999999,94.04399999999998,4107
2026-07-24T15:15:00+00:00,94.04399999999998,94.139,93.19899999999998,93.54999999999998,4467
2026-07-24T15:20:00+00:00,93.54999999999998,93.618,93.16799999999999,93.618,2868
2026-07-24T15:25:00+00:00,93.618,93.725,92.963,93.15399999999998,3742
2026-07-24T15:30:00+00:00,93.15399999999998,93.38499999999999,92.94299999999998,93.38,2362
2026-07-24T15:35:00+00:00,93.38,93.49,92.68299999999999,92.95899999999999,2468
2026-07-24T15:40:00+00:00,92.95899999999999,93.48299999999999,92.81899999999999,93.41999999999999,2617
2026-07-24T15:45:00+00:00,93.41999999999999,93.85999999999999,93.40399999999998,93.829,1968
2026-07-24T15:50:00+00:00,93.829,93.91799999999999,93.55799999999999,93.64999999999999,1451
2026-07-24T15:55:00+00:00,93.64999999999999,93.69299999999998,93.55799999999999,93.63399999999999,1252
2026-07-24T16:00:00+00:00,93.63399999999999,93.86299999999999,93.55799999999999,93.615,1430
2026-07-24T16:05:00+00:00,93.615,93.73499999999999,93.55799999999999,93.73499999999999,1201
2026-07-24T16:10:00+00:00,93.73499999999999,93.95299999999999,93.62299999999999,93.814,1179
2026-07-24T16:15:00+00:00,93.814,93.84799999999998,93.62799999999999,93.65499999999999,957
2026-07-24T16:20:00+00:00,93.65499999999999,93.71999999999998,93.56899999999999,93.67899999999999,806
2026-07-24T16:25:00+00:00,93.67899999999999,93.725,93.36299999999999,93.52399999999999,923
2026-07-24T16:30:00+00:00,93.52399999999999,93.76799999999999,93.46,93.54299999999999,1371
2026-07-24T16:35:00+00:00,93.54299999999999,93.579,93.28299999999999,93.49999999999999,906
2026-07-24T16:40:00+00:00,93.49999999999999,93.55499999999999,93.17499999999998,93.20499999999998,1059
2026-07-24T16:45:00+00:00,93.20499999999998,93.38499999999999,93.094,93.24499999999999,843
2026-07-24T16:50:00+00:00,93.24499999999999,93.61399999999999,93.24499999999999,93.52499999999999,977
2026-07-24T16:55:00+00:00,93.52499999999999,93.633,93.45799999999998,93.49399999999999,691
2026-07-24T17:00:00+00:00,93.49399999999999,93.505,93.29899999999999,93.36399999999999,723
2026-07-24T17:05:00+00:00,93.36399999999999,93.54999999999998,93.30299999999998,93.51299999999999,927
2026-07-24T17:10:00+00:00,93.51299999999999,93.639,93.47399999999999,93.56299999999999,856
2026-07-24T17:15:00+00:00,93.56299999999999,93.82,93.56299999999999,93.72299999999998,773
2026-07-24T17:20:00+00:00,93.72299999999998,93.92399999999999,93.65799999999999,93.90799999999999,571
2026-07-24T17:25:00+00:00,93.90799999999999,93.92299999999999,93.66299999999998,93.844,611
2026-07-24T17:30:00+00:00,93.844,93.91999999999999,93.78999999999999,93.89299999999999,802
2026-07-24T17:35:00+00:00,93.89299999999999,94.03299999999999,93.86299999999999,94.014,734
2026-07-24T17:40:00+00:00,94.014,94.02499999999999,93.859,93.92399999999999,795
2026-07-24T17:45:00+00:00,93.92399999999999,93.978,93.77299999999998,93.945,779
2026-07-24T17:50:00+00:00,93.945,94.02,93.86299999999999,94.00299999999999,833
2026-07-24T17:55:00+00:00,94.00299999999999,94.00299999999999,93.75299999999999,93.87499999999999,971
2026-07-24T18:00:00+00:00,93.87499999999999,93.945,93.74399999999999,93.80299999999998,909
2026-07-24T18:05:00+00:00,93.80299999999998,93.84499999999998,93.65299999999999,93.76899999999999,924
2026-07-24T18:10:00+00:00,93.76899999999999,93.80499999999999,93.51499999999999,93.77299999999998,1161
2026-07-24T18:15:00+00:00,93.77299999999998,94.17499999999998,93.743,94.16499999999999,1271
2026-07-24T18:20:00+00:00,94.16499999999999,94.32799999999999,94.09299999999999,94.28399999999999,1358
2026-07-24T18:25:00+00:00,94.28399999999999,94.39999999999999,94.17299999999999,94.34799999999998,2522
2026-07-24T18:30:00+00:00,94.34799999999998,94.43999999999998,93.94299999999998,94.10499999999999,1385
2026-07-24T18:35:00+00:00,94.10499999999999,94.189,93.87299999999999,94.06299999999999,1056
2026-07-24T18:40:00+00:00,94.06299999999999,94.16299999999998,94.02299999999998,94.15399999999998,456
2026-07-24T18:45:00+00:00,94.15399999999998,94.15399999999998,93.85399999999998,93.99399999999999,510
2026-07-24T18:50:00+00:00,93.99399999999999,94.15999999999998,93.963,94.07399999999998,455
2026-07-24T18:55:00+00:00,94.07399999999998,94.323,94.04399999999998,94.27799999999999,480
2026-07-24T19:00:00+00:00,94.27799999999999,94.38999999999999,94.24799999999999,94.38499999999999,557
2026-07-24T19:05:00+00:00,94.38499999999999,94.50999999999999,94.34899999999999,94.42899999999999,456
2026-07-24T19:10:00+00:00,94.42899999999999,94.49999999999999,94.41399999999999,94.46799999999999,314
2026-07-24T19:15:00+00:00,94.46799999999999,94.52299999999998,94.41399999999999,94.45899999999999,320
2026-07-24T19:20:00+00:00,94.45899999999999,94.52399999999999,94.43399999999998,94.45899999999999,184
2026-07-24T19:25:00+00:00,94.45899999999999,94.615,94.40299999999999,94.60999999999999,414
2026-07-24T19:30:00+00:00,94.60999999999999,94.71499999999999,94.18999999999998,94.359,1408
2026-07-24T19:35:00+00:00,94.359,94.38799999999999,93.81899999999999,94.103,2228
2026-07-24T19:40:00+00:00,94.103,94.24999999999999,94.05999999999999,94.18999999999998,657
2026-07-24T19:45:00+00:00,94.18999999999998,94.32,94.17799999999998,94.25999999999999,658
2026-07-24T19:50:00+00:00,94.25999999999999,94.33899999999998,94.115,94.264,666
2026-07-24T19:55:00+00:00,94.264,94.94899999999998,94.264,94.93799999999999,1554
2026-07-24T20:00:00+00:00,94.93799999999999,95.225,94.93799999999999,95.15799999999999,1108
2026-07-24T20:05:00+00:00,95.15799999999999,95.39899999999999,95.15799999999999,95.353,706
2026-07-24T20:10:00+00:00,95.353,95.645,95.353,95.64399999999999,807
2026-07-24T20:15:00+00:00,95.64399999999999,95.64399999999999,95.35799999999999,95.38799999999999,729
2026-07-24T20:20:00+00:00,95.38799999999999,95.58899999999998,95.30899999999998,95.58899999999998,624
2026-07-24T20:25:00+00:00,95.58899999999998,95.70799999999998,95.50899999999999,95.64399999999999,720
2026-07-24T20:30:00+00:00,95.64399999999999,95.79399999999998,95.62499999999999,95.77799999999999,646
2026-07-24T20:35:00+00:00,95.77799999999999,95.79399999999998,95.594,95.74,508
2026-07-24T20:40:00+00:00,95.74,95.79899999999999,95.68299999999999,95.68999999999998,448
2026-07-27T00:00:00+00:00,95.68999999999998,95.71299999999998,89.39099999999999,89.56799999999998,491.08809135399673
2026-07-27T00:05:00+00:00,89.56799999999998,89.83299999999998,89.37099999999998,89.48099999999998,333
2026-07-27T00:10:00+00:00,89.48099999999998,89.48199999999999,89.27099999999999,89.28099999999999,321
2026-07-27T00:15:00+00:00,89.28099999999999,89.28199999999998,88.83099999999999,89.01799999999999,309
2026-07-27T00:20:00+00:00,89.01799999999999,89.10099999999998,88.95199999999998,88.97299999999998,226
2026-07-27T00:25:00+00:00,88.97299999999998,89.41799999999999,88.91099999999999,89.34299999999999,263
2026-07-27T00:30:00+00:00,89.34299999999999,89.54199999999999,89.27099999999999,89.51299999999999,214
2026-07-27T00:35:00+00:00,89.51299999999999,89.54199999999999,89.39299999999999,89.44299999999998,148
2026-07-27T00:40:00+00:00,89.44299999999998,89.46299999999998,89.34099999999998,89.46299999999998,113
2026-07-27T00:45:00+00:00,89.46299999999998,89.70299999999999,89.46299999999998,89.68299999999998,119
2026-07-27T00:50:00+00:00,89.68299999999998,89.72299999999998,89.54599999999998,89.61599999999999,207
2026-07-27T00:55:00+00:00,89.61599999999999,89.83799999999998,89.61299999999999,89.74099999999999,202
2026-07-27T01:00:00+00:00,89.74099999999999,90.12799999999999,89.53099999999999,90.12599999999999,1108
2026-07-27T01:05:00+00:00,90.12599999999999,90.23299999999999,89.93599999999998,90.17199999999998,482
2026-07-27T01:10:00+00:00,90.17199999999998,90.46799999999999,90.14099999999999,90.34199999999998,376
2026-07-27T01:15:00+00:00,90.34199999999998,90.34199999999998,90.06199999999998,90.16299999999998,392
2026-07-27T01:20:00+00:00,90.16299999999998,90.26799999999999,90.11099999999999,90.19299999999998,302
2026-07-27T01:25:00+00:00,90.19299999999998,90.29299999999999,90.06099999999998,90.07299999999998,264
2026-07-27T01:30:00+00:00,90.07299999999998,90.10299999999998,89.91099999999999,89.99299999999998,331
2026-07-27T01:35:00+00:00,89.99299999999998,90.07199999999999,89.90199999999999,89.95199999999998,340
2026-07-27T01:40:00+00:00,89.95199999999998,90.22799999999998,89.91199999999999,90.20699999999998,251
2026-07-27T01:45:00+00:00,90.20699999999998,90.31799999999998,90.19599999999998,90.31599999999999,233
2026-07-27T01:50:00+00:00,90.31599999999999,90.38799999999999,90.19299999999998,90.23799999999999,252
2026-07-27T01:55:00+00:00,90.23799999999999,90.34099999999998,90.21099999999998,90.30099999999999,209
2026-07-27T02:00:00+00:00,90.30099999999999,90.47699999999999,90.20099999999998,90.45299999999999,192
2026-07-27T02:05:00+00:00,90.45299999999999,90.53299999999999,90.37799999999999,90.53299999999999,188
2026-07-27T02:10:00+00:00,90.53299999999999,90.77599999999998,90.52099999999999,90.58199999999998,254
2026-07-27T02:15:00+00:00,90.58199999999998,90.58199999999998,90.43699999999998,90.52199999999999,137
2026-07-27T02:20:00+00:00,90.52199999999999,90.74599999999998,90.51699999999998,90.74299999999998,68
2026-07-27T02:25:00+00:00,90.74299999999998,90.86599999999999,90.67099999999998,90.86599999999999,116
2026-07-27T02:30:00+00:00,90.86599999999999,90.87299999999999,90.69799999999998,90.77299999999998,324
2026-07-27T02:35:00+00:00,90.77299999999998,90.78699999999999,90.43799999999999,90.50299999999999,237
2026-07-27T02:40:00+00:00,90.50299999999999,90.70199999999998,90.49099999999999,90.64199999999998,168
2026-07-27T02:45:00+00:00,90.64199999999998,90.77099999999999,90.58099999999999,90.65299999999999,162
2026-07-27T02:50:00+00:00,90.65299999999999,90.69299999999998,90.56099999999998,90.67599999999999,178
2026-07-27T02:55:00+00:00,90.67599999999999,90.82199999999999,90.65099999999998,90.71299999999998,261
2026-07-27T03:00:00+00:00,90.71299999999998,90.72299999999998,90.54199999999999,90.54599999999998,206
2026-07-27T03:05:00+00:00,90.54599999999998,90.58199999999998,90.39199999999998,90.43299999999998,133
2026-07-27T03:10:00+00:00,90.43299999999998,90.58599999999998,90.35099999999998,90.56799999999998,192
2026-07-27T03:15:00+00:00,90.56799999999998,90.56799999999998,90.37099999999998,90.39099999999999,131
2026-07-27T03:20:00+00:00,90.39099999999999,90.40199999999999,90.29199999999999,90.38799999999999,227
2026-07-27T03:25:00+00:00,90.38799999999999,90.49299999999998,90.37099999999998,90.40099999999998,177
2026-07-27T03:30:00+00:00,90.40099999999998,90.44299999999998,90.20199999999998,90.21199999999999,153
2026-07-27T03:35:00+00:00,90.21199999999999,90.24599999999998,90.14699999999999,90.21299999999998,99
2026-07-27T03:40:00+00:00,90.21299999999998,90.34299999999999,90.21299999999998,90.24299999999998,65
2026-07-27T03:45:00+00:00,90.24299999999998,90.37099999999998,90.21299999999998,90.37099999999998,52
2026-07-27T03:50:00+00:00,90.37099999999998,90.47299999999998,90.37099999999998,90.46099999999998,57
2026-07-27T03:55:00+00:00,90.46099999999998,90.46699999999998,90.29099999999998,90.29199999999999,83
2026-07-27T04:00:00+00:00,90.29199999999999,90.29199999999999,89.86599999999999,89.91199999999999,201
2026-07-27T04:05:00+00:00,89.91199999999999,90.07199999999999,89.88199999999999,90.05599999999998,87
2026-07-27T04:10:00+00:00,90.05599999999998,90.13199999999999,90.02099999999999,90.07299999999998,95
2026-07-27T04:15:00+00:00,90.07299999999998,90.13099999999999,89.95599999999999,89.97299999999998,70
2026-07-27T04:20:00+00:00,89.97299999999998,90.06699999999998,89.90599999999999,89.91199999999999,110
2026-07-27T04:25:00+00:00,89.91199999999999,89.91199999999999,89.77199999999999,89.85799999999999,287
2026-07-27T04:30:00+00:00,89.85799999999999,89.86099999999999,89.79199999999999,89.80699999999999,168
2026-07-27T04:35:00+00:00,89.80699999999999,89.80699999999999,89.65199999999999,89.66199999999999,211
2026-07-27T04:40:00+00:00,89.66199999999999,89.67299999999999,89.36699999999999,89.43299999999998,410
2026-07-27T04:45:00+00:00,89.43299999999998,89.56299999999999,89.43199999999999,89.52799999999999,191
2026-07-27T04:50:00+00:00,89.52799999999999,89.72099999999999,89.52799999999999,89.66199999999999,116
2026-07-27T04:55:00+00:00,89.66199999999999,89.78099999999999,89.66199999999999,89.78099999999999,113
2026-07-27T05:00:00+00:00,89.78099999999999,89.90099999999998,89.58799999999998,89.87099999999998,251
2026-07-27T05:05:00+00:00,89.87099999999998,89.88199999999999,89.66699999999999,89.67199999999998,118
2026-07-27T05:10:00+00:00,89.67199999999998,89.71099999999998,89.56799999999998,89.67199999999998,177
2026-07-27T05:15:00+00:00,89.67199999999998,89.83299999999998,89.65099999999998,89.78099999999999,159
2026-07-27T05:20:00+00:00,89.78099999999999,89.78599999999999,89.42099999999998,89.47599999999998,213
2026-07-27T05:25:00+00:00,89.47599999999998,89.61699999999999,89.44199999999998,89.51299999999999,123
2026-07-27T05:30:00+00:00,89.51299999999999,89.74099999999999,89.39599999999999,89.66299999999998,517
2026-07-27T05:35:00+00:00,89.66299999999998,89.71299999999998,89.55199999999998,89.57199999999999,274
2026-07-27T05:40:00+00:00,89.57199999999999,89.65299999999999,89.44099999999999,89.52299999999998,351
2026-07-27T05:45:00+00:00,89.52299999999998,89.63099999999999,89.32199999999999,89.32199999999999,442
2026-07-27T05:50:00+00:00,89.32199999999999,89.41299999999998,89.21099999999998,89.24799999999999,488
2026-07-27T05:55:00+00:00,89.24799999999999,89.39799999999998,89.13099999999999,89.35099999999998,394
2026-07-27T06:00:00+00:00,89.35099999999998,89.43099999999998,88.86599999999999,88.90299999999999,644
2026-07-27T06:05:00+00:00,88.90299999999999,89.05699999999999,88.75099999999999,88.75099999999999,550
2026-07-27T06:10:00+00:00,88.75099999999999,88.75199999999998,88.41199999999999,88.45599999999999,793
2026-07-27T06:15:00+00:00,88.45599999999999,88.57299999999998,88.13099999999999,88.18699999999998,586
2026-07-27T06:20:00+00:00,88.18699999999998,88.52599999999998,88.13099999999999,88.52599999999998,514
2026-07-27T06:25:00+00:00,88.52599999999998,88.55599999999998,88.39099999999999,88.44599999999998,548
2026-07-27T06:30:00+00:00,88.44599999999998,88.55799999999998,88.43099999999998,88.43799999999999,493
2026-07-27T06:35:00+00:00,88.43799999999999,88.47799999999998,88.18599999999998,88.30699999999999,436
2026-07-27T06:40:00+00:00,88.30699999999999,88.42299999999999,88.04699999999998,88.08299999999998,507
2026-07-27T06:45:00+00:00,88.08299999999998,88.24699999999999,87.79099999999998,87.91799999999999,536
2026-07-27T06:50:00+00:00,87.91799999999999,88.11099999999999,87.64199999999998,87.73199999999999,514
2026-07-27T06:55:00+00:00,87.73199999999999,87.76599999999999,87.48599999999999,87.55099999999999,429
2026-07-27T07:00:00+00:00,87.55099999999999,88.11099999999999,87.34099999999998,88.00799999999998,691
2026-07-27T07:05:00+00:00,88.00799999999998,88.08299999999998,87.96099999999998,88.07799999999999,458
2026-07-27T07:10:00+00:00,88.07799999999999,88.08299999999998,87.73699999999998,87.76099999999998,347
2026-07-27T07:15:00+00:00,87.76099999999998,87.96599999999998,87.62699999999998,87.74799999999999,416
2026-07-27T07:20:00+00:00,87.74799999999999,88.07299999999998,87.71599999999998,88.04799999999999,344
2026-07-27T07:25:00+00:00,88.04799999999999,88.53799999999998,88.00199999999998,88.53799999999998,494
2026-07-27T07:30:00+00:00,88.53799999999998,88.67299999999999,88.51599999999999,88.53699999999999,446
2026-07-27T07:35:00+00:00,88.53699999999999,88.56699999999998,88.29299999999999,88.51199999999999,641
2026-07-27T07:40:00+00:00,88.51199999999999,88.65299999999999,88.36599999999999,88.59799999999998,414
2026-07-27T07:45:00+00:00,88.59799999999998,88.77299999999998,88.38199999999999,88.39599999999999,626
2026-07-27T07:50:00+00:00,88.39599999999999,88.52699999999999,88.06699999999998,88.21299999999998,687
2026-07-27T07:55:00+00:00,88.21299999999998,88.78699999999999,87.87199999999999,88.78699999999999,779
2026-07-27T08:00:00+00:00,88.78699999999999,89.16299999999998,88.58299999999998,89.03599999999999,1004
2026-07-27T08:05:00+00:00,89.03599999999999,89.07099999999998,88.18299999999998,88.50299999999999,855
2026-07-27T08:10:00+00:00,88.50299999999999,88.60299999999998,88.29199999999999,88.38799999999999,658
2026-07-27T08:15:00+00:00,88.38799999999999,88.53299999999999,87.89799999999998,88.07199999999999,871
2026-07-27T08:20:00+00:00,88.07199999999999,88.20199999999998,87.88199999999999,88.19199999999998,826
2026-07-27T08:25:00+00:00,88.19199999999998,88.24599999999998,87.58199999999998,87.74699999999999,1449
2026-07-27T08:30:00+00:00,87.74699999999999,87.84299999999999,87.49799999999999,87.75199999999998,855
2026-07-27T08:35:00+00:00,87.75199999999998,87.90199999999999,87.65699999999998,87.70599999999999,583
2026-07-27T08:40:00+00:00,87.70599999999999,87.71699999999998,87.17699999999998,87.30799999999998,698
2026-07-27T08:45:00+00:00,87.30799999999998,87.50699999999999,87.22599999999998,87.33799999999998,531
2026-07-27T08:50:00+00:00,87.33799999999998,87.33799999999998,86.51699999999998,86.59799999999998,672
2026-07-27T08:55:00+00:00,86.59799999999998,86.70799999999998,86.48099999999998,86.55099999999999,686
2026-07-27T09:00:00+00:00,86.55099999999999,86.85599999999998,86.55099999999999,86.79699999999998,458
2026-07-27T09:05:00+00:00,86.79699999999998,86.89599999999999,86.61199999999998,86.82099999999998,461
2026-07-27T09:10:00+00:00,86.82099999999998,86.82199999999999,86.61299999999999,86.79699999999998,327
2026-07-27T09:15:00+00:00,86.79699999999998,86.81799999999998,86.54199999999999,86.81799999999998,404
2026-07-27T09:20:00+00:00,86.81799999999998,86.86299999999999,86.57199999999999,86.58799999999998,350
2026-07-27T09:25:00+00:00,86.58799999999998,86.59699999999998,85.92799999999998,86.04099999999998,826
2026-07-27T09:30:00+00:00,86.04099999999998,86.12299999999999,85.42699999999998,85.50799999999998,854
2026-07-27T09:35:00+00:00,85.50799999999998,85.83799999999998,85.50099999999999,85.75799999999998,530
2026-07-27T09:40:00+00:00,85.75799999999998,85.79799999999999,85.42599999999999,85.47299999999998,398
2026-07-27T09:45:00+00:00,85.47299999999998,85.55199999999998,85.33699999999999,85.53699999999999,661
2026-07-27T09:50:00+00:00,85.53699999999999,85.59799999999998,85.18599999999998,85.27599999999998,716
2026-07-27T09:55:00+00:00,85.27599999999998,85.38199999999999,85.13799999999999,85.36799999999998,450
2026-07-27T10:00:00+00:00,85.36799999999998,85.53799999999998,85.36299999999999,85.51199999999999,474
2026-07-27T10:05:00+00:00,85.51199999999999,86.16099999999999,85.49599999999998,86.15699999999998,490
2026-07-27T10:10:00+00:00,86.15699999999998,86.71699999999998,85.97599999999998,86.34799999999998,1087
2026-07-27T10:15:00+00:00,86.34799999999998,86.49799999999999,85.96599999999998,86.08599999999998,536
2026-07-27T10:20:00+00:00,86.08599999999998,86.67199999999998,86.06299999999999,86.58099999999999,461
2026-07-27T10:25:00+00:00,86.58099999999999,86.72299999999998,86.49699999999999,86.55299999999998,392
2026-07-27T10:30:00+00:00,86.55299999999998,86.64599999999999,86.37199999999999,86.55599999999998,381
2026-07-27T10:35:00+00:00,86.55599999999998,86.59699999999998,86.35599999999998,86.37299999999999,384
2026-07-27T10:40:00+00:00,86.37299999999999,86.53099999999999,86.37099999999998,86.41599999999998,286
2026-07-27T10:45:00+00:00,86.41599999999998,86.64199999999998,86.37299999999999,86.56599999999999,276
2026-07-27T10:50:00+00:00,86.56599999999999,86.77299999999998,86.48099999999998,86.55299999999998,283
2026-07-27T10:55:00+00:00,86.55299999999998,86.82299999999998,86.43699999999998,86.78099999999999,277
2026-07-27T11:00:00+00:00,86.78099999999999,86.95599999999999,86.68199999999999,86.92699999999998,477
2026-07-27T11:05:00+00:00,86.92699999999998,86.95699999999998,86.74299999999998,86.83299999999998,335
2026-07-27T11:10:00+00:00,86.83299999999998,87.06799999999998,86.80299999999998,87.01299999999999,439
2026-07-27T11:15:00+00:00,87.01299999999999,87.08599999999998,86.86099999999999,87.08599999999998,307
2026-07-27T11:20:00+00:00,87.08599999999998,87.11299999999999,86.94599999999998,86.96099999999998,333
2026-07-27T11:25:00+00:00,86.96099999999998,87.44299999999998,86.95599999999999,87.43099999999998,377
2026-07-27T11:30:00+00:00,87.43099999999998,87.51299999999999,86.84099999999998,86.93199999999999,732
2026-07-27T11:35:00+00:00,86.93199999999999,86.93199999999999,86.71099999999998,86.85099999999998,481
2026-07-27T11:40:00+00:00,86.85099999999998,87.13299999999998,86.71599999999998,86.81099999999998,510
2026-07-27T11:45:00+00:00,86.81099999999998,87.02799999999999,86.71599999999998,86.94199999999998,467
2026-07-27T11:50:00+00:00,86.94199999999998,87.03299999999999,86.83599999999998,86.98299999999999,378
2026-07-27T11:55:00+00:00,86.98299999999999,87.12799999999999,86.93299999999998,87.12199999999999,381
2026-07-27T12:00:00+00:00,87.12199999999999,87.26599999999999,87.07699999999998,87.24699999999999,482
2026-07-27T12:05:00+00:00,87.24699999999999,87.57799999999999,87.24699999999999,87.55099999999999,590
2026-07-27T12:10:00+00:00,87.55099999999999,88.10699999999999,87.49699999999999,87.99599999999998,1041
2026-07-27T12:15:00+00:00,87.99599999999998,88.01699999999998,87.79199999999999,87.98299999999999,702
2026-07-27T12:20:00+00:00,87.98299999999999,88.04299999999999,87.83199999999998,87.85299999999998,511
2026-07-27T12:25:00+00:00,87.85299999999998,88.00299999999999,87.74799999999999,87.99299999999998,515
2026-07-27T12:30:00+00:00,87.99299999999998,88.18799999999999,87.89699999999999,87.91599999999998,485
2026-07-27T12:35:00+00:00,87.91599999999998,88.07299999999998,87.79799999999999,88.06699999999998,535
2026-07-27T12:40:00+00:00,88.06699999999998,88.21799999999999,87.97699999999999,88.19599999999998,468
2026-07-27T12:45:00+00:00,88.19599999999998,88.19599999999998,87.92699999999998,87.97299999999998,504
2026-07-27T12:50:00+00:00,87.97299999999998,88.48199999999999,87.93299999999998,88.39599999999999,787
2026-07-27T12:55:00+00:00,88.39599999999999,88.48799999999999,88.20699999999998,88.20799999999998,688
2026-07-27T13:00:00+00:00,88.20799999999998,88.57199999999999,88.04299999999999,88.20799999999998,1248
2026-07-27T13:05:00+00:00,88.20799999999998,88.55299999999998,88.07099999999998,88.49699999999999,853
2026-07-27T13:10:00+00:00,88.49699999999999,88.54599999999998,88.33199999999998,88.45199999999998,735
2026-07-27T13:15:00+00:00,88.45199999999998,88.80799999999998,88.37099999999998,88.75299999999999,705
2026-07-27T13:20:00+00:00,88.75299999999999,88.75299999999999,88.41699999999999,88.54099999999998,573
2026-07-27T13:25:00+00:00,88.54099999999998,88.70199999999998,88.44099999999999,88.70099999999998,470
2026-07-27T13:30:00+00:00,88.70099999999998,88.70299999999999,88.16699999999999,88.26299999999999,741
2026-07-27T13:35:00+00:00,88.26299999999999,88.26299999999999,87.83099999999999,87.83099999999999,715
2026-07-27T13:40:00+00:00,87.83099999999999,88.09699999999998,87.83099999999999,88.03599999999999,676
2026-07-27T13:45:00+00:00,88.03599999999999,88.15599999999999,87.81699999999998,87.94099999999999,509
2026-07-27T13:50:00+00:00,87.94099999999999,88.38599999999998,87.90599999999999,88.31799999999998,603
2026-07-27T13:55:00+00:00,88.31799999999998,88.42199999999998,88.30599999999998,88.31199999999998,449
2026-07-27T14:00:00+00:00,88.31199999999998,88.32799999999999,87.81599999999999,87.84299999999999,612
2026-07-27T14:05:00+00:00,87.84299999999999,87.94699999999999,87.74299999999998,87.82799999999999,454
2026-07-27T14:10:00+00:00,87.82799999999999,87.92299999999999,87.52199999999999,87.56799999999998,574
2026-07-27T14:15:00+00:00,87.56799999999998,87.77799999999999,87.53199999999998,87.75799999999998,528
2026-07-27T14:20:00+00:00,87.75799999999998,87.84299999999999,87.56299999999999,87.62699999999998,492
2026-07-27T14:25:00+00:00,87.62699999999998,87.88299999999998,87.59699999999998,87.66799999999999,420
2026-07-27T14:30:00+00:00,87.66799999999999,87.85799999999999,87.54099999999998,87.79799999999999,469
2026-07-27T14:35:00+00:00,87.79799999999999,87.88799999999999,87.58099999999999,87.72299999999998,377
2026-07-27T14:40:00+00:00,87.72299999999998,87.77199999999999,87.48599999999999,87.62699999999998,463
2026-07-27T14:45:00+00:00,87.62699999999998,87.71599999999998,87.46099999999998,87.70599999999999,318
2026-07-27T14:50:00+00:00,87.70599999999999,87.82299999999998,87.65699999999998,87.76799999999999,377
2026-07-27T14:55:00+00:00,87.76799999999999,87.85299999999998,87.53699999999999,87.56699999999998,370
2026-07-27T15:00:00+00:00,87.56699999999998,87.77199999999999,87.23199999999999,87.32299999999998,768
2026-07-27T15:05:00+00:00,87.32299999999998,87.53799999999998,87.26199999999999,87.30299999999998,694
2026-07-27T15:10:00+00:00,87.30299999999998,87.37299999999999,87.12799999999999,87.21599999999998,560
2026-07-27T15:15:00+00:00,87.21599999999998,87.45799999999998,87.13099999999999,87.13599999999998,645
2026-07-27T15:20:00+00:00,87.13599999999998,87.34799999999998,87.00599999999999,87.26699999999998,1155
2026-07-27T15:25:00+00:00,87.26699999999998,87.33799999999998,87.03099999999999,87.05299999999998,2033
2026-07-27T15:30:00+00:00,87.05299999999998,87.32699999999998,86.89799999999998,87.27699999999999,1699
2026-07-27T15:35:00+00:00,87.27699999999999,87.32799999999999,87.08599999999998,87.26799999999999,1378
2026-07-27T15:40:00+00:00,87.26799999999999,87.36199999999998,87.11599999999999,87.13799999999999,1042
2026-07-27T15:45:00+00:00,87.13799999999999,87.36799999999998,87.11199999999998,87.34699999999998,734
2026-07-27T15:50:00+00:00,87.34699999999998,87.34699999999998,87.08599999999998,87.15299999999999,1067
2026-07-27T15:55:00+00:00,87.15299999999999,87.37299999999999,87.15299999999999,87.34599999999999,845
2026-07-27T16:00:00+00:00,87.34599999999999,87.37299999999999,87.04099999999998,87.24799999999999,1033
2026-07-27T16:05:00+00:00,87.24799999999999,87.33799999999998,87.12799999999999,87.30599999999998,782
2026-07-27T16:10:00+00:00,87.30599999999998,87.36699999999999,87.20099999999998,87.23299999999999,890
2026-07-27T16:15:00+00:00,87.23299999999999,87.75699999999999,87.18099999999998,87.74599999999998,927
2026-07-27T16:20:00+00:00,87.74599999999998,87.84799999999998,87.55799999999998,87.63699999999999,897
2026-07-27T16:25:00+00:00,87.63699999999999,87.65699999999998,86.68199999999999,86.84599999999999,3404
2026-07-27T16:30:00+00:00,86.84599999999999,86.88199999999999,86.19799999999998,86.22699999999999,1867
2026-07-27T16:35:00+00:00,86.22699999999999,86.50799999999998,86.21599999999998,86.46599999999998,1614
2026-07-27T16:40:00+00:00,86.46599999999998,86.59799999999998,86.44099999999999,86.52299999999998,1183
2026-07-27T16:45:00+00:00,86.52299999999998,86.84799999999998,86.43699999999998,86.77599999999998,1067
2026-07-27T16:50:00+00:00,86.77599999999998,86.97099999999999,86.69099999999999,86.81099999999998,870
2026-07-27T16:55:00+00:00,86.81099999999998,86.82699999999998,86.68699999999998,86.74099999999999,908
2026-07-27T17:00:00+00:00,86.74099999999999,86.82299999999998,86.69699999999999,86.69699999999999,680
2026-07-27T17:05:00+00:00,86.69699999999999,86.80599999999998,86.58699999999999,86.77799999999999,649
2026-07-27T17:10:00+00:00,86.77799999999999,86.85199999999999,86.60099999999998,86.71599999999998,786
2026-07-27T17:15:00+00:00,86.71599999999998,86.80599999999998,86.58699999999999,86.66599999999998,957
2026-07-27T17:20:00+00:00,86.66599999999998,86.67599999999999,86.42099999999998,86.56599999999999,904
2026-07-27T17:25:00+00:00,86.56599999999999,86.56599999999999,86.37099999999998,86.47299999999998,744
2026-07-27T17:30:00+00:00,86.47299999999998,86.47799999999998,86.28199999999998,86.31799999999998,996
2026-07-27T17:35:00+00:00,86.31799999999998,86.60699999999999,86.31699999999998,86.60699999999999,902
2026-07-27T17:40:00+00:00,86.60699999999999,86.70099999999998,86.52599999999998,86.65599999999999,808
2026-07-27T17:45:00+00:00,86.65599999999999,86.71599999999998,86.51699999999998,86.56599999999999,714
2026-07-27T17:50:00+00:00,86.56599999999999,86.57699999999998,86.31699999999998,86.37799999999999,846
2026-07-27T17:55:00+00:00,86.37799999999999,86.38199999999999,86.20099999999998,86.24799999999999,905
2026-07-27T18:00:00+00:00,86.24799999999999,86.25199999999998,85.95099999999998,86.10799999999999,1266
2026-07-27T18:05:00+00:00,86.10799999999999,86.10799999999999,85.84599999999999,85.85599999999998,805
2026-07-27T18:10:00+00:00,85.85599999999998,86.04799999999999,85.83599999999998,85.89599999999999,810
2026-07-27T18:15:00+00:00,85.89599999999999,85.90699999999998,85.51099999999998,85.60299999999998,960
2026-07-27T18:20:00+00:00,85.60299999999998,85.71799999999999,85.54199999999999,85.69599999999998,1335
2026-07-27T18:25:00+00:00,85.69599999999998,86.04599999999998,85.61699999999999,85.94699999999999,2751
2026-07-27T18:30:00+00:00,85.94699999999999,86.26799999999999,85.89099999999999,86.26599999999999,1035
2026-07-27T18:35:00+00:00,86.26599999999999,86.27799999999999,86.14599999999999,86.14799999999998,570
2026-07-27T18:40:00+00:00,86.14799999999998,86.14799999999998,85.57299999999998,85.76099999999998,1305
2026-07-27T18:45:00+00:00,85.76099999999998,85.83799999999998,85.64799999999998,85.69299999999998,735
2026-07-27T18:50:00+00:00,85.69299999999998,85.74299999999998,85.63599999999998,85.65799999999999,386
2026-07-27T18:55:00+00:00,85.65799999999999,85.71799999999999,85.52099999999999,85.53199999999998,422
2026-07-27T19:00:00+00:00,85.53199999999998,85.68799999999999,85.45699999999998,85.66799999999999,636
2026-07-27T19:05:00+00:00,85.66799999999999,85.71799999999999,85.56199999999998,85.60599999999998,363
2026-07-27T19:10:00+00:00,85.60599999999998,85.77799999999999,85.60099999999998,85.77099999999999,371
2026-07-27T19:15:00+00:00,85.77099999999999,85.79299999999999,85.65099999999998,85.73299999999999,303
2026-07-27T19:20:00+00:00,85.73299999999999,85.73799999999999,85.56799999999998,85.62599999999999,350
2026-07-27T19:25:00+00:00,85.62599999999999,85.65199999999999,85.52299999999998,85.55799999999998,362
2026-07-27T19:30:00+00:00,85.55799999999998,85.66799999999999,85.51599999999999,85.62099999999998,433
2026-07-27T19:35:00+00:00,85.62099999999998,85.67299999999999,85.53699999999999,85.55099999999999,317
2026-07-27T19:40:00+00:00,85.55099999999999,85.63599999999998,85.47199999999998,85.50799999999998,390
2026-07-27T19:45:00+00:00,85.50799999999998,85.57799999999999,85.38099999999999,85.39799999999998,360
2026-07-27T19:50:00+00:00,85.39799999999998,85.40699999999998,85.29599999999998,85.32199999999999,380
2026-07-27T19:55:00+00:00,85.32199999999999,85.41799999999999,85.28199999999998,85.31699999999998,595
2026-07-27T20:00:00+00:00,85.31699999999998,85.36799999999998,85.26699999999998,85.35699999999999,322
2026-07-27T20:05:00+00:00,85.35699999999999,85.37299999999999,85.10099999999998,85.13799999999999,516
2026-07-27T20:10:00+00:00,85.13799999999999,85.17799999999998,85.08599999999998,85.13299999999998,351
2026-07-27T20:15:00+00:00,85.13299999999998,85.32799999999999,85.13299999999998,85.31099999999998,456
2026-07-27T20:20:00+00:00,85.31099999999998,85.39799999999998,85.15799999999999,85.17799999999998,393
2026-07-27T20:25:00+00:00,85.17799999999998,85.25799999999998,85.14099999999999,85.22099999999999,405
2026-07-27T20:30:00+00:00,85.22099999999999,85.35299999999998,85.22099999999999,85.32599999999998,431
2026-07-27T20:35:00+00:00,85.32599999999998,85.40299999999999,85.25599999999999,85.40099999999998,433
2026-07-27T20:40:00+00:00,85.40099999999998,85.47299999999998,85.38099999999999,85.42299999999999,284
2026-07-27T20:45:00+00:00,85.42299999999999,85.42299999999999,85.29699999999998,85.30299999999998,396
2026-07-27T20:50:00+00:00,85.30299999999998,85.32699999999998,85.09599999999999,85.11299999999999,567
2026-07-27T20:55:00+00:00,85.11299999999999,85.28299999999999,85.02099999999999,85.28199999999998,781
2026-07-28T00:00:00+00:00,85.28199999999998,85.35799999999999,85.23199999999999,85.341,312.0797365635658
2026-07-28T00:05:00+00:00,85.341,85.442,85.231,85.40199999999999,315
2026-07-28T00:10:00+00:00,85.40199999999999,85.47299999999998,85.291,85.34199999999998,242
2026-07-28T00:15:00+00:00,85.34199999999998,85.34199999999998,85.08099999999999,85.08099999999999,383
2026-07-28T00:20:00+00:00,85.08099999999999,85.15299999999999,84.97299999999998,85.09799999999998,336
2026-07-28T00:25:00+00:00,85.09799999999998,85.18299999999999,85.02099999999999,85.15199999999999,301
2026-07-28T00:30:00+00:00,85.15199999999999,85.273,85.133,85.20299999999999,330
2026-07-28T00:35:00+00:00,85.20299999999999,85.29299999999999,85.18099999999998,85.29299999999999,201
2026-07-28T00:40:00+00:00,85.29299999999999,85.44299999999998,85.291,85.422,180
2026-07-28T00:45:00+00:00,85.422,85.478,85.398,85.44099999999999,256
2026-07-28T00:50:00+00:00,85.44099999999999,85.65299999999999,85.43799999999999,85.612,373
2026-07-28T00:55:00+00:00,85.612,85.612,85.448,85.53299999999999,314
2026-07-28T01:00:00+00:00,85.53299999999999,85.663,85.21099999999998,85.371,1358
2026-07-28T01:05:00+00:00,85.371,85.371,85.17599999999999,85.231,675
2026-07-28T01:10:00+00:00,85.231,85.29599999999999,85.11099999999999,85.20199999999998,492
2026-07-28T01:15:00+00:00,85.20199999999998,85.37199999999999,85.20199999999998,85.27099999999999,468
2026-07-28T01:20:00+00:00,85.27099999999999,85.28299999999999,85.05699999999999,85.05699999999999,513
2026-07-28T01:25:00+00:00,85.05699999999999,85.133,84.90199999999999,85.03099999999999,566
2026-07-28T01:30:00+00:00,85.03099999999999,85.24099999999999,85.01199999999999,85.24099999999999,468
2026-07-28T01:35:00+00:00,85.24099999999999,85.26599999999999,85.142,85.18599999999999,239
2026-07-28T01:40:00+00:00,85.18599999999999,85.353,85.17099999999999,85.30099999999999,381
2026-07-28T01:45:00+00:00,85.30099999999999,85.43799999999999,85.231,85.38699999999999,547
2026-07-28T01:50:00+00:00,85.38699999999999,85.48299999999999,85.36099999999999,85.46199999999999,404
2026-07-28T01:55:00+00:00,85.46199999999999,85.46199999999999,85.07099999999998,85.07099999999998,674
2026-07-28T02:00:00+00:00,85.07099999999998,85.222,85.011,85.038,533
2026-07-28T02:05:00+00:00,85.038,85.038,84.77199999999999,84.96099999999998,540
2026-07-28T02:10:00+00:00,84.96099999999998,85.053,84.90199999999999,84.93699999999998,431
2026-07-28T02:15:00+00:00,84.93699999999998,84.942,84.612,84.633,292
2026-07-28T02:20:00+00:00,84.633,84.92099999999999,84.606,84.82199999999999,410
2026-07-28T02:25:00+00:00,84.82199999999999,84.93299999999999,84.701,84.72299999999998,309
2026-07-28T02:30:00+00:00,84.72299999999998,84.73299999999999,84.591,84.66099999999999,672
2026-07-28T02:35:00+00:00,84.66099999999999,84.73199999999999,84.61299999999999,84.722,401
2026-07-28T02:40:00+00:00,84.722,84.72299999999998,84.45599999999999,84.47699999999999,470
2026-07-28T02:45:00+00:00,84.47699999999999,84.51199999999999,84.401,84.401,301
2026-07-28T02:50:00+00:00,84.401,84.41699999999999,84.097,84.14099999999999,778
2026-07-28T02:55:00+00:00,84.14099999999999,84.20799999999998,84.091,84.201,540
2026-07-28T03:00:00+00:00,84.201,84.303,83.981,84.05799999999999,560
2026-07-28T03:05:00+00:00,84.05799999999999,84.24099999999999,84.041,84.22599999999998,409
2026-07-28T03:10:00+00:00,84.22599999999998,84.33099999999999,84.213,84.26199999999999,350
2026-07-28T03:15:00+00:00,84.26199999999999,84.55699999999999,84.22099999999999,84.48199999999999,644
2026-07-28T03:20:00+00:00,84.48199999999999,84.573,84.43099999999998,84.49799999999999,403
2026-07-28T03:25:00+00:00,84.49799999999999,84.67099999999999,84.46099999999998,84.657,500
2026-07-28T03:30:00+00:00,84.657,84.75699999999999,84.61099999999999,84.69299999999998,350
2026-07-28T03:35:00+00:00,84.69299999999998,84.80799999999999,84.68099999999998,84.752,221
2026-07-28T03:40:00+00:00,84.752,84.79799999999999,84.68599999999999,84.68699999999998,156
2026-07-28T03:45:00+00:00,84.68699999999998,84.72699999999999,84.67699999999999,84.68699999999998,129
2026-07-28T03:50:00+00:00,84.68699999999998,84.773,84.67599999999999,84.758,114
2026-07-28T03:55:00+00:00,84.758,84.79799999999999,84.65199999999999,84.79299999999999,138
2026-07-28T04:00:00+00:00,84.79299999999999,84.80199999999999,84.75099999999999,84.78299999999999,171
2026-07-28T04:05:00+00:00,84.78299999999999,84.93799999999999,84.78099999999999,84.85099999999998,225
2026-07-28T04:10:00+00:00,84.85099999999998,85.11299999999999,84.85099999999998,85.097,327
2026-07-28T04:15:00+00:00,85.097,85.18599999999999,84.89099999999999,84.901,226
2026-07-28T04:20:00+00:00,84.901,84.94299999999998,84.83099999999999,84.883,192
2026-07-28T04:25:00+00:00,84.883,84.93299999999999,84.862,84.88799999999999,170
2026-07-28T04:30:00+00:00,84.88799999999999,84.92699999999999,84.85099999999998,84.90299999999999,169
2026-07-28T04:35:00+00:00,84.90299999999999,84.95199999999998,84.87599999999999,84.87599999999999,135
2026-07-28T04:40:00+00:00,84.87599999999999,84.92299999999999,84.77799999999999,84.87799999999999,181
2026-07-28T04:45:00+00:00,84.87799999999999,84.88199999999999,84.791,84.823,138
2026-07-28T04:50:00+00:00,84.823,84.85799999999999,84.803,84.85099999999998,122
2026-07-28T04:55:00+00:00,84.85099999999998,84.85699999999999,84.761,84.80799999999999,199
2026-07-28T05:00:00+00:00,84.80799999999999,84.85799999999999,84.75299999999999,84.77099999999999,173
2026-07-28T05:05:00+00:00,84.77099999999999,84.823,84.75099999999999,84.782,184
2026-07-28T05:10:00+00:00,84.782,84.82699999999998,84.71099999999998,84.773,198
2026-07-28T05:15:00+00:00,84.773,84.81299999999999,84.68099999999998,84.782,237
2026-07-28T05:20:00+00:00,84.782,84.782,84.66099999999999,84.66199999999999,277
2026-07-28T05:25:00+00:00,84.66199999999999,84.81199999999998,84.60199999999999,84.803,296
2026-07-28T05:30:00+00:00,84.803,85.192,84.803,85.18199999999999,1255
2026-07-28T05:35:00+00:00,85.18199999999999,85.56299999999999,85.121,85.463,1314
2026-07-28T05:40:00+00:00,85.463,85.57199999999999,85.27099999999999,85.273,951
2026-07-28T05:45:00+00:00,85.273,85.27799999999999,85.112,85.18199999999999,618
2026-07-28T05:50:00+00:00,85.18199999999999,85.317,85.121,85.25599999999999,483
2026-07-28T05:55:00+00:00,85.25599999999999,85.49199999999999,85.222,85.323,592
2026-07-28T06:00:00+00:00,85.323,85.44299999999998,85.142,85.40199999999999,924
2026-07-28T06:05:00+00:00,85.40199999999999,85.50299999999999,85.371,85.422,592
2026-07-28T06:10:00+00:00,85.422,85.45299999999999,85.33599999999998,85.34299999999999,433
2026-07-28T06:15:00+00:00,85.34299999999999,85.36299999999999,85.201,85.213,546
2026-07-28T06:20:00+00:00,85.213,85.35799999999999,85.07199999999999,85.142,597
2026-07-28T06:25:00+00:00,85.142,85.163,84.87199999999999,84.92099999999999,767
2026-07-28T06:30:00+00:00,84.92099999999999,84.98299999999999,84.511,84.523,791
2026-07-28T06:35:00+00:00,84.523,84.547,84.18199999999999,84.36099999999999,975
2026-07-28T06:40:00+00:00,84.36099999999999,84.41699999999999,83.83299999999998,83.95299999999999,1130
2026-07-28T06:45:00+00:00,83.95299999999999,84.08099999999999,83.80699999999999,83.93299999999999,1094
2026-07-28T06:50:00+00:00,83.93299999999999,83.98299999999999,83.55099999999999,83.56099999999999,886
2026-07-28T06:55:00+00:00,83.56099999999999,83.67299999999999,83.43099999999998,83.67299999999999,827
2026-07-28T07:00:00+00:00,83.67299999999999,84.03299999999999,83.55599999999998,83.966,1295
2026-07-28T07:05:00+00:00,83.966,84.04299999999999,83.75099999999999,83.82199999999999,903
2026-07-28T07:10:00+00:00,83.82199999999999,84.317,83.82099999999998,84.317,754
2026-07-28T07:15:00+00:00,84.317,84.338,84.053,84.06799999999998,860
2026-07-28T07:20:00+00:00,84.06799999999998,84.06799999999998,83.823,83.963,876
2026-07-28T07:25:00+00:00,83.963,84.228,83.86299999999999,84.16199999999999,862
2026-07-28T07:30:00+00:00,84.16199999999999,84.27799999999999,84.06199999999998,84.18199999999999,780
2026-07-28T07:35:00+00:00,84.18199999999999,84.386,84.082,84.22699999999999,793
2026-07-28T07:40:00+00:00,84.22699999999999,84.30599999999998,84.15599999999999,84.24199999999999,489
2026-07-28T07:45:00+00:00,84.24199999999999,84.303,84.157,84.17299999999999,634
2026-07-28T07:50:00+00:00,84.17299999999999,84.17299999999999,83.326,83.35699999999999,1547
2026-07-28T07:55:00+00:00,83.35699999999999,83.54599999999999,83.30199999999999,83.53599999999999,898
2026-07-28T08:00:00+00:00,83.53599999999999,83.58299999999998,83.368,83.50099999999999,1038
2026-07-28T08:05:00+00:00,83.50099999999999,83.54299999999999,83.13099999999999,83.29799999999999,1070
2026-07-28T08:10:00+00:00,83.29799999999999,83.523,83.097,83.383,1266
2026-07-28T08:15:00+00:00,83.383,83.56099999999999,83.12799999999999,83.41199999999999,2018
2026-07-28T08:20:00+00:00,83.41199999999999,83.422,83.02099999999999,83.07099999999998,1770
2026-07-28T08:25:00+00:00,83.07099999999998,83.28299999999999,82.901,82.901,3201
2026-07-28T08:30:00+00:00,82.901,83.18099999999998,82.78099999999999,82.817,1369
2026-07-28T08:35:00+00:00,82.817,82.95299999999999,82.716,82.92299999999999,1171
2026-07-28T08:40:00+00:00,82.92299999999999,83.07099999999998,82.75299999999999,82.85699999999999,1018
2026-07-28T08:45:00+00:00,82.85699999999999,82.89299999999999,82.63099999999999,82.773,897
2026-07-28T08:50:00+00:00,82.773,82.823,82.422,82.76799999999999,1215
2026-07-28T08:55:00+00:00,82.76799999999999,82.978,82.76799999999999,82.95599999999999,787
2026-07-28T09:00:00+00:00,82.95599999999999,83.43199999999999,82.95599999999999,83.383,995
2026-07-28T09:05:00+00:00,83.383,83.547,83.24099999999999,83.51799999999999,897
2026-07-28T09:10:00+00:00,83.51799999999999,83.922,83.511,83.89099999999999,1153
2026-07-28T09:15:00+00:00,83.89099999999999,84.011,83.63199999999999,83.698,1022
2026-07-28T09:20:00+00:00,83.698,83.70799999999998,83.35099999999998,83.401,778
2026-07-28T09:25:00+00:00,83.401,83.407,83.18099999999998,83.22299999999998,590
2026-07-28T09:30:00+00:00,83.22299999999998,83.526,83.18099999999998,83.38699999999999,689
2026-07-28T09:35:00+00:00,83.38699999999999,83.68299999999999,83.37599999999999,83.66699999999999,682
2026-07-28T09:40:00+00:00,83.66699999999999,83.68299999999999,83.46199999999999,83.567,519
2026-07-28T09:45:00+00:00,83.567,83.743,83.50599999999999,83.68799999999999,472
2026-07-28T09:50:00+00:00,83.68799999999999,83.68799999999999,83.41099999999999,83.47299999999998,546
2026-07-28T09:55:00+00:00,83.47299999999998,83.48299999999999,83.42099999999999,83.47699999999999,397
2026-07-28T10:00:00+00:00,83.47699999999999,83.65799999999999,83.442,83.62599999999999,535
2026-07-28T10:05:00+00:00,83.62599999999999,83.788,83.612,83.746,394
2026-07-28T10:10:00+00:00,83.746,83.80199999999999,83.63199999999999,83.74799999999999,400
2026-07-28T10:15:00+00:00,83.74799999999999,84.038,83.746,84.01799999999999,505
2026-07-28T10:20:00+00:00,84.01799999999999,84.11299999999999,83.966,84.06599999999999,496
2026-07-28T10:25:00+00:00,84.06599999999999,84.27799999999999,84.04599999999999,84.22699999999999,479
2026-07-28T10:30:00+00:00,84.22699999999999,84.27799999999999,84.08699999999999,84.10099999999998,536
2026-07-28T10:35:00+00:00,84.10099999999998,84.451,83.80199999999999,83.92099999999999,1613
2026-07-28T10:40:00+00:00,83.92099999999999,84.073,83.88099999999999,84.01299999999999,464
2026-07-28T10:45:00+00:00,84.01299999999999,84.06199999999998,83.86599999999999,83.98799999999999,435
2026-07-28T10:50:00+00:00,83.98799999999999,84.02799999999999,83.84799999999998,83.93199999999999,430
2026-07-28T10:55:00+00:00,83.93199999999999,84.07199999999999,83.898,84.05099999999999,520
2026-07-28T11:00:00+00:00,84.05099999999999,84.05099999999999,83.85099999999998,83.92099999999999,456
2026-07-28T11:05:00+00:00,83.92099999999999,84.261,83.91799999999999,84.261,543
2026-07-28T11:10:00+00:00,84.261,84.291,84.19099999999999,84.192,356
2026-07-28T11:15:00+00:00,84.192,84.19599999999998,83.612,83.98299999999999,1482
2026-07-28T11:20:00+00:00,83.98299999999999,84.17099999999999,83.942,84.17099999999999,609
2026-07-28T11:25:00+00:00,84.17099999999999,84.28299999999999,84.11599999999999,84.27699999999999,555
2026-07-28T11:30:00+00:00,84.27699999999999,84.39099999999999,84.20199999999998,84.362,733
2026-07-28T11:35:00+00:00,84.362,84.65299999999999,84.356,84.64599999999999,767
2026-07-28T11:40:00+00:00,84.64599999999999,84.82699999999998,84.64599999999999,84.77099999999999,861
2026-07-28T11:45:00+00:00,84.77099999999999,84.853,84.71099999999998,84.817,642
2026-07-28T11:50:00+00:00,84.817,84.907,84.75599999999999,84.88099999999999,503
2026-07-28T11:55:00+00:00,84.88099999999999,84.898,84.612,84.71799999999999,615
2026-07-28T12:00:00+00:00,84.71799999999999,84.73199999999999,84.428,84.45199999999998,690
2026-07-28T12:05:00+00:00,84.45199999999998,84.48799999999999,84.26599999999999,84.422,569
2026-07-28T12:10:00+00:00,84.422,84.62599999999999,84.422,84.56299999999999,603
2026-07-28T12:15:00+00:00,84.56299999999999,84.73799999999999,84.511,84.67299999999999,525
2026-07-28T12:20:00+00:00,84.67299999999999,84.68799999999999,84.37299999999999,84.38799999999999,645
2026-07-28T12:25:00+00:00,84.38799999999999,84.72099999999999,84.36099999999999,84.642,590
2026-07-28T12:30:00+00:00,84.642,84.70199999999998,84.44099999999999,84.511,968
2026-07-28T12:35:00+00:00,84.511,84.541,83.99099999999999,84.15299999999999,1364
2026-07-28T12:40:00+00:00,84.15299999999999,84.222,83.96199999999999,84.13199999999999,1036
2026-07-28T12:45:00+00:00,84.13199999999999,84.14699999999999,84.026,84.10799999999999,750
2026-07-28T12:50:00+00:00,84.10799999999999,84.10799999999999,83.71199999999999,83.76299999999999,851
2026-07-28T12:55:00+00:00,83.76299999999999,83.78699999999999,83.53599999999999,83.716,1271
2026-07-28T13:00:00+00:00,83.716,84.32799999999999,83.716,84.27699999999999,1742
2026-07-28T13:05:00+00:00,84.27699999999999,84.31799999999998,84.04599999999999,84.18299999999999,1065
2026-07-28T13:10:00+00:00,84.18299999999999,84.317,84.18299999999999,84.25599999999999,759
2026-07-28T13:15:00+00:00,84.25599999999999,84.273,84.12299999999999,84.166,626
2026-07-28T13:20:00+00:00,84.166,84.166,83.86299999999999,83.966,988
2026-07-28T13:25:00+00:00,83.966,84.22099999999999,83.916,84.06199999999998,949
2026-07-28T13:30:00+00:00,84.06199999999998,84.118,83.606,83.663,1303
2026-07-28T13:35:00+00:00,83.663,83.96199999999999,83.60099999999998,83.871,1108
2026-07-28T13:40:00+00:00,83.871,83.95199999999998,83.672,83.94599999999998,825
2026-07-28T13:45:00+00:00,83.94599999999998,84.493,83.901,84.43699999999998,1088
2026-07-28T13:50:00+00:00,84.43699999999998,84.57699999999998,84.40299999999999,84.532,1089
2026-07-28T13:55:00+00:00,84.532,84.75299999999999,84.49099999999999,84.50699999999999,1082
2026-07-28T14:00:00+00:00,84.50699999999999,84.96699999999998,84.49099999999999,84.886,1262
2026-07-28T14:05:00+00:00,84.886,84.948,84.60199999999999,84.66199999999999,988
2026-07-28T14:10:00+00:00,84.66199999999999,84.776,84.451,84.45599999999999,799
2026-07-28T14:15:00+00:00,84.45599999999999,84.46699999999998,84.261,84.33299999999998,771
2026-07-28T14:20:00+00:00,84.33299999999998,84.41799999999999,84.18099999999998,84.39099999999999,802
2026-07-28T14:25:00+00:00,84.39099999999999,84.481,83.963,84.05199999999999,956
2026-07-28T14:30:00+00:00,84.05199999999999,84.11299999999999,83.80599999999998,84.01799999999999,1013
2026-07-28T14:35:00+00:00,84.01799999999999,84.16699999999999,83.782,84.16699999999999,1319
2026-07-28T14:40:00+00:00,84.16699999999999,84.37199999999999,84.12199999999999,84.31199999999998,1211
2026-07-28T14:45:00+00:00,84.31199999999998,84.383,84.23299999999999,84.35099999999998,1052
2026-07-28T14:50:00+00:00,84.35099999999998,84.48299999999999,84.24199999999999,84.24199999999999,868
2026-07-28T14:55:00+00:00,84.24199999999999,84.35799999999999,84.21699999999998,84.30199999999999,812
2026-07-28T15:00:00+00:00,84.30199999999999,84.33599999999998,83.95599999999999,84.24699999999999,1344
2026-07-28T15:05:00+00:00,84.24699999999999,84.32799999999999,84.08299999999998,84.08299999999998,966
2026-07-28T15:10:00+00:00,84.08299999999998,84.18299999999999,83.026,83.252,3729
2026-07-28T15:15:00+00:00,83.252,83.303,82.338,82.40299999999999,4138
2026-07-28T15:20:00+00:00,82.40299999999999,82.78299999999999,82.106,82.48799999999999,3084
2026-07-28T15:25:00+00:00,82.48799999999999,82.56299999999999,82.01599999999999,82.17699999999999,3325
2026-07-28T15:30:00+00:00,82.17699999999999,82.237,81.72299999999998,81.90199999999999,2993
2026-07-28T15:35:00+00:00,81.90199999999999,82.09299999999999,81.66199999999999,82.09299999999999,2035
2026-07-28T15:40:00+00:00,82.09299999999999,82.23299999999999,81.716,81.79799999999999,1652
2026-07-28T15:45:00+00:00,81.79799999999999,82.17299999999999,81.76599999999999,82.13799999999999,1398
2026-07-28T15:50:00+00:00,82.13799999999999,82.157,81.442,81.46699999999998,1804
2026-07-28T15:55:00+00:00,81.46699999999998,81.52199999999999,81.073,81.12599999999999,2319
2026-07-28T16:00:00+00:00,81.12599999999999,81.383,81.12599999999999,81.31299999999999,1929
2026-07-28T16:05:00+00:00,81.31299999999999,81.58299999999998,81.291,81.39699999999999,1573
2026-07-28T16:10:00+00:00,81.39699999999999,81.50299999999999,81.091,81.112,1472
2026-07-28T16:15:00+00:00,81.112,81.13799999999999,80.81599999999999,80.838,1560
2026-07-28T16:20:00+00:00,80.838,81.11699999999999,80.81599999999999,81.04799999999999,1257
2026-07-28T16:25:00+00:00,81.04799999999999,81.04799999999999,80.69599999999998,80.78299999999999,1104
2026-07-28T16:30:00+00:00,80.78299999999999,80.93799999999999,80.32699999999998,80.466,2126
2026-07-28T16:35:00+00:00,80.466,80.49199999999999,80.16699999999999,80.23799999999999,1855
2026-07-28T16:40:00+00:00,80.23799999999999,80.573,80.112,80.56099999999999,1516
2026-07-28T16:45:00+00:00,80.56099999999999,81.37799999999999,80.532,81.31099999999999,2145
2026-07-28T16:50:00+00:00,81.31099999999999,81.31099999999999,80.82199999999999,80.823,1416
2026-07-28T16:55:00+00:00,80.823,81.18799999999999,80.82199999999999,81.12799999999999,1079
2026-07-28T17:00:00+00:00,81.12799999999999,81.28299999999999,80.92099999999999,80.963,1112
2026-07-28T17:05:00+00:00,80.963,81.01599999999999,80.698,80.91099999999999,1648
2026-07-28T17:10:00+00:00,80.91099999999999,81.463,80.871,81.353,1855
2026-07-28T17:15:00+00:00,81.353,81.722,81.341,81.51799999999999,1140
2026-07-28T17:20:00+00:00,81.51799999999999,81.588,80.791,81.56099999999999,2284
2026-07-28T17:25:00+00:00,81.56099999999999,81.70799999999998,81.457,81.68699999999998,1484
2026-07-28T17:30:00+00:00,81.68699999999998,81.713,81.42599999999999,81.49699999999999,1102
2026-07-28T17:35:00+00:00,81.49699999999999,81.83299999999998,81.451,81.773,996
2026-07-28T17:40:00+00:00,81.773,82.03599999999999,81.73299999999999,81.93299999999999,998
2026-07-28T17:45:00+00:00,81.93299999999999,82.20199999999998,81.707,81.71199999999999,1377
2026-07-28T17:50:00+00:00,81.71199999999999,81.957,81.68699999999998,81.901,1123
2026-07-28T17:55:00+00:00,81.901,82.246,81.82099999999998,82.02799999999999,1315
2026-07-28T18:00:00+00:00,82.02799999999999,82.03299999999999,81.603,81.713,1523
2026-07-28T18:05:00+00:00,81.713,81.73599999999999,81.36599999999999,81.37799999999999,1344
2026-07-28T18:10:00+00:00,81.37799999999999,81.56299999999999,81.30199999999999,81.51799999999999,1069
2026-07-28T18:15:00+00:00,81.51799999999999,81.797,81.47599999999998,81.51799999999999,1223
2026-07-28T18:20:00+00:00,81.51799999999999,81.61299999999999,81.37299999999999,81.38199999999999,1264
2026-07-28T18:25:00+00:00,81.38199999999999,81.77199999999999,81.17599999999999,81.728,3346
2026-07-28T18:30:00+00:00,81.728,81.83599999999998,81.61599999999999,81.648,984
2026-07-28T18:35:00+00:00,81.648,81.698,81.50599999999999,81.57799999999999,728
2026-07-28T18:40:00+00:00,81.57799999999999,81.73799999999999,81.541,81.69099999999999,527
2026-07-28T18:45:00+00:00,81.69099999999999,81.743,81.636,81.65199999999999,465
2026-07-28T18:50:00+00:00,81.65199999999999,81.65299999999999,81.362,81.57699999999998,607
2026-07-28T18:55:00+00:00,81.57699999999998,81.648,81.541,81.636,399
2026-07-28T19:00:00+00:00,81.636,81.64099999999999,81.38799999999999,81.41799999999999,399
2026-07-28T19:05:00+00:00,81.41799999999999,81.51799999999999,81.31299999999999,81.50599999999999,478
2026-07-28T19:10:00+00:00,81.50599999999999,81.588,81.47599999999998,81.51199999999999,319
2026-07-28T19:15:00+00:00,81.51199999999999,81.53099999999999,81.34199999999998,81.35799999999999,326
2026-07-28T19:20:00+00:00,81.35799999999999,81.41799999999999,81.30099999999999,81.31099999999999,361
2026-07-28T19:25:00+00:00,81.31099999999999,81.338,81.25099999999999,81.31099999999999,245
2026-07-28T19:30:00+00:00,81.31099999999999,81.39699999999999,81.26599999999999,81.28699999999999,431
2026-07-28T19:35:00+00:00,81.28699999999999,81.43599999999999,81.27799999999999,81.34599999999999,270
2026-07-28T19:40:00+00:00,81.34599999999999,81.41799999999999,81.29299999999999,81.36099999999999,348
2026-07-28T19:45:00+00:00,81.36099999999999,81.41799999999999,81.18799999999999,81.19699999999999,392
2026-07-28T19:50:00+00:00,81.19699999999999,81.33699999999999,81.17599999999999,81.31799999999998,160
2026-07-28T19:55:00+00:00,81.31799999999998,81.49799999999999,81.28599999999999,81.442,320
2026-07-28T20:00:00+00:00,81.442,81.55799999999999,81.43699999999998,81.50099999999999,369
2026-07-28T20:05:00+00:00,81.50099999999999,81.517,81.442,81.48199999999999,268
2026-07-28T20:10:00+00:00,81.48199999999999,81.51599999999999,81.43799999999999,81.49099999999999,221
2026-07-28T20:15:00+00:00,81.49099999999999,81.51299999999999,81.39099999999999,81.39699999999999,192
2026-07-28T20:20:00+00:00,81.39699999999999,81.52199999999999,81.341,81.50099999999999,280
2026-07-28T20:25:00+00:00,81.50099999999999,81.553,81.50099999999999,81.54299999999999,317
2026-07-28T20:30:00+00:00,81.54299999999999,81.54299999999999,81.27199999999999,81.29299999999999,812
2026-07-28T20:35:00+00:00,81.29299999999999,81.57099999999998,81.25099999999999,81.54199999999999,740
2026-07-28T20:40:00+00:00,81.54199999999999,81.573,81.362,81.383,278
2026-07-28T20:45:00+00:00,81.383,81.526,81.371,81.50299999999999,427
2026-07-28T20:50:00+00:00,81.50299999999999,81.54199999999999,81.341,81.511,356
2026-07-28T20:55:00+00:00,81.511,81.53299999999999,81.30599999999998,81.371,429
2026-07-29T00:00:00+00:00,81.371,84.69,81.371,84.511,1197.7397476340693
2026-07-29T00:05:00+00:00,84.511,84.731,84.469,84.67099999999999,819
2026-07-29T00:10:00+00:00,84.67099999999999,84.78099999999999,84.54899999999999,84.559,441
2026-07-29T00:15:00+00:00,84.559,84.75099999999999,84.434,84.62899999999999,483
2026-07-29T00:20:00+00:00,84.62899999999999,84.661,84.289,84.39399999999999,690
2026-07-29T00:25:00+00:00,84.39399999999999,84.491,84.359,84.449,444
2026-07-29T00:30:00+00:00,84.449,84.881,84.449,84.881,590
2026-07-29T00:35:00+00:00,84.881,85.27,84.86099999999999,85.27,801
2026-07-29T00:40:00+00:00,85.27,85.316,85.119,85.119,715
2026-07-29T00:45:00+00:00,85.119,85.339,85.059,85.261,464
2026-07-29T00:50:00+00:00,85.261,85.27,85.06899999999999,85.07,383
2026-07-29T00:55:00+00:00,85.07,85.181,84.95899999999999,85.11099999999999,511
2026-07-29T01:00:00+00:00,85.11099999999999,85.40599999999999,85.06899999999999,85.21,1732
2026-07-29T01:05:00+00:00,85.21,85.341,85.089,85.321,1134
2026-07-29T01:10:00+00:00,85.321,85.64099999999999,85.19,85.64099999999999,1091
2026-07-29T01:15:00+00:00,85.64099999999999,85.75099999999999,85.499,85.56,1193
2026-07-29T01:20:00+00:00,85.56,85.579,85.435,85.499,802
2026-07-29T01:25:00+00:00,85.499,85.50099999999999,85.229,85.28,741
2026-07-29T01:30:00+00:00,85.28,85.871,85.26899999999999,85.86099999999999,837
2026-07-29T01:35:00+00:00,85.86099999999999,85.869,85.72399999999999,85.81099999999999,603
2026-07-29T01:40:00+00:00,85.81099999999999,85.82,85.67,85.70899999999999,475
2026-07-29T01:45:00+00:00,85.70899999999999,85.75099999999999,85.609,85.63,616
2026-07-29T01:50:00+00:00,85.63,85.631,85.484,85.539,657
2026-07-29T01:55:00+00:00,85.539,85.58,85.389,85.50999999999999,556
2026-07-29T02:00:00+00:00,85.50999999999999,85.601,85.45899999999999,85.54899999999999,402
2026-07-29T02:05:00+00:00,85.54899999999999,85.57,85.36099999999999,85.369,324
2026-07-29T02:10:00+00:00,85.369,85.43599999999999,85.31099999999999,85.371,330
2026-07-29T02:15:00+00:00,85.371,85.386,85.279,85.301,307
2026-07-29T02:20:00+00:00,85.301,85.301,85.119,85.14,210
2026-07-29T02:25:00+00:00,85.14,85.146,85.079,85.08999999999999,301
2026-07-29T02:30:00+00:00,85.08999999999999,85.08999999999999,84.829,84.86,863
2026-07-29T02:35:00+00:00,84.86,84.89099999999999,84.749,84.85499999999999,497
2026-07-29T02:40:00+00:00,84.85499999999999,85.041,84.829,85.021,476
2026-07-29T02:45:00+00:00,85.021,85.03099999999999,84.869,84.899,321
2026-07-29T02:50:00+00:00,84.899,85.03999999999999,84.889,85.006,356
2026-07-29T02:55:00+00:00,85.006,85.121,84.95899999999999,85.089,303
2026-07-29T03:00:00+00:00,85.089,85.231,85.079,85.201,408
2026-07-29T03:05:00+00:00,85.201,85.31,85.199,85.29899999999999,415
2026-07-29T03:10:00+00:00,85.29899999999999,85.359,85.276,85.33099999999999,258
2026-07-29T03:15:00+00:00,85.33099999999999,85.36099999999999,85.23899999999999,85.33099999999999,337
2026-07-29T03:20:00+00:00,85.33099999999999,85.401,85.23899999999999,85.249,200
2026-07-29T03:25:00+00:00,85.249,85.3,85.179,85.241,267
2026-07-29T03:30:00+00:00,85.241,85.47,85.231,85.47,311
2026-07-29T03:35:00+00:00,85.47,85.47099999999999,85.36,85.38,188
2026-07-29T03:40:00+00:00,85.38,85.42,85.359,85.39999999999999,188
2026-07-29T03:45:00+00:00,85.39999999999999,85.411,85.326,85.381,124
2026-07-29T03:50:00+00:00,85.381,85.56,85.374,85.541,187
2026-07-29T03:55:00+00:00,85.541,85.601,85.515,85.521,123
2026-07-29T04:00:00+00:00,85.521,85.521,85.399,85.425,288
2026-07-29T04:05:00+00:00,85.425,85.441,85.34899999999999,85.38,225
2026-07-29T04:10:00+00:00,85.38,85.42099999999999,85.375,85.419,123
2026-07-29T04:15:00+00:00,85.419,85.466,85.31899999999999,85.31899999999999,138
2026-07-29T04:20:00+00:00,85.31899999999999,85.36999999999999,85.315,85.344,124
2026-07-29T04:25:00+00:00,85.344,85.386,85.261,85.261,144
2026-07-29T04:30:00+00:00,85.261,85.261,85.08399999999999,85.161,257
2026-07-29T04:35:00+00:00,85.161,85.161,85.039,85.089,311
2026-07-29T04:40:00+00:00,85.089,85.104,84.94,84.96,643
2026-07-29T04:45:00+00:00,84.96,84.991,84.919,84.949,585
2026-07-29T04:50:00+00:00,84.949,85.006,84.809,84.859,933
2026-07-29T04:55:00+00:00,84.859,85.03099999999999,84.83999999999999,85,426
2026-07-29T05:00:00+00:00,85,85.091,84.83,84.929,630
2026-07-29T05:05:00+00:00,84.929,84.951,84.79899999999999,84.89099999999999,454
2026-07-29T05:10:00+00:00,84.89099999999999,84.949,84.83099999999999,84.851,434
2026-07-29T05:15:00+00:00,84.851,84.901,84.75999999999999,84.88,840
2026-07-29T05:20:00+00:00,84.88,85.03399999999999,84.789,84.98899999999999,407
2026-07-29T05:25:00+00:00,84.98899999999999,85.011,84.81899999999999,84.901,497
2026-07-29T05:30:00+00:00,84.901,85.01899999999999,84.75,84.94,1207
2026-07-29T05:35:00+00:00,84.94,85.03,84.829,84.951,715
2026-07-29T05:40:00+00:00,84.951,85.091,84.76899999999999,84.869,887
2026-07-29T05:45:00+00:00,84.869,84.97,84.779,84.941,674
2026-07-29T05:50:00+00:00,84.941,84.985,84.75999999999999,84.839,853
2026-07-29T05:55:00+00:00,84.839,85.11099999999999,84.75399999999999,85.08999999999999,801
2026-07-29T06:00:00+00:00,85.08999999999999,85.169,84.85,85.071,1015
2026-07-29T06:05:00+00:00,85.071,85.321,85.009,85.19999999999999,659
2026-07-29T06:10:00+00:00,85.19999999999999,85.301,85.01899999999999,85.14,651
2026-07-29T06:15:00+00:00,85.14,85.211,84.92,85.131,657
2026-07-29T06:20:00+00:00,85.131,85.18599999999999,84.979,85.06899999999999,470
2026-07-29T06:25:00+00:00,85.06899999999999,85.181,84.984,85.151,475
2026-07-29T06:30:00+00:00,85.151,85.181,85.009,85.014,532
2026-07-29T06:35:00+00:00,85.014,85.10499999999999,84.83399999999999,84.844,500
2026-07-29T06:40:00+00:00,84.844,84.875,84.499,84.541,587
2026-07-29T06:45:00+00:00,84.541,84.75099999999999,84.494,84.731,522
2026-07-29T06:50:00+00:00,84.731,84.75099999999999,84.619,84.716,504
2026-07-29T06:55:00+00:00,84.716,84.976,84.714,84.941,453
2026-07-29T07:00:00+00:00,84.941,85.00099999999999,84.814,84.82,729
2026-07-29T07:05:00+00:00,84.82,84.82,84.55499999999999,84.556,476
2026-07-29T07:10:00+00:00,84.556,84.651,84.49,84.615,577
2026-07-29T07:15:00+00:00,84.615,85.03999999999999,84.59899999999999,85.03999999999999,647
2026-07-29T07:20:00+00:00,85.03999999999999,85.119,84.87899999999999,84.999,885
2026-07-29T07:25:00+00:00,84.999,85.03999999999999,84.839,84.931,885
2026-07-29T07:30:00+00:00,84.931,85.00999999999999,84.77,84.896,686
2026-07-29T07:35:00+00:00,84.896,84.896,84.56899999999999,84.57499999999999,559
2026-07-29T07:40:00+00:00,84.57499999999999,84.755,84.539,84.65899999999999,585
2026-07-29T07:45:00+00:00,84.65899999999999,85.00999999999999,84.6,85.00999999999999,568
2026-07-29T07:50:00+00:00,85.00999999999999,85.091,84.905,85.059,757
2026-07-29T07:55:00+00:00,85.059,85.14399999999999,84.935,84.941,982
2026-07-29T08:00:00+00:00,84.941,85.079,84.839,84.889,864
2026-07-29T08:05:00+00:00,84.889,85.13,84.749,85.08999999999999,1109
2026-07-29T08:10:00+00:00,85.08999999999999,85.11999999999999,84.70899999999999,84.741,859
2026-07-29T08:15:00+00:00,84.741,84.84599999999999,84.58399999999999,84.765,957
2026-07-29T08:20:00+00:00,84.765,85.01599999999999,84.75,84.96,1281
2026-07-29T08:25:00+00:00,84.96,85.22,84.86,85.056,2441
2026-07-29T08:30:00+00:00,85.056,85.226,84.81899999999999,84.961,1218
2026-07-29T08:35:00+00:00,84.961,84.999,84.676,84.764,766
2026-07-29T08:40:00+00:00,84.764,84.90899999999999,84.691,84.76899999999999,672
2026-07-29T08:45:00+00:00,84.76899999999999,84.78399999999999,84.499,84.524,973
2026-07-29T08:50:00+00:00,84.524,84.69,84.369,84.64,832
2026-07-29T08:55:00+00:00,84.64,84.77,84.589,84.735,574
2026-07-29T09:00:00+00:00,84.735,85.01599999999999,84.735,85.00999999999999,619
2026-07-29T09:05:00+00:00,85.00999999999999,85.00999999999999,84.839,84.88,592
2026-07-29T09:10:00+00:00,84.88,84.92099999999999,84.804,84.875,537
2026-07-29T09:15:00+00:00,84.875,84.901,84.76599999999999,84.899,578
2026-07-29T09:20:00+00:00,84.899,84.926,84.594,84.731,646
2026-07-29T09:25:00+00:00,84.731,84.92099999999999,84.689,84.851,553
2026-07-29T09:30:00+00:00,84.851,85.10499999999999,84.77,85.07499999999999,510
2026-07-29T09:35:00+00:00,85.07499999999999,85.226,84.97999999999999,85.06099999999999,831
2026-07-29T09:40:00+00:00,85.06099999999999,85.07,84.95899999999999,85.015,609
2026-07-29T09:45:00+00:00,85.015,85.04,84.869,84.99000000000001,459
2026-07-29T09:50:00+00:00,84.99000000000001,85.06,84.88100000000001,85.05900000000001,637
2026-07-29T09:55:00+00:00,85.05900000000001,85.22600000000001,84.99100000000001,85.10100000000001,789
2026-07-29T10:00:00+00:00,85.10100000000001,85.17,84.91900000000001,84.99600000000001,684
2026-07-29T10:05:00+00:00,84.99600000000001,85.59,84.95100000000001,85.391,1521
2026-07-29T10:10:00+00:00,85.391,85.69500000000001,85.349,85.63900000000001,959
2026-07-29T10:15:00+00:00,85.63900000000001,85.78,85.549,85.65,731
2026-07-29T10:20:00+00:00,85.65,85.831,85.599,85.61000000000001,674
2026-07-29T10:25:00+00:00,85.61000000000001,85.751,85.489,85.751,695
2026-07-29T10:30:00+00:00,85.751,85.805,85.64000000000001,85.789,364
2026-07-29T10:35:00+00:00,85.789,86.24600000000001,85.751,86.21900000000001,708
2026-07-29T10:40:00+00:00,86.21900000000001,86.281,86.01400000000001,86.096,777
2026-07-29T10:45:00+00:00,86.096,86.239,86.06,86.239,518
2026-07-29T10:50:00+00:00,86.239,86.36600000000001,86.20100000000001,86.364,676
2026-07-29T10:55:00+00:00,86.364,86.405,86.29400000000001,86.319,579
2026-07-29T11:00:00+00:00,86.319,86.40400000000001,86.236,86.319,683
2026-07-29T11:05:00+00:00,86.319,86.334,86.10900000000001,86.129,521
2026-07-29T11:10:00+00:00,86.129,86.26,86.129,86.221,376
2026-07-29T11:15:00+00:00,86.221,86.24600000000001,86.061,86.23500000000001,550
2026-07-29T11:20:00+00:00,86.23500000000001,86.295,86.18900000000001,86.23100000000001,499
2026-07-29T11:25:00+00:00,86.23100000000001,86.23400000000001,85.894,85.93100000000001,539
2026-07-29T11:30:00+00:00,85.93100000000001,86.12,85.90400000000001,86.049,542
2026-07-29T11:35:00+00:00,86.049,86.05600000000001,85.90400000000001,85.915,747
2026-07-29T11:40:00+00:00,85.915,86.05900000000001,85.86900000000001,86.034,789
2026-07-29T11:45:00+00:00,86.034,86.144,85.411,85.60000000000001,1574
2026-07-29T11:50:00+00:00,85.60000000000001,85.93900000000001,85.60000000000001,85.85400000000001,850
2026-07-29T11:55:00+00:00,85.85400000000001,85.88400000000001,85.694,85.694,636
2026-07-29T12:00:00+00:00,85.694,85.861,85.66000000000001,85.84100000000001,741
2026-07-29T12:05:00+00:00,85.84100000000001,86.08500000000001,85.82600000000001,86.046,915
2026-07-29T12:10:00+00:00,86.046,86.28,86.00900000000001,86.21400000000001,843
2026-07-29T12:15:00+00:00,86.21400000000001,87.79,86.21400000000001,87.73100000000001,3897
2026-07-29T12:20:00+00:00,87.73100000000001,87.769,87.25000000000001,87.74000000000001,2515
2026-07-29T12:25:00+00:00,87.74000000000001,87.79100000000001,87.489,87.766,1811
2026-07-29T12:30:00+00:00,87.766,88.031,87.486,87.486,1690
2026-07-29T12:35:00+00:00,87.486,87.57100000000001,87.171,87.28,1401
2026-07-29T12:40:00+00:00,87.28,87.38000000000001,87.13400000000001,87.135,971
2026-07-29T12:45:00+00:00,87.135,87.31400000000001,87.10000000000001,87.28,973
2026-07-29T12:50:00+00:00,87.28,87.72600000000001,87.28,87.72500000000001,1153
2026-07-29T12:55:00+00:00,87.72500000000001,87.849,87.554,87.57400000000001,925
2026-07-29T13:00:00+00:00,87.57400000000001,87.87400000000001,87.411,87.691,1839
2026-07-29T13:05:00+00:00,87.691,87.84500000000001,87.575,87.575,1269
2026-07-29T13:10:00+00:00,87.575,87.649,87.43900000000001,87.444,960
2026-07-29T13:15:00+00:00,87.444,87.59100000000001,87.254,87.55000000000001,1068
2026-07-29T13:20:00+00:00,87.55000000000001,87.62400000000001,87.16900000000001,87.21600000000001,1105
2026-07-29T13:25:00+00:00,87.21600000000001,87.424,87.15400000000001,87.4,880
2026-07-29T13:30:00+00:00,87.4,87.74600000000001,87.35400000000001,87.58500000000001,1270
2026-07-29T13:35:00+00:00,87.58500000000001,87.66900000000001,87.33900000000001,87.33900000000001,1006
2026-07-29T13:40:00+00:00,87.33900000000001,87.47600000000001,87.28500000000001,87.46600000000001,786
2026-07-29T13:45:00+00:00,87.46600000000001,87.906,87.435,87.72600000000001,1309
2026-07-29T13:50:00+00:00,87.72600000000001,87.96600000000001,87.72500000000001,87.94500000000001,874
2026-07-29T13:55:00+00:00,87.94500000000001,88.02600000000001,87.88400000000001,87.94500000000001,758
2026-07-29T14:00:00+00:00,87.94500000000001,87.959,87.62500000000001,87.665,809
2026-07-29T14:05:00+00:00,87.665,87.69500000000001,87.45100000000001,87.53500000000001,985
2026-07-29T14:10:00+00:00,87.53500000000001,87.64000000000001,87.444,87.59,859
2026-07-29T14:15:00+00:00,87.59,87.74600000000001,87.516,87.61600000000001,908
2026-07-29T14:20:00+00:00,87.61600000000001,87.641,87.43100000000001,87.62100000000001,1057
2026-07-29T14:25:00+00:00,87.62100000000001,88.054,87.605,88.031,968
2026-07-29T14:30:00+00:00,88.031,88.19600000000001,87.99100000000001,88.04,1422
2026-07-29T14:35:00+00:00,88.04,88.18100000000001,87.94000000000001,87.96600000000001,984
2026-07-29T14:40:00+00:00,87.96600000000001,88.251,87.93400000000001,88.185,1230
2026-07-29T14:45:00+00:00,88.185,88.39600000000002,88.164,88.29400000000001,1294
2026-07-29T14:50:00+00:00,88.29400000000001,88.4,88.135,88.36900000000001,1257
2026-07-29T14:55:00+00:00,88.36900000000001,88.70400000000001,88.254,88.63000000000001,1527
2026-07-29T15:00:00+00:00,88.63000000000001,88.86600000000001,88.59500000000001,88.66600000000001,1690
2026-07-29T15:05:00+00:00,88.66600000000001,88.71100000000001,88.304,88.355,1466
2026-07-29T15:10:00+00:00,88.355,88.426,88.114,88.325,1366
2026-07-29T15:15:00+00:00,88.325,88.76,88.30000000000001,88.74100000000001,1410
2026-07-29T15:20:00+00:00,88.74100000000001,88.78500000000001,88.45500000000001,88.48500000000001,1076
2026-07-29T15:25:00+00:00,88.48500000000001,88.676,88.18900000000001,88.32000000000001,1997
2026-07-29T15:30:00+00:00,88.32000000000001,88.355,87.754,87.99600000000001,1445
2026-07-29T15:35:00+00:00,87.99600000000001,88.13100000000001,87.909,87.93400000000001,979
2026-07-29T15:40:00+00:00,87.93400000000001,88.08900000000001,87.861,87.94600000000001,1110
2026-07-29T15:45:00+00:00,87.94600000000001,88.016,87.81500000000001,88.01400000000001,848
2026-07-29T15:50:00+00:00,88.01400000000001,88.141,87.98500000000001,88.10100000000001,900
2026-07-29T15:55:00+00:00,88.10100000000001,88.536,88.10100000000001,88.50600000000001,1013
2026-07-29T16:00:00+00:00,88.50600000000001,88.786,88.46900000000001,88.68,1087
2026-07-29T16:05:00+00:00,88.68,88.68,88.43100000000001,88.545,1113
2026-07-29T16:10:00+00:00,88.545,88.641,88.40400000000001,88.536,880
2026-07-29T16:15:00+00:00,88.536,88.60000000000001,88.2,88.34500000000001,756
2026-07-29T16:20:00+00:00,88.34500000000001,88.35600000000001,87.876,88.01,1099
2026-07-29T16:25:00+00:00,88.01,88.02900000000001,87.819,87.82000000000001,1245
2026-07-29T16:30:00+00:00,87.82000000000001,87.974,87.781,87.95100000000001,826
2026-07-29T16:35:00+00:00,87.95100000000001,88.09100000000001,87.85400000000001,88.075,707
2026-07-29T16:40:00+00:00,88.075,88.156,88.01400000000001,88.13400000000001,626
2026-07-29T16:45:00+00:00,88.13400000000001,88.19500000000001,88.039,88.159,456
2026-07-29T16:50:00+00:00,88.159,88.33600000000001,88.159,88.286,521
2026-07-29T16:55:00+00:00,88.286,88.33500000000001,88.25900000000001,88.275,460
2026-07-29T17:00:00+00:00,88.275,88.33600000000001,88.12400000000001,88.13600000000001,538
2026-07-29T17:05:00+00:00,88.13600000000001,88.236,88.114,88.21400000000001,451
2026-07-29T17:10:00+00:00,88.21400000000001,88.38600000000001,88.16900000000001,88.209,625
2026-07-29T17:15:00+00:00,88.209,88.34100000000001,88.209,88.245,550
2026-07-29T17:20:00+00:00,88.245,88.32600000000001,88.22500000000001,88.25500000000001,652
2026-07-29T17:25:00+00:00,88.25500000000001,88.44600000000001,88.069,88.11900000000001,888
2026-07-29T17:30:00+00:00,88.11900000000001,88.391,88.06500000000001,88.31500000000001,895
2026-07-29T17:35:00+00:00,88.31500000000001,88.31500000000001,88.01500000000001,88.04,693
2026-07-29T17:40:00+00:00,88.04,88.084,87.96000000000001,88.01100000000001,511
2026-07-29T17:45:00+00:00,88.01100000000001,88.186,87.95400000000001,88.179,714
2026-07-29T17:50:00+00:00,88.179,88.39000000000001,88.165,88.32400000000001,758
2026-07-29T17:55:00+00:00,88.32400000000001,88.38000000000001,88.29400000000001,88.33900000000001,513
2026-07-29T18:00:00+00:00,88.33900000000001,88.599,88.19000000000001,88.436,1389
2026-07-29T18:05:00+00:00,88.436,88.47600000000001,88.32600000000001,88.35400000000001,1300
2026-07-29T18:10:00+00:00,88.35400000000001,88.58000000000001,88.35400000000001,88.399,974
2026-07-29T18:15:00+00:00,88.399,88.72600000000001,88.29400000000001,88.686,1179
2026-07-29T18:20:00+00:00,88.686,88.79,88.474,88.774,1388
2026-07-29T18:25:00+00:00,88.774,88.855,88.406,88.55000000000001,2357
2026-07-29T18:30:00+00:00,88.55000000000001,88.941,88.54400000000001,88.83500000000001,1219
2026-07-29T18:35:00+00:00,88.83500000000001,88.86500000000001,88.69900000000001,88.74400000000001,713
2026-07-29T18:40:00+00:00,88.74400000000001,88.801,88.43400000000001,88.474,756
2026-07-29T18:45:00+00:00,88.474,88.474,88.21000000000001,88.46000000000001,831
2026-07-29T18:50:00+00:00,88.46000000000001,88.52900000000001,88.34100000000001,88.34400000000001,808
2026-07-29T18:55:00+00:00,88.34400000000001,88.391,88.194,88.20100000000001,620
2026-07-29T19:00:00+00:00,88.20100000000001,88.24000000000001,88.10400000000001,88.176,630
2026-07-29T19:05:00+00:00,88.176,88.30000000000001,88.105,88.19500000000001,693
2026-07-29T19:10:00+00:00,88.19500000000001,88.24100000000001,88.034,88.22000000000001,598
2026-07-29T19:15:00+00:00,88.22000000000001,88.24100000000001,87.88400000000001,87.935,706
2026-07-29T19:20:00+00:00,87.935,88.561,87.88400000000001,88.275,1567
2026-07-29T19:25:00+00:00,88.275,88.49100000000001,88.21100000000001,88.40100000000001,1031
2026-07-29T19:30:00+00:00,88.40100000000001,88.971,88.376,88.789,1101
2026-07-29T19:35:00+00:00,88.789,88.86900000000001,88.53,88.581,1160
2026-07-29T19:40:00+00:00,88.581,88.671,88.465,88.49400000000001,737
2026-07-29T19:45:00+00:00,88.49400000000001,88.53500000000001,88.29400000000001,88.48500000000001,781
2026-07-29T19:50:00+00:00,88.48500000000001,88.65,88.48500000000001,88.63400000000001,818
2026-07-29T19:55:00+00:00,88.63400000000001,88.659,88.524,88.57000000000001,638
2026-07-29T20:00:00+00:00,88.57000000000001,88.63100000000001,88.42,88.48,859
2026-07-29T20:05:00+00:00,88.48,88.49100000000001,88.36000000000001,88.46100000000001,528
2026-07-29T20:10:00+00:00,88.46100000000001,88.54100000000001,88.409,88.531,458
2026-07-29T20:15:00+00:00,88.531,88.64600000000002,88.52900000000001,88.61600000000001,383
2026-07-29T20:20:00+00:00,88.61600000000001,88.82100000000001,88.58900000000001,88.80900000000001,521
2026-07-29T20:25:00+00:00,88.80900000000001,88.83600000000001,88.709,88.72000000000001,504
2026-07-29T20:30:00+00:00,88.72000000000001,88.72000000000001,88.58000000000001,88.611,438
2026-07-29T20:35:00+00:00,88.611,88.62100000000001,88.50900000000001,88.519,368
2026-07-29T20:40:00+00:00,88.519,88.54100000000001,88.411,88.43100000000001,459
2026-07-29T20:45:00+00:00,88.43100000000001,88.47500000000001,88.32900000000001,88.471,651
2026-07-29T20:50:00+00:00,88.471,88.49900000000001,88.289,88.29,678
2026-07-29T20:55:00+00:00,88.29,88.414,88.269,88.414,689
2026-07-30T00:00:00+00:00,88.414,88.414,87.63900000000001,87.83000000000001,696.6549358123063
2026-07-30T00:05:00+00:00,87.83000000000001,87.87100000000001,87.75000000000001,87.78,497
2026-07-30T00:10:00+00:00,87.78,87.861,87.49900000000001,87.54,616
2026-07-30T00:15:00+00:00,87.54,87.60100000000001,86.93100000000001,87.02900000000001,1263
2026-07-30T00:20:00+00:00,87.02900000000001,87.32000000000001,87.02900000000001,87.299,785
2026-07-30T00:25:00+00:00,87.299,87.77100000000002,87.20100000000001,87.75900000000001,625
2026-07-30T00:30:00+00:00,87.75900000000001,87.914,87.569,87.75900000000001,538
2026-07-30T00:35:00+00:00,87.75900000000001,87.93100000000001,87.72000000000001,87.91000000000001,433
2026-07-30T00:40:00+00:00,87.91000000000001,88.07000000000001,87.899,88.05000000000001,253
2026-07-30T00:45:00+00:00,88.05000000000001,88.25000000000001,88.039,88.08000000000001,509
2026-07-30T00:50:00+00:00,88.08000000000001,88.29100000000001,88.08000000000001,88.269,540
2026-07-30T00:55:00+00:00,88.269,88.34100000000001,88.081,88.10000000000001,682
2026-07-30T01:00:00+00:00,88.10000000000001,88.10000000000001,87.59,87.71900000000001,1701
2026-07-30T01:05:00+00:00,87.71900000000001,87.76,87.32900000000001,87.471,1147
2026-07-30T01:10:00+00:00,87.471,87.55000000000001,87.24900000000001,87.52100000000002,881
2026-07-30T01:15:00+00:00,87.52100000000002,87.581,87.36900000000001,87.41900000000001,1061
2026-07-30T01:20:00+00:00,87.41900000000001,87.96100000000001,87.34,87.76400000000001,936
2026-07-30T01:25:00+00:00,87.76400000000001,87.76400000000001,87.63000000000001,87.691,495
2026-07-30T01:30:00+00:00,87.691,87.751,87.41900000000001,87.459,630
2026-07-30T01:35:00+00:00,87.459,87.519,87.30900000000001,87.49100000000001,993
2026-07-30T01:40:00+00:00,87.49100000000001,87.49600000000001,87.33000000000001,87.34,684
2026-07-30T01:45:00+00:00,87.34,87.54100000000001,87.28,87.47000000000001,705
2026-07-30T01:50:00+00:00,87.47000000000001,87.60000000000001,87.38000000000001,87.52900000000001,474
2026-07-30T01:55:00+00:00,87.52900000000001,87.60100000000001,87.32900000000001,87.441,454
2026-07-30T02:00:00+00:00,87.441,87.44900000000001,87.27000000000001,87.30000000000001,595
2026-07-30T02:05:00+00:00,87.30000000000001,87.37100000000001,87.25500000000001,87.27100000000002,401
2026-07-30T02:10:00+00:00,87.27100000000002,87.35000000000001,87.25900000000001,87.26,353
2026-07-30T02:15:00+00:00,87.26,87.29,87.16000000000001,87.239,397
2026-07-30T02:20:00+00:00,87.239,87.32000000000001,87.18900000000001,87.29100000000001,228
2026-07-30T02:25:00+00:00,87.29100000000001,87.38100000000001,87.129,87.149,428
2026-07-30T02:30:00+00:00,87.149,87.171,86.974,87.03,1057
2026-07-30T02:35:00+00:00,87.03,87.221,87.02900000000001,87.13000000000001,827
2026-07-30T02:40:00+00:00,87.13000000000001,87.29,87.11900000000001,87.21900000000001,579
2026-07-30T02:45:00+00:00,87.21900000000001,87.441,87.21900000000001,87.41900000000001,656
2026-07-30T02:50:00+00:00,87.41900000000001,87.43100000000001,87.099,87.10100000000001,671
2026-07-30T02:55:00+00:00,87.10100000000001,87.19900000000001,87.03,87.19900000000001,535
2026-07-30T03:00:00+00:00,87.19900000000001,87.20100000000001,87.039,87.07900000000001,522
2026-07-30T03:05:00+00:00,87.07900000000001,87.171,87.05900000000001,87.111,431
2026-07-30T03:10:00+00:00,87.111,87.12,87.03,87.04,503
2026-07-30T03:15:00+00:00,87.04,87.09,87.02900000000001,87.05000000000001,344
2026-07-30T03:20:00+00:00,87.05000000000001,87.221,87.049,87.2,552
2026-07-30T03:25:00+00:00,87.2,87.299,87.129,87.27000000000001,727
2026-07-30T03:30:00+00:00,87.27000000000001,87.27100000000002,87.179,87.25900000000001,402
2026-07-30T03:35:00+00:00,87.25900000000001,87.29100000000001,87.18900000000001,87.28,291
2026-07-30T03:40:00+00:00,87.28,87.33900000000001,87.239,87.32100000000001,245
2026-07-30T03:45:00+00:00,87.32100000000001,87.391,87.311,87.38100000000001,233
2026-07-30T03:50:00+00:00,87.38100000000001,87.48100000000001,87.36900000000001,87.48,208
2026-07-30T03:55:00+00:00,87.48,87.49000000000001,87.35900000000001,87.36900000000001,189
2026-07-30T04:00:00+00:00,87.36900000000001,87.43900000000001,87.35900000000001,87.38900000000001,200
2026-07-30T04:05:00+00:00,87.38900000000001,87.501,87.38900000000001,87.48,145
2026-07-30T04:10:00+00:00,87.48,87.57000000000001,87.47000000000001,87.55900000000001,117
2026-07-30T04:15:00+00:00,87.55900000000001,87.62100000000001,87.539,87.569,171
2026-07-30T04:20:00+00:00,87.569,87.569,87.44900000000001,87.48,154
2026-07-30T04:25:00+00:00,87.48,87.581,87.46900000000001,87.549,167
2026-07-30T04:30:00+00:00,87.549,87.581,87.519,87.54,174
2026-07-30T04:35:00+00:00,87.54,87.58000000000001,87.54,87.54100000000001,103
2026-07-30T04:40:00+00:00,87.54100000000001,87.63000000000001,87.47900000000001,87.599,200
2026-07-30T04:45:00+00:00,87.599,87.599,87.47000000000001,87.54100000000001,119
2026-07-30T04:50:00+00:00,87.54100000000001,87.911,87.54100000000001,87.91000000000001,397
2026-07-30T04:55:00+00:00,87.91000000000001,88.171,87.905,88.02900000000001,583
2026-07-30T05:00:00+00:00,88.02900000000001,88.161,87.94900000000001,88.031,432
2026-07-30T05:05:00+00:00,88.031,88.32100000000001,88.00900000000001,88.32100000000001,461
2026-07-30T05:10:00+00:00,88.32100000000001,88.56500000000001,88.269,88.54,717
2026-07-30T05:15:00+00:00,88.54,88.7,88.409,88.679,831
2026-07-30T05:20:00+00:00,88.679,88.941,88.66900000000001,88.789,715
2026-07-30T05:25:00+00:00,88.789,88.82100000000001,88.659,88.68900000000001,452
2026-07-30T05:30:00+00:00,88.68900000000001,89.391,88.66900000000001,89.159,2270
2026-07-30T05:35:00+00:00,89.159,89.50000000000001,89.159,89.35100000000001,1911
2026-07-30T05:40:00+00:00,89.35100000000001,89.36000000000001,89.17,89.21900000000001,1032
2026-07-30T05:45:00+00:00,89.21900000000001,89.269,88.91900000000001,89.111,1117
2026-07-30T05:50:00+00:00,89.111,89.691,89.02900000000001,89.60900000000001,1564
2026-07-30T05:55:00+00:00,89.60900000000001,89.811,89.44900000000001,89.80000000000001,1283
2026-07-30T06:00:00+00:00,89.80000000000001,90.471,89.74900000000001,90.049,1555
2026-07-30T06:05:00+00:00,90.049,90.409,89.929,90.409,1010
2026-07-30T06:10:00+00:00,90.409,90.51100000000001,90.35100000000001,90.489,1502
2026-07-30T06:15:00+00:00,90.489,90.671,90.37,90.60000000000001,1379
2026-07-30T06:20:00+00:00,90.60000000000001,90.661,90.411,90.51,1412
2026-07-30T06:25:00+00:00,90.51,90.98100000000001,90.429,90.971,1261
2026-07-30T06:30:00+00:00,90.971,91.12100000000001,90.709,90.73,1344
2026-07-30T06:35:00+00:00,90.73,91.00000000000001,90.71900000000001,90.91900000000001,943
2026-07-30T06:40:00+00:00,90.91900000000001,90.99100000000001,90.77900000000001,90.90100000000001,768
2026-07-30T06:45:00+00:00,90.90100000000001,90.96900000000001,90.659,90.90100000000001,863
2026-07-30T06:50:00+00:00,90.90100000000001,90.98100000000001,90.659,90.77000000000001,918
2026-07-30T06:55:00+00:00,90.77000000000001,90.93,90.739,90.74900000000001,696
2026-07-30T07:00:00+00:00,90.74900000000001,90.74900000000001,89.71900000000001,89.92,1991
2026-07-30T07:05:00+00:00,89.92,90.18100000000001,89.88000000000001,90.08900000000001,1307
2026-07-30T07:10:00+00:00,90.08900000000001,90.251,89.85900000000001,89.92,949
2026-07-30T07:15:00+00:00,89.92,90.23,89.899,90.22900000000001,915
2026-07-30T07:20:00+00:00,90.22900000000001,90.43,89.97000000000001,89.98,1174
2026-07-30T07:25:00+00:00,89.98,90.239,89.96900000000001,90.19900000000001,913
2026-07-30T07:30:00+00:00,90.19900000000001,90.51100000000001,90.09,90.47900000000001,856
2026-07-30T07:35:00+00:00,90.47900000000001,90.73100000000001,90.4,90.43100000000001,1179
2026-07-30T07:40:00+00:00,90.43100000000001,90.441,90.129,90.15,861
2026-07-30T07:45:00+00:00,90.15,90.239,89.88100000000001,90.19900000000001,799
2026-07-30T07:50:00+00:00,90.19900000000001,90.23100000000001,89.641,89.77100000000002,1011
2026-07-30T07:55:00+00:00,89.77100000000002,89.97000000000001,89.71000000000001,89.941,658
2026-07-30T08:00:00+00:00,89.941,90.24000000000001,89.77900000000001,89.796,1370
2026-07-30T08:05:00+00:00,89.796,89.801,89.35000000000001,89.52900000000001,1466
2026-07-30T08:10:00+00:00,89.52900000000001,89.626,89.35900000000001,89.599,1119
2026-07-30T08:15:00+00:00,89.599,89.911,89.33900000000001,89.911,1140
2026-07-30T08:20:00+00:00,89.911,90.05900000000001,89.70400000000001,89.879,1302
2026-07-30T08:25:00+00:00,89.879,89.9,89.50900000000001,89.84100000000001,1803
2026-07-30T08:30:00+00:00,89.84100000000001,89.93900000000001,89.16000000000001,89.20500000000001,1298
2026-07-30T08:35:00+00:00,89.20500000000001,89.33500000000001,89.093,89.28500000000001,794
2026-07-30T08:40:00+00:00,89.28500000000001,89.50000000000001,89.11300000000001,89.49900000000001,684
2026-07-30T08:45:00+00:00,89.49900000000001,89.61000000000001,89.43500000000002,89.543,540
2026-07-30T08:50:00+00:00,89.543,89.80900000000001,89.53300000000002,89.77300000000001,746
2026-07-30T08:55:00+00:00,89.77300000000001,89.775,89.403,89.403,575
2026-07-30T09:00:00+00:00,89.403,89.51400000000001,89.18400000000001,89.18400000000001,790
2026-07-30T09:05:00+00:00,89.18400000000001,89.30400000000002,88.92300000000002,89.00500000000001,917
2026-07-30T09:10:00+00:00,89.00500000000001,89.12500000000001,88.543,88.784,1207
2026-07-30T09:15:00+00:00,88.784,89.02900000000001,88.284,88.32400000000001,1569
2026-07-30T09:20:00+00:00,88.32400000000001,88.45500000000001,88.21300000000001,88.44300000000001,1135
2026-07-30T09:25:00+00:00,88.44300000000001,88.45400000000001,88.308,88.39500000000001,750
2026-07-30T09:30:00+00:00,88.39500000000001,88.63400000000001,88.38300000000001,88.55300000000001,696
2026-07-30T09:35:00+00:00,88.55300000000001,88.605,88.16300000000001,88.60400000000001,782
2026-07-30T09:40:00+00:00,88.60400000000001,88.694,88.334,88.394,692
2026-07-30T09:45:00+00:00,88.394,88.48500000000001,88.33500000000001,88.40500000000002,459
2026-07-30T09:50:00+00:00,88.40500000000002,88.70800000000001,88.334,88.665,752
2026-07-30T09:55:00+00:00,88.665,89.055,88.653,89.028,630
2026-07-30T10:00:00+00:00,89.028,89.18500000000002,88.97500000000001,89.08300000000001,671
2026-07-30T10:05:00+00:00,89.08300000000001,89.08300000000001,88.73400000000001,88.81500000000001,742
2026-07-30T10:10:00+00:00,88.81500000000001,88.95500000000001,88.74300000000001,88.85300000000001,729
2026-07-30T10:15:00+00:00,88.85300000000001,88.894,88.563,88.584,604
2026-07-30T10:20:00+00:00,88.584,88.67500000000001,88.543,88.54400000000001,567
2026-07-30T10:25:00+00:00,88.54400000000001,88.70500000000001,88.54400000000001,88.61300000000001,418
2026-07-30T10:30:00+00:00,88.61300000000001,88.65400000000001,88.394,88.584,562
2026-07-30T10:35:00+00:00,88.584,88.59500000000001,88.313,88.37500000000001,543
2026-07-30T10:40:00+00:00,88.37500000000001,88.37500000000001,87.57300000000001,87.94300000000001,1907
2026-07-30T10:45:00+00:00,87.94300000000001,88.04500000000002,87.593,87.60900000000001,781
2026-07-30T10:50:00+00:00,87.60900000000001,87.873,87.34500000000001,87.80400000000002,1254
2026-07-30T10:55:00+00:00,87.80400000000002,87.91400000000002,87.72300000000001,87.91300000000001,560
2026-07-30T11:00:00+00:00,87.91300000000001,88.135,87.793,88.04500000000002,849
2026-07-30T11:05:00+00:00,88.04500000000002,88.20800000000001,87.903,88.165,507
2026-07-30T11:10:00+00:00,88.165,88.21000000000001,87.98500000000001,87.98500000000001,544
2026-07-30T11:15:00+00:00,87.98500000000001,88.04400000000001,87.84500000000001,87.99400000000001,741
2026-07-30T11:20:00+00:00,87.99400000000001,88.18900000000001,87.92300000000002,87.92300000000002,631
2026-07-30T11:25:00+00:00,87.92300000000002,87.965,87.733,87.84400000000001,905
2026-07-30T11:30:00+00:00,87.84400000000001,87.90500000000002,87.43400000000001,87.59500000000001,876
2026-07-30T11:35:00+00:00,87.59500000000001,87.79800000000002,87.51500000000001,87.65400000000001,704
2026-07-30T11:40:00+00:00,87.65400000000001,87.79400000000001,87.44300000000001,87.55300000000001,645
2026-07-30T11:45:00+00:00,87.55300000000001,87.64500000000001,87.465,87.498,461
2026-07-30T11:50:00+00:00,87.498,87.58000000000001,87.358,87.40400000000001,720
2026-07-30T11:55:00+00:00,87.40400000000001,87.48500000000001,87.33300000000001,87.46900000000001,762
2026-07-30T12:00:00+00:00,87.46900000000001,87.81500000000001,87.459,87.62400000000001,1108
2026-07-30T12:05:00+00:00,87.62400000000001,87.62500000000001,87.364,87.40500000000002,833
2026-07-30T12:10:00+00:00,87.40500000000002,87.715,87.38300000000001,87.67300000000002,805
2026-07-30T12:15:00+00:00,87.67300000000002,87.89000000000001,87.63400000000001,87.754,613
2026-07-30T12:20:00+00:00,87.754,87.91000000000001,87.74300000000001,87.87800000000001,698
2026-07-30T12:25:00+00:00,87.87800000000001,88.19900000000001,87.83300000000001,88.05300000000001,930
2026-07-30T12:30:00+00:00,88.05300000000001,88.05300000000001,87.84500000000001,87.84500000000001,829
2026-07-30T12:35:00+00:00,87.84500000000001,87.85400000000001,87.65,87.65,817
2026-07-30T12:40:00+00:00,87.65,87.90500000000002,87.58000000000001,87.65500000000002,722
2026-07-30T12:45:00+00:00,87.65500000000002,87.92000000000002,87.61900000000001,87.82400000000001,684
2026-07-30T12:50:00+00:00,87.82400000000001,88.18500000000002,87.82400000000001,88.12800000000001,929
2026-07-30T12:55:00+00:00,88.12800000000001,88.19300000000001,87.90400000000001,88.183,928
2026-07-30T13:00:00+00:00,88.183,88.194,87.635,87.825,1787
2026-07-30T13:05:00+00:00,87.825,87.91400000000002,86.885,87.03300000000002,2112
2026-07-30T13:10:00+00:00,87.03300000000002,87.17300000000002,86.56400000000001,86.58500000000001,1651
2026-07-30T13:15:00+00:00,86.58500000000001,87.09500000000001,86.58500000000001,86.86300000000001,1553
2026-07-30T13:20:00+00:00,86.86300000000001,87.14500000000001,86.834,87.01400000000001,1184
2026-07-30T13:25:00+00:00,87.01400000000001,87.29500000000002,86.99300000000001,87.12400000000001,1063
2026-07-30T13:30:00+00:00,87.12400000000001,87.34400000000001,86.864,87.275,1144
2026-07-30T13:35:00+00:00,87.275,87.33500000000001,87.00300000000001,87.00300000000001,834
2026-07-30T13:40:00+00:00,87.00300000000001,87.30400000000002,86.99300000000001,87.284,870
2026-07-30T13:45:00+00:00,87.284,87.465,87.21300000000001,87.37500000000001,909
2026-07-30T13:50:00+00:00,87.37500000000001,87.555,87.19300000000001,87.22500000000001,1019
2026-07-30T13:55:00+00:00,87.22500000000001,87.415,87.14300000000001,87.27400000000002,950
2026-07-30T14:00:00+00:00,87.27400000000002,87.694,87.05400000000002,87.16300000000001,2504
2026-07-30T14:05:00+00:00,87.16300000000001,87.51,87.10900000000001,87.12800000000001,1564
2026-07-30T14:10:00+00:00,87.12800000000001,87.29,87.019,87.183,1292
2026-07-30T14:15:00+00:00,87.183,87.59800000000001,87.08300000000001,87.52400000000002,1066
2026-07-30T14:20:00+00:00,87.52400000000002,87.81400000000001,87.52300000000001,87.57300000000001,1262
2026-07-30T14:25:00+00:00,87.57300000000001,87.668,87.32300000000001,87.38400000000001,898
2026-07-30T14:30:00+00:00,87.38400000000001,87.7,87.37500000000001,87.62500000000001,1084
2026-07-30T14:35:00+00:00,87.62500000000001,87.64900000000002,87.42800000000001,87.43500000000002,939
2026-07-30T14:40:00+00:00,87.43500000000002,87.715,87.418,87.50800000000001,905
2026-07-30T14:45:00+00:00,87.50800000000001,87.78000000000002,87.50800000000001,87.775,938
2026-07-30T14:50:00+00:00,87.775,87.894,87.614,87.66400000000002,1185
2026-07-30T14:55:00+00:00,87.66400000000002,87.77300000000001,87.52300000000001,87.638,1284
2026-07-30T15:00:00+00:00,87.638,87.82000000000001,87.61300000000001,87.77000000000001,966
2026-07-30T15:05:00+00:00,87.77000000000001,88.08000000000001,87.75800000000001,87.94900000000001,1161
2026-07-30T15:10:00+00:00,87.94900000000001,88.19500000000001,87.805,87.915,1405
2026-07-30T15:15:00+00:00,87.915,88.07300000000001,87.784,87.864,1396
2026-07-30T15:20:00+00:00,87.864,87.864,87.558,87.558,1362
2026-07-30T15:25:00+00:00,87.558,87.67900000000002,87.284,87.623,1862
2026-07-30T15:30:00+00:00,87.623,87.754,87.489,87.73,1204
2026-07-30T15:35:00+00:00,87.73,87.80000000000001,87.308,87.313,987
2026-07-30T15:40:00+00:00,87.313,87.32000000000001,86.90500000000002,87.075,1047
2026-07-30T15:45:00+00:00,87.075,87.25000000000001,86.96400000000001,87.203,738
2026-07-30T15:50:00+00:00,87.203,87.489,87.09800000000001,87.468,637
2026-07-30T15:55:00+00:00,87.468,87.468,87.33000000000001,87.42800000000001,682
2026-07-30T16:00:00+00:00,87.42800000000001,87.48400000000001,87.343,87.343,574
2026-07-30T16:05:00+00:00,87.343,87.739,87.343,87.71300000000001,623
2026-07-30T16:10:00+00:00,87.71300000000001,87.72300000000001,87.4,87.52400000000002,733
2026-07-30T16:15:00+00:00,87.52400000000002,87.688,87.385,87.468,625
2026-07-30T16:20:00+00:00,87.468,87.46900000000001,87.019,87.123,621
2026-07-30T16:25:00+00:00,87.123,87.13400000000001,86.84800000000001,86.924,663
2026-07-30T16:30:00+00:00,86.924,87.114,86.879,87.07300000000001,577
2026-07-30T16:35:00+00:00,87.07300000000001,87.305,86.995,87.23400000000001,472
2026-07-30T16:40:00+00:00,87.23400000000001,87.23500000000001,87.06800000000001,87.15,399
2026-07-30T16:45:00+00:00,87.15,87.19900000000001,87.01500000000001,87.09400000000001,409
2026-07-30T16:50:00+00:00,87.09400000000001,87.38900000000001,87.075,87.299,573
2026-07-30T16:55:00+00:00,87.299,87.48500000000001,87.24000000000001,87.39500000000001,454
2026-07-30T17:00:00+00:00,87.39500000000001,87.43500000000002,87.25500000000001,87.25800000000001,441
2026-07-30T17:05:00+00:00,87.25800000000001,87.49400000000001,87.25500000000001,87.44300000000001,551
2026-07-30T17:10:00+00:00,87.44300000000001,87.563,87.358,87.50800000000001,654
2026-07-30T17:15:00+00:00,87.50800000000001,87.69900000000001,87.28500000000001,87.325,567
2026-07-30T17:20:00+00:00,87.325,87.325,86.944,87.03900000000002,632
2026-07-30T17:25:00+00:00,87.03900000000002,87.07300000000001,86.94300000000001,86.98400000000001,467
2026-07-30T17:30:00+00:00,86.98400000000001,87.03800000000001,86.77300000000001,86.80300000000001,473
2026-07-30T17:35:00+00:00,86.80300000000001,87.45500000000001,86.799,87.19000000000001,1028
2026-07-30T17:40:00+00:00,87.19000000000001,87.19000000000001,86.733,86.828,728
2026-07-30T17:45:00+00:00,86.828,87.114,86.828,87.114,566
2026-07-30T17:50:00+00:00,87.114,87.12500000000001,86.89900000000002,86.90800000000002,516
2026-07-30T17:55:00+00:00,86.90800000000002,87.00300000000001,86.79800000000002,87.00300000000001,455
2026-07-30T18:00:00+00:00,87.00300000000001,87.49300000000001,86.91900000000001,87.19300000000001,883
2026-07-30T18:05:00+00:00,87.19300000000001,87.19300000000001,86.974,87.12500000000001,726
2026-07-30T18:10:00+00:00,87.12500000000001,87.325,87.09400000000001,87.218,619
2026-07-30T18:15:00+00:00,87.218,87.26400000000001,86.819,86.86300000000001,946
2026-07-30T18:20:00+00:00,86.86300000000001,86.99400000000001,86.813,86.989,939
2026-07-30T18:25:00+00:00,86.989,87.135,86.61000000000001,86.72300000000001,2133
2026-07-30T18:30:00+00:00,86.72300000000001,87.025,86.70400000000001,86.98500000000001,834
2026-07-30T18:35:00+00:00,86.98500000000001,87.084,86.92900000000002,87.019,440
2026-07-30T18:40:00+00:00,87.019,87.17500000000001,86.933,87.07400000000001,387
2026-07-30T18:45:00+00:00,87.07400000000001,87.17300000000002,87.07300000000001,87.123,339
2026-07-30T18:50:00+00:00,87.123,87.15500000000002,86.933,86.99300000000001,357
2026-07-30T18:55:00+00:00,86.99300000000001,87.04500000000002,86.974,86.995,274
2026-07-30T19:00:00+00:00,86.995,87.09,86.944,87.08300000000001,378
2026-07-30T19:05:00+00:00,87.08300000000001,87.08300000000001,86.703,86.703,231
2026-07-30T19:10:00+00:00,86.703,86.84400000000001,86.67000000000002,86.73400000000001,309
2026-07-30T19:15:00+00:00,86.73400000000001,86.775,86.60400000000001,86.653,328
2026-07-30T19:20:00+00:00,86.653,86.77400000000002,86.62,86.724,189
2026-07-30T19:25:00+00:00,86.724,86.745,86.64000000000001,86.69500000000001,152
2026-07-30T19:30:00+00:00,86.69500000000001,86.715,86.61800000000001,86.69500000000001,212
2026-07-30T19:35:00+00:00,86.69500000000001,86.69500000000001,86.629,86.659,246
2026-07-30T19:40:00+00:00,86.659,86.825,86.64300000000001,86.813,293
2026-07-30T19:45:00+00:00,86.813,86.86500000000001,86.76800000000001,86.825,262
2026-07-30T19:50:00+00:00,86.825,86.87,86.77000000000001,86.87,199
2026-07-30T19:55:00+00:00,86.87,86.95400000000001,86.78300000000002,86.88300000000001,385
2026-07-30T20:00:00+00:00,86.88300000000001,86.885,86.79500000000002,86.813,232
2026-07-30T20:05:00+00:00,86.813,86.995,86.75300000000001,86.98400000000001,258
2026-07-30T20:10:00+00:00,86.98400000000001,87.01500000000001,86.93500000000002,87.00300000000001,195
2026-07-30T20:15:00+00:00,87.00300000000001,87.12500000000001,86.97300000000001,87.03300000000002,297
2026-07-30T20:20:00+00:00,87.03300000000002,87.15500000000002,87.02300000000001,87.14500000000001,218
2026-07-30T20:25:00+00:00,87.14500000000001,87.22500000000001,87.07400000000001,87.17300000000002,223
2026-07-30T20:30:00+00:00,87.17300000000002,87.284,87.153,87.183,290
2026-07-30T20:35:00+00:00,87.183,87.34500000000001,87.17500000000001,87.34500000000001,162
2026-07-30T20:40:00+00:00,87.34500000000001,87.34500000000001,87.153,87.16300000000001,245
2026-07-30T20:45:00+00:00,87.16300000000001,87.18500000000002,87.14800000000001,87.15400000000001,219
2026-07-30T20:50:00+00:00,87.15400000000001,87.17500000000001,87.14300000000001,87.15400000000001,110
2026-07-30T20:55:00+00:00,87.15400000000001,87.275,87.153,87.275,173
2026-07-31T00:00:00+00:00,87.275,87.28000000000002,84.99400000000001,85.12000000000002,253.72442588726514
2026-07-31T00:05:00+00:00,85.12000000000002,85.15000000000002,84.99800000000002,85.06900000000002,265
2026-07-31T00:10:00+00:00,85.06900000000002,85.17300000000002,85.05800000000002,85.13800000000002,156
2026-07-31T00:15:00+00:00,85.13800000000002,85.14000000000001,84.95900000000002,85.04500000000002,180
2026-07-31T00:20:00+00:00,85.04500000000002,85.09000000000002,85.02000000000002,85.06000000000002,158
2026-07-31T00:25:00+00:00,85.06000000000002,85.12000000000002,85.02800000000002,85.11500000000002,200
2026-07-31T00:30:00+00:00,85.11500000000002,85.11900000000001,85.00800000000002,85.11500000000002,188
2026-07-31T00:35:00+00:00,85.11500000000002,85.11900000000001,85.02900000000002,85.04300000000002,161
2026-07-31T00:40:00+00:00,85.04300000000002,85.05500000000002,84.77800000000002,84.78300000000002,246
2026-07-31T00:45:00+00:00,84.78300000000002,84.91000000000003,84.77500000000002,84.89500000000002,204
2026-07-31T00:50:00+00:00,84.89500000000002,84.89500000000002,84.74400000000001,84.78500000000003,261
2026-07-31T00:55:00+00:00,84.78500000000003,84.83500000000002,84.59900000000002,84.61000000000001,313
2026-07-31T01:00:00+00:00,84.61000000000001,84.61000000000001,83.49000000000002,83.72900000000001,2106
2026-07-31T01:05:00+00:00,83.72900000000001,83.79900000000002,83.41800000000002,83.70900000000002,1402
2026-07-31T01:10:00+00:00,83.70900000000002,84.03000000000002,83.54800000000002,84.02900000000002,960
2026-07-31T01:15:00+00:00,84.02900000000002,84.03900000000002,83.90900000000002,83.91000000000003,705
2026-07-31T01:20:00+00:00,83.91000000000003,84.14300000000001,83.90900000000002,84.07500000000002,607
2026-07-31T01:25:00+00:00,84.07500000000002,84.11000000000001,83.82900000000002,84.01000000000002,698
2026-07-31T01:30:00+00:00,84.01000000000002,84.12400000000002,83.82500000000002,83.82800000000002,528
2026-07-31T01:35:00+00:00,83.82800000000002,83.85800000000002,83.57900000000002,83.65300000000002,783
2026-07-31T01:40:00+00:00,83.65300000000002,83.88500000000002,83.64900000000002,83.88000000000002,585
2026-07-31T01:45:00+00:00,83.88000000000002,84.04000000000002,83.85900000000002,83.92800000000003,469
2026-07-31T01:50:00+00:00,83.92800000000003,83.92800000000003,83.68800000000002,83.72800000000002,591
2026-07-31T01:55:00+00:00,83.72800000000002,83.76000000000002,83.63800000000002,83.73300000000002,361
2026-07-31T02:00:00+00:00,83.73300000000002,83.73400000000002,83.44800000000002,83.44800000000002,629
2026-07-31T02:05:00+00:00,83.44800000000002,83.51000000000002,82.79000000000002,83.03800000000003,901
2026-07-31T02:10:00+00:00,83.03800000000003,83.26400000000002,82.94500000000002,83.25900000000001,752
2026-07-31T02:15:00+00:00,83.25900000000001,83.38800000000002,83.25900000000001,83.36900000000001,377
2026-07-31T02:20:00+00:00,83.36900000000001,83.48000000000002,83.34500000000001,83.36000000000001,323
2026-07-31T02:25:00+00:00,83.36000000000001,83.47400000000002,83.31900000000002,83.35000000000002,261
2026-07-31T02:30:00+00:00,83.35000000000002,83.53000000000002,83.31900000000002,83.51800000000001,477
2026-07-31T02:35:00+00:00,83.51800000000001,83.53500000000003,83.34800000000001,83.39000000000001,527
2026-07-31T02:40:00+00:00,83.39000000000001,83.43400000000003,83.31000000000002,83.40500000000002,214
2026-07-31T02:45:00+00:00,83.40500000000002,83.47300000000001,83.33300000000001,83.40900000000002,427
2026-07-31T02:50:00+00:00,83.40900000000002,83.51900000000002,83.38800000000002,83.51300000000002,336
2026-07-31T02:55:00+00:00,83.51300000000002,83.71500000000002,83.51300000000002,83.56900000000002,385
2026-07-31T03:00:00+00:00,83.56900000000002,83.67500000000003,83.52400000000002,83.58800000000002,304
2026-07-31T03:05:00+00:00,83.58800000000002,83.59000000000002,83.42000000000002,83.44400000000002,270
2026-07-31T03:10:00+00:00,83.44400000000002,83.55000000000003,83.39800000000002,83.53000000000002,209
2026-07-31T03:15:00+00:00,83.53000000000002,83.61000000000001,83.38800000000002,83.46000000000002,362
2026-07-31T03:20:00+00:00,83.46000000000002,83.58000000000001,83.44800000000002,83.52000000000002,228
2026-07-31T03:25:00+00:00,83.52000000000002,83.57500000000002,83.43400000000003,83.52000000000002,257
2026-07-31T03:30:00+00:00,83.52000000000002,83.59800000000001,83.42800000000003,83.48900000000002,307
2026-07-31T03:35:00+00:00,83.48900000000002,83.59900000000002,83.45800000000001,83.58800000000002,184
2026-07-31T03:40:00+00:00,83.58800000000002,83.59400000000002,83.49500000000002,83.57400000000001,185
2026-07-31T03:45:00+00:00,83.57400000000001,83.72000000000001,83.49800000000002,83.69800000000002,251
2026-07-31T03:50:00+00:00,83.69800000000002,83.69800000000002,83.56300000000002,83.56300000000002,199
2026-07-31T03:55:00+00:00,83.56300000000002,83.57400000000001,83.51400000000002,83.54300000000002,118
2026-07-31T04:00:00+00:00,83.54300000000002,83.60000000000002,83.45000000000002,83.45900000000002,289
2026-07-31T04:05:00+00:00,83.45900000000002,83.51900000000002,83.16900000000003,83.20900000000002,343
2026-07-31T04:10:00+00:00,83.20900000000002,83.39000000000001,83.20300000000002,83.31800000000001,213
2026-07-31T04:15:00+00:00,83.31800000000001,83.39000000000001,83.30800000000002,83.35000000000002,184
2026-07-31T04:20:00+00:00,83.35000000000002,83.36800000000002,83.29000000000002,83.30300000000003,94
2026-07-31T04:25:00+00:00,83.30300000000003,83.32900000000002,83.24500000000002,83.29400000000003,242
2026-07-31T04:30:00+00:00,83.29400000000003,83.31500000000003,83.21300000000002,83.22000000000001,435
2026-07-31T04:35:00+00:00,83.22000000000001,83.25400000000002,83.17800000000003,83.21900000000002,359
2026-07-31T04:40:00+00:00,83.21900000000002,83.21900000000002,83.08400000000002,83.09900000000002,386
2026-07-31T04:45:00+00:00,83.09900000000002,83.12500000000001,83.00400000000002,83.11900000000001,432
2026-07-31T04:50:00+00:00,83.11900000000001,83.12800000000001,82.90900000000002,82.96300000000002,347
2026-07-31T04:55:00+00:00,82.96300000000002,82.99800000000002,82.76400000000002,82.77900000000002,660
2026-07-31T05:00:00+00:00,82.77900000000002,82.94500000000002,82.74300000000002,82.83300000000001,616
2026-07-31T05:05:00+00:00,82.83300000000001,83.07400000000001,82.77800000000002,83.01900000000002,513
2026-07-31T05:10:00+00:00,83.01900000000002,83.13800000000002,82.96400000000001,83.06500000000003,405
2026-07-31T05:15:00+00:00,83.06500000000003,83.10900000000002,82.98400000000002,82.99900000000002,284
2026-07-31T05:20:00+00:00,82.99900000000002,83.01000000000002,82.78900000000002,82.83900000000001,340
2026-07-31T05:25:00+00:00,82.83900000000001,82.86800000000002,82.75800000000002,82.84000000000002,333
2026-07-31T05:30:00+00:00,82.84000000000002,82.84000000000002,82.41500000000002,82.66900000000003,1540
2026-07-31T05:35:00+00:00,82.66900000000003,82.72900000000001,82.34900000000002,82.38300000000002,867
2026-07-31T05:40:00+00:00,82.38300000000002,82.64500000000002,82.36900000000001,82.59300000000002,772
2026-07-31T05:45:00+00:00,82.59300000000002,82.64500000000002,82.49800000000002,82.57500000000002,441
2026-07-31T05:50:00+00:00,82.57500000000002,82.81000000000002,82.56800000000001,82.81000000000002,618
2026-07-31T05:55:00+00:00,82.81000000000002,82.83400000000002,82.69000000000003,82.83400000000002,655
2026-07-31T06:00:00+00:00,82.83400000000002,82.95300000000002,82.76400000000002,82.89300000000001,856
2026-07-31T06:05:00+00:00,82.89300000000001,83.12800000000001,82.86300000000001,83.11800000000002,716
2026-07-31T06:10:00+00:00,83.11800000000002,83.11800000000002,82.93300000000002,83.01500000000001,868
2026-07-31T06:15:00+00:00,83.01500000000001,83.19000000000003,82.99300000000002,83.17300000000002,699
2026-07-31T06:20:00+00:00,83.17300000000002,83.42300000000002,83.17300000000002,83.39900000000002,821
2026-07-31T06:25:00+00:00,83.39900000000002,83.42300000000002,83.19800000000002,83.20400000000002,667
2026-07-31T06:30:00+00:00,83.20400000000002,83.32900000000002,83.04300000000002,83.04300000000002,637
2026-07-31T06:35:00+00:00,83.04300000000002,83.10900000000002,82.96000000000002,83.09300000000002,599
2026-07-31T06:40:00+00:00,83.09300000000002,83.21500000000002,83.03800000000003,83.21300000000002,639
2026-07-31T06:45:00+00:00,83.21300000000002,83.31000000000002,83.13800000000002,83.17800000000003,505
2026-07-31T06:50:00+00:00,83.17800000000003,83.32000000000002,83.16800000000002,83.31300000000002,473
2026-07-31T06:55:00+00:00,83.31300000000002,83.33000000000001,83.18400000000003,83.22500000000002,893
2026-07-31T07:00:00+00:00,83.22500000000002,83.67000000000002,83.20500000000001,83.58400000000002,1258
2026-07-31T07:05:00+00:00,83.58400000000002,83.65400000000002,83.47500000000002,83.51400000000002,810
2026-07-31T07:10:00+00:00,83.51400000000002,83.56400000000002,83.46300000000002,83.47800000000002,603
2026-07-31T07:15:00+00:00,83.47800000000002,83.78400000000002,83.47800000000002,83.69900000000001,789
2026-07-31T07:20:00+00:00,83.69900000000001,83.80900000000003,83.66300000000003,83.78500000000003,666
2026-07-31T07:25:00+00:00,83.78500000000003,83.93400000000003,83.71400000000001,83.86400000000002,733
2026-07-31T07:30:00+00:00,83.86400000000002,83.94300000000001,83.64400000000002,83.90400000000002,648
2026-07-31T07:35:00+00:00,83.90400000000002,83.94800000000002,83.77900000000002,83.84500000000001,700
2026-07-31T07:40:00+00:00,83.84500000000001,83.92000000000002,83.64400000000002,83.87500000000001,681
2026-07-31T07:45:00+00:00,83.87500000000001,83.87500000000001,83.69300000000001,83.76000000000002,670
2026-07-31T07:50:00+00:00,83.76000000000002,83.81000000000002,83.41400000000002,83.46800000000002,1061
2026-07-31T07:55:00+00:00,83.46800000000002,83.52800000000002,83.28800000000003,83.44900000000001,926
2026-07-31T08:00:00+00:00,83.44900000000001,83.61500000000002,83.29900000000002,83.33900000000001,1243
2026-07-31T08:05:00+00:00,83.33900000000001,83.45000000000002,83.29300000000002,83.42500000000003,780
2026-07-31T08:10:00+00:00,83.42500000000003,83.55400000000002,83.33900000000001,83.35800000000002,990
2026-07-31T08:15:00+00:00,83.35800000000002,83.39500000000002,83.16300000000003,83.19500000000002,1263
2026-07-31T08:20:00+00:00,83.19500000000002,83.49000000000002,83.17800000000003,83.48300000000002,1368
2026-07-31T08:25:00+00:00,83.48300000000002,83.97000000000001,83.42400000000002,83.97000000000001,2779
2026-07-31T08:30:00+00:00,83.97000000000001,84.07300000000002,83.79800000000002,83.85400000000001,1232
2026-07-31T08:35:00+00:00,83.85400000000001,83.85400000000001,83.64400000000002,83.78500000000003,915
2026-07-31T08:40:00+00:00,83.78500000000003,83.81500000000003,83.57300000000002,83.64400000000002,719
2026-07-31T08:45:00+00:00,83.64400000000002,83.77800000000002,83.48500000000001,83.49400000000001,777
2026-07-31T08:50:00+00:00,83.49400000000001,83.77800000000002,83.45300000000002,83.64900000000002,804
2026-07-31T08:55:00+00:00,83.64900000000002,83.74300000000002,83.44800000000002,83.74300000000002,817
2026-07-31T09:00:00+00:00,83.74300000000002,84.01800000000001,83.72400000000002,84.01500000000001,1137
2026-07-31T09:05:00+00:00,84.01500000000001,84.18400000000003,83.99500000000002,84.13500000000002,850
2026-07-31T09:10:00+00:00,84.13500000000002,84.42400000000002,84.09300000000002,84.41300000000003,814
2026-07-31T09:15:00+00:00,84.41300000000003,84.51500000000001,84.30500000000002,84.46400000000001,1048
2026-07-31T09:20:00+00:00,84.46400000000001,84.60000000000002,84.41300000000003,84.46400000000001,845
2026-07-31T09:25:00+00:00,84.46400000000001,84.47500000000002,84.15500000000002,84.18500000000002,2230
2026-07-31T09:30:00+00:00,84.18500000000002,84.86500000000002,84.18400000000003,84.83300000000001,1160
2026-07-31T09:35:00+00:00,84.83300000000001,84.96500000000002,84.71300000000002,84.81300000000002,890
2026-07-31T09:40:00+00:00,84.81300000000002,84.93000000000002,84.74300000000002,84.92900000000002,720
2026-07-31T09:45:00+00:00,84.92900000000002,85.09000000000002,84.87300000000002,85.00800000000002,858
2026-07-31T09:50:00+00:00,85.00800000000002,85.07500000000002,84.96300000000002,85.04300000000002,675
2026-07-31T09:55:00+00:00,85.04300000000002,85.17500000000003,85.01900000000002,85.09900000000002,615
2026-07-31T10:00:00+00:00,85.09900000000002,85.39500000000002,85.09900000000002,85.28900000000002,1038
2026-07-31T10:05:00+00:00,85.28900000000002,85.31900000000002,85.17400000000002,85.28400000000002,789
2026-07-31T10:10:00+00:00,85.28400000000002,85.39900000000002,85.24300000000002,85.39900000000002,619
2026-07-31T10:15:00+00:00,85.39900000000002,85.42500000000003,85.30500000000002,85.36500000000002,501
2026-07-31T10:20:00+00:00,85.36500000000002,85.36500000000002,85.09300000000002,85.25400000000002,745
2026-07-31T10:25:00+00:00,85.25400000000002,85.30400000000002,85.14800000000002,85.24400000000001,561
2026-07-31T10:30:00+00:00,85.24400000000001,85.34500000000001,85.13400000000001,85.32500000000002,668
2026-07-31T10:35:00+00:00,85.32500000000002,85.55000000000003,85.30400000000002,85.39400000000002,700
2026-07-31T10:40:00+00:00,85.39400000000002,85.48000000000002,85.33400000000002,85.35500000000002,453
2026-07-31T10:45:00+00:00,85.35500000000002,85.45000000000002,85.24900000000002,85.41400000000002,768
2026-07-31T10:50:00+00:00,85.41400000000002,85.41400000000002,85.23400000000002,85.29800000000002,522
2026-07-31T10:55:00+00:00,85.29800000000002,85.60900000000002,85.28800000000003,85.43000000000002,875
2026-07-31T11:00:00+00:00,85.43000000000002,85.58300000000001,85.38400000000001,85.43300000000002,871
2026-07-31T11:05:00+00:00,85.43300000000002,85.60400000000001,85.34300000000002,85.40300000000002,545
2026-07-31T11:10:00+00:00,85.40300000000002,85.42500000000003,85.30400000000002,85.41500000000002,617
2026-07-31T11:15:00+00:00,85.41500000000002,86.04500000000002,85.32400000000001,85.80300000000003,2272
2026-07-31T11:20:00+00:00,85.80300000000003,86.08000000000001,85.75500000000002,85.88800000000002,1447
2026-07-31T11:25:00+00:00,85.88800000000002,86.03500000000003,85.79800000000002,85.91000000000003,1920
2026-07-31T11:30:00+00:00,85.91000000000003,86.12500000000001,85.82500000000002,86.11400000000002,1126
2026-07-31T11:35:00+00:00,86.11400000000002,86.15900000000002,85.94400000000002,86.10400000000001,1063
2026-07-31T11:40:00+00:00,86.10400000000001,86.31000000000002,86.05300000000003,86.25300000000001,1002
2026-07-31T11:45:00+00:00,86.25300000000001,86.30000000000003,86.02000000000002,86.06500000000003,1025
2026-07-31T11:50:00+00:00,86.06500000000003,86.16500000000002,86.01300000000002,86.06400000000002,749
2026-07-31T11:55:00+00:00,86.06400000000002,86.15500000000002,85.98300000000002,86.06000000000002,722
2026-07-31T12:00:00+00:00,86.06000000000002,86.31300000000002,86.04300000000002,86.25500000000002,1046
2026-07-31T12:05:00+00:00,86.25500000000002,86.36900000000001,86.22400000000002,86.29400000000003,719
2026-07-31T12:10:00+00:00,86.29400000000003,86.35300000000002,86.07900000000002,86.13000000000002,698
2026-07-31T12:15:00+00:00,86.13000000000002,86.19800000000002,86.06800000000001,86.08400000000002,645
2026-07-31T12:20:00+00:00,86.08400000000002,86.21800000000002,86.05000000000003,86.20900000000002,513
2026-07-31T12:25:00+00:00,86.20900000000002,86.20900000000002,86.03300000000002,86.09000000000002,575
2026-07-31T12:30:00+00:00,86.09000000000002,86.16500000000002,85.93800000000002,86.07800000000002,758
2026-07-31T12:35:00+00:00,86.07800000000002,86.13500000000002,85.91800000000002,85.97400000000002,902
2026-07-31T12:40:00+00:00,85.97400000000002,86.02000000000002,85.81000000000002,85.99300000000002,906
2026-07-31T12:45:00+00:00,85.99300000000002,86.34400000000002,85.96800000000002,86.19400000000002,1062
2026-07-31T12:50:00+00:00,86.19400000000002,86.36500000000002,86.12300000000002,86.21500000000002,1041
2026-07-31T12:55:00+00:00,86.21500000000002,86.72000000000001,86.17900000000002,86.37800000000001,1522
2026-07-31T13:00:00+00:00,86.37800000000001,86.44900000000001,85.93800000000002,86.14500000000002,2199
2026-07-31T13:05:00+00:00,86.14500000000002,86.28400000000002,86.09800000000001,86.13300000000002,1260
2026-07-31T13:10:00+00:00,86.13300000000002,86.32300000000002,86.00400000000002,86.30300000000003,1132
2026-07-31T13:15:00+00:00,86.30300000000003,86.42300000000002,86.27800000000002,86.30500000000002,1229
2026-07-31T13:20:00+00:00,86.30500000000002,86.46400000000001,86.27300000000002,86.43400000000003,1137
2026-07-31T13:25:00+00:00,86.43400000000003,86.51500000000001,86.06300000000002,86.16800000000002,2295
2026-07-31T13:30:00+00:00,86.16800000000002,86.40000000000002,86.08500000000002,86.12000000000002,1247
2026-07-31T13:35:00+00:00,86.12000000000002,86.35900000000002,86.10500000000002,86.35500000000002,1054
2026-07-31T13:40:00+00:00,86.35500000000002,86.59500000000001,86.29300000000002,86.30900000000003,1334
2026-07-31T13:45:00+00:00,86.30900000000003,86.45000000000002,86.25400000000002,86.36500000000002,879
2026-07-31T13:50:00+00:00,86.36500000000002,86.41500000000002,86.13300000000002,86.20300000000002,1016
2026-07-31T13:55:00+00:00,86.20300000000002,86.29500000000002,86.11400000000002,86.24000000000002,983
2026-07-31T14:00:00+00:00,86.24000000000002,86.29800000000002,86.08300000000001,86.18500000000002,1277
2026-07-31T14:05:00+00:00,86.18500000000002,86.21500000000002,85.59300000000002,85.68400000000003,1247
2026-07-31T14:10:00+00:00,85.68400000000003,85.95400000000002,85.57500000000002,85.85900000000002,1114
2026-07-31T14:15:00+00:00,85.85900000000002,86.00500000000002,85.82300000000002,85.83800000000002,974
2026-07-31T14:20:00+00:00,85.83800000000002,85.91000000000003,85.69500000000002,85.72500000000002,991
2026-07-31T14:25:00+00:00,85.72500000000002,85.84500000000001,85.66900000000003,85.83500000000002,829
2026-07-31T14:30:00+00:00,85.83500000000002,86.02000000000002,85.82000000000002,86.01400000000002,1176
2026-07-31T14:35:00+00:00,86.01400000000002,86.20300000000002,85.95500000000001,86.15900000000002,814
2026-07-31T14:40:00+00:00,86.15900000000002,86.19500000000002,86.10800000000002,86.10900000000002,662
2026-07-31T14:45:00+00:00,86.10900000000002,86.44500000000002,86.09400000000002,86.41400000000002,781
2026-07-31T14:50:00+00:00,86.41400000000002,86.45000000000002,86.22300000000001,86.26900000000002,908
2026-07-31T14:55:00+00:00,86.26900000000002,86.35500000000002,86.19300000000001,86.29400000000003,774
2026-07-31T15:00:00+00:00,86.29400000000003,86.42400000000002,86.26300000000002,86.39800000000002,956
2026-07-31T15:05:00+00:00,86.39800000000002,86.47000000000001,86.35300000000002,86.42000000000002,743
2026-07-31T15:10:00+00:00,86.42000000000002,86.43800000000002,86.27000000000002,86.33800000000002,687
2026-07-31T15:15:00+00:00,86.33800000000002,86.44800000000002,86.16300000000003,86.16800000000002,1261
2026-07-31T15:20:00+00:00,86.16800000000002,86.28500000000003,86.12300000000002,86.26800000000001,1210
2026-07-31T15:25:00+00:00,86.26800000000001,86.27400000000002,85.82500000000002,86.04400000000003,2096
2026-07-31T15:30:00+00:00,86.04400000000003,86.12500000000001,85.70800000000001,85.73300000000002,1292
2026-07-31T15:35:00+00:00,85.73300000000002,85.94400000000002,85.72300000000001,85.85900000000002,988
2026-07-31T15:40:00+00:00,85.85900000000002,85.86400000000002,85.53400000000002,85.58300000000001,1159
2026-07-31T15:45:00+00:00,85.58300000000001,85.60400000000001,85.16900000000003,85.23800000000001,1390
2026-07-31T15:50:00+00:00,85.23800000000001,85.27800000000002,84.80800000000002,84.89900000000002,1642
2026-07-31T15:55:00+00:00,84.89900000000002,85.10900000000002,84.85900000000002,84.93900000000002,1280
2026-07-31T16:00:00+00:00,84.93900000000002,85.15400000000002,84.93300000000002,85.09500000000001,1217
2026-07-31T16:05:00+00:00,85.09500000000001,85.16400000000002,85.02900000000002,85.09000000000002,790
2026-07-31T16:10:00+00:00,85.09000000000002,85.26300000000002,84.94400000000002,85.19300000000001,1247
2026-07-31T16:15:00+00:00,85.19300000000001,85.41900000000003,85.15300000000002,85.26800000000001,1088
2026-07-31T16:20:00+00:00,85.26800000000001,85.33800000000002,85.12400000000002,85.17500000000003,1009
2026-07-31T16:25:00+00:00,85.17500000000003,85.34400000000002,85.11300000000001,85.15300000000002,961
2026-07-31T16:30:00+00:00,85.15300000000002,85.33400000000002,85.15300000000002,85.22500000000002,747
2026-07-31T16:35:00+00:00,85.22500000000002,85.36500000000002,85.20400000000002,85.24400000000001,588
2026-07-31T16:40:00+00:00,85.24400000000001,85.46800000000002,85.20000000000002,85.45800000000001,682
2026-07-31T16:45:00+00:00,85.45800000000001,85.50900000000001,85.37800000000001,85.43000000000002,628
2026-07-31T16:50:00+00:00,85.43000000000002,85.43300000000002,85.31400000000002,85.41800000000002,732
2026-07-31T16:55:00+00:00,85.41800000000002,85.56500000000003,85.41800000000002,85.51400000000002,921
2026-07-31T17:00:00+00:00,85.51400000000002,85.67500000000003,85.51400000000002,85.65500000000002,956
2026-07-31T17:05:00+00:00,85.65500000000002,85.65500000000002,85.41300000000003,85.64800000000002,794
2026-07-31T17:10:00+00:00,85.64800000000002,85.90500000000002,85.64400000000002,85.82000000000002,1132
2026-07-31T17:15:00+00:00,85.82000000000002,85.84500000000001,85.58300000000001,85.58900000000001,840
2026-07-31T17:20:00+00:00,85.58900000000001,85.70900000000002,85.58900000000001,85.69300000000001,665
2026-07-31T17:25:00+00:00,85.69300000000001,85.78400000000002,85.54800000000002,85.65500000000002,830
2026-07-31T17:30:00+00:00,85.65500000000002,85.84500000000001,85.65500000000002,85.72400000000002,719
2026-07-31T17:35:00+00:00,85.72400000000002,85.77400000000002,85.57400000000001,85.59500000000001,839
2026-07-31T17:40:00+00:00,85.59500000000001,85.96500000000002,85.56800000000001,85.87500000000001,768
2026-07-31T17:45:00+00:00,85.87500000000001,85.93500000000002,85.79300000000002,85.92500000000003,698
2026-07-31T17:50:00+00:00,85.92500000000003,85.93500000000002,85.70300000000002,85.77500000000002,1014
2026-07-31T17:55:00+00:00,85.77500000000002,85.83500000000002,85.67800000000003,85.68000000000002,894
2026-07-31T18:00:00+00:00,85.68000000000002,85.79000000000002,85.63900000000002,85.75500000000002,1014
2026-07-31T18:05:00+00:00,85.75500000000002,86.07500000000002,85.74300000000002,85.85300000000002,1365
2026-07-31T18:10:00+00:00,85.85300000000002,85.87800000000001,85.71800000000002,85.85400000000001,1046
2026-07-31T18:15:00+00:00,85.85400000000001,86.01800000000001,85.84400000000002,86.00000000000001,950
2026-07-31T18:20:00+00:00,86.00000000000001,86.20000000000002,85.78800000000003,85.80500000000002,1168
2026-07-31T18:25:00+00:00,85.80500000000002,85.88000000000002,85.49900000000002,85.54300000000002,2627
2026-07-31T18:30:00+00:00,85.54300000000002,85.66400000000002,85.46000000000002,85.62800000000001,864
2026-07-31T18:35:00+00:00,85.62800000000001,85.68900000000002,85.54800000000002,85.58300000000001,385
2026-07-31T18:40:00+00:00,85.58300000000001,85.69800000000002,85.56300000000002,85.66400000000002,481
2026-07-31T18:45:00+00:00,85.66400000000002,85.69500000000002,85.62800000000001,85.64400000000002,313
2026-07-31T18:50:00+00:00,85.64400000000002,85.71500000000002,85.57400000000001,85.60300000000002,270
2026-07-31T18:55:00+00:00,85.60300000000002,85.65000000000002,85.55400000000002,85.64300000000001,309
2026-07-31T19:00:00+00:00,85.64300000000001,85.80000000000003,85.59800000000001,85.73000000000002,380
2026-07-31T19:05:00+00:00,85.73000000000002,85.83900000000001,85.73000000000002,85.79800000000002,271
2026-07-31T19:10:00+00:00,85.79800000000002,85.87500000000001,85.76800000000001,85.81500000000003,227
2026-07-31T19:15:00+00:00,85.81500000000003,85.93500000000002,85.81300000000002,85.93500000000002,206
2026-07-31T19:20:00+00:00,85.93500000000002,86.12500000000001,85.93300000000002,86.11900000000001,305
2026-07-31T19:25:00+00:00,86.11900000000001,86.13500000000002,86.03900000000002,86.03900000000002,296
2026-07-31T19:30:00+00:00,86.03900000000002,86.13000000000002,86.01400000000002,86.10400000000001,228
2026-07-31T19:35:00+00:00,86.10400000000001,86.11500000000002,85.91800000000002,85.96800000000002,209
2026-07-31T19:40:00+00:00,85.96800000000002,85.99400000000001,85.89300000000001,85.94900000000001,265
2026-07-31T19:45:00+00:00,85.94900000000001,85.99500000000002,85.86900000000001,85.87300000000002,164
2026-07-31T19:50:00+00:00,85.87300000000002,85.95500000000001,85.86900000000001,85.92900000000002,321
2026-07-31T19:55:00+00:00,85.92900000000002,85.98800000000001,85.89400000000002,85.91000000000003,420
2026-07-31T20:00:00+00:00,85.91000000000003,85.96000000000002,85.84800000000001,85.86500000000002,340
2026-07-31T20:05:00+00:00,85.86500000000002,85.87300000000002,85.68800000000002,85.69400000000002,341
2026-07-31T20:10:00+00:00,85.69400000000002,85.72900000000001,85.65900000000002,85.68900000000002,335
2026-07-31T20:15:00+00:00,85.68900000000002,85.73000000000002,85.64300000000001,85.67300000000002,315
2026-07-31T20:20:00+00:00,85.67300000000002,85.69000000000003,85.55900000000003,85.58900000000001,311
2026-07-31T20:25:00+00:00,85.58900000000001,85.72000000000001,85.56300000000002,85.72000000000001,243
2026-07-31T20:30:00+00:00,85.72000000000001,85.88300000000002,85.56300000000002,85.56300000000002,583
2026-07-31T20:35:00+00:00,85.56300000000002,85.64900000000002,85.53900000000002,85.58900000000001,270
2026-07-31T20:40:00+00:00,85.58900000000001,85.74000000000002,85.58300000000001,85.65800000000002,280
2026-08-03T00:00:00+00:00,85.65800000000002,85.78400000000002,81.71900000000002,81.78200000000002,635.9700760363012
2026-08-03T00:05:00+00:00,81.78200000000002,81.84400000000002,81.66200000000002,81.70700000000002,331
2026-08-03T00:10:00+00:00,81.70700000000002,81.83800000000002,81.67900000000002,81.72900000000003,296
2026-08-03T00:15:00+00:00,81.72900000000003,81.72900000000003,81.56700000000002,81.63200000000002,350
2026-08-03T00:20:00+00:00,81.63200000000002,81.73800000000003,81.50200000000002,81.52900000000002,319
2026-08-03T00:25:00+00:00,81.52900000000002,81.60300000000002,81.49700000000003,81.51300000000002,293
2026-08-03T00:30:00+00:00,81.51300000000002,81.58200000000002,81.37700000000002,81.47900000000003,435
2026-08-03T00:35:00+00:00,81.47900000000003,81.56700000000002,81.46700000000003,81.51200000000003,270
2026-08-03T00:40:00+00:00,81.51200000000003,81.64900000000003,81.49200000000002,81.55200000000002,260
2026-08-03T00:45:00+00:00,81.55200000000002,81.74400000000003,81.55200000000002,81.63800000000002,308
2026-08-03T00:50:00+00:00,81.63800000000002,81.83400000000002,81.63800000000002,81.83400000000002,336
2026-08-03T00:55:00+00:00,81.83400000000002,81.87700000000002,81.73200000000003,81.77400000000003,315
2026-08-03T01:00:00+00:00,81.77400000000003,81.97900000000003,81.51400000000002,81.67800000000003,1832
2026-08-03T01:05:00+00:00,81.67800000000003,81.87900000000002,81.59800000000003,81.87900000000002,969
2026-08-03T01:10:00+00:00,81.87900000000002,81.91800000000002,81.70300000000002,81.88400000000003,611
2026-08-03T01:15:00+00:00,81.88400000000003,81.90200000000002,81.71300000000002,81.81900000000002,715
2026-08-03T01:20:00+00:00,81.81900000000002,81.94900000000003,81.77700000000002,81.90900000000002,455
2026-08-03T01:25:00+00:00,81.90900000000002,81.92200000000003,81.54200000000002,81.58800000000002,489
2026-08-03T01:30:00+00:00,81.58800000000002,81.60400000000003,81.46200000000002,81.52700000000002,486
2026-08-03T01:35:00+00:00,81.52700000000002,81.75200000000002,81.51200000000003,81.73300000000002,545
2026-08-03T01:40:00+00:00,81.73300000000002,81.79200000000002,81.42800000000003,81.42900000000002,648
2026-08-03T01:45:00+00:00,81.42900000000002,81.53300000000002,81.34200000000003,81.49400000000003,531
2026-08-03T01:50:00+00:00,81.49400000000003,81.49900000000002,81.33700000000002,81.40700000000002,423
2026-08-03T01:55:00+00:00,81.40700000000002,81.42300000000002,81.34200000000003,81.41900000000003,304
2026-08-03T02:00:00+00:00,81.41900000000003,81.41900000000003,81.21700000000003,81.37700000000002,569
2026-08-03T02:05:00+00:00,81.37700000000002,81.49400000000003,81.30300000000003,81.48800000000003,567
2026-08-03T02:10:00+00:00,81.48800000000003,81.56400000000002,81.46200000000002,81.52200000000002,411
2026-08-03T02:15:00+00:00,81.52200000000002,81.62400000000002,81.51200000000003,81.58200000000002,256
2026-08-03T02:20:00+00:00,81.58200000000002,81.61800000000002,81.48200000000003,81.50300000000003,290
2026-08-03T02:25:00+00:00,81.50300000000003,81.61400000000002,81.45400000000002,81.53800000000003,331
2026-08-03T02:30:00+00:00,81.53800000000003,81.80400000000002,81.44700000000002,81.55300000000003,704
2026-08-03T02:35:00+00:00,81.55300000000003,81.69400000000002,81.48300000000002,81.68400000000003,571
2026-08-03T02:40:00+00:00,81.68400000000003,81.77400000000003,81.66400000000002,81.71400000000003,471
2026-08-03T02:45:00+00:00,81.71400000000003,81.71400000000003,81.51200000000003,81.60400000000003,427
2026-08-03T02:50:00+00:00,81.60400000000003,81.65400000000002,81.32200000000002,81.41300000000003,529
2026-08-03T02:55:00+00:00,81.41300000000003,81.41300000000003,81.13200000000002,81.19400000000002,644
2026-08-03T03:00:00+00:00,81.19400000000002,81.36400000000002,81.13200000000002,81.25700000000002,580
2026-08-03T03:05:00+00:00,81.25700000000002,81.38200000000002,81.22400000000002,81.36400000000002,397
2026-08-03T03:10:00+00:00,81.36400000000002,81.42400000000002,81.32900000000002,81.32900000000002,337
2026-08-03T03:15:00+00:00,81.32900000000002,81.35200000000002,81.17800000000003,81.17800000000003,256
2026-08-03T03:20:00+00:00,81.17800000000003,81.36400000000002,81.14400000000002,81.35700000000003,270
2026-08-03T03:25:00+00:00,81.35700000000003,81.42200000000003,81.34200000000003,81.38200000000002,305
2026-08-03T03:30:00+00:00,81.38200000000002,81.49400000000003,81.37200000000003,81.46300000000002,477
2026-08-03T03:35:00+00:00,81.46300000000002,81.51300000000002,81.43200000000002,81.45300000000002,275
2026-08-03T03:40:00+00:00,81.45300000000002,81.57400000000003,81.43700000000003,81.56900000000002,189
2026-08-03T03:45:00+00:00,81.56900000000002,81.58700000000002,81.41800000000002,81.44400000000002,157
2026-08-03T03:50:00+00:00,81.44400000000002,81.44400000000002,81.29400000000003,81.30200000000002,244
2026-08-03T03:55:00+00:00,81.30200000000002,81.33800000000002,81.21200000000002,81.23400000000002,192
2026-08-03T04:00:00+00:00,81.23400000000002,81.28700000000002,81.18200000000002,81.26300000000002,278
2026-08-03T04:05:00+00:00,81.26300000000002,81.29400000000003,81.22200000000002,81.27200000000002,144
2026-08-03T04:10:00+00:00,81.27200000000002,81.29900000000002,81.25200000000002,81.28200000000002,131
2026-08-03T04:15:00+00:00,81.28200000000002,81.29800000000002,81.21300000000002,81.26200000000003,120
2026-08-03T04:20:00+00:00,81.26200000000003,81.28400000000002,81.18300000000002,81.20900000000002,186
2026-08-03T04:25:00+00:00,81.20900000000002,81.22800000000002,81.15700000000002,81.19800000000002,261
2026-08-03T04:30:00+00:00,81.19800000000002,81.34900000000002,81.19800000000002,81.33300000000003,197
2026-08-03T04:35:00+00:00,81.33300000000003,81.34700000000002,81.25200000000002,81.25400000000002,129
2026-08-03T04:40:00+00:00,81.25400000000002,81.36900000000003,81.23800000000003,81.34400000000002,187
2026-08-03T04:45:00+00:00,81.34400000000002,81.34400000000002,81.16700000000002,81.18400000000003,180
2026-08-03T04:50:00+00:00,81.18400000000003,81.19200000000002,81.13400000000003,81.14400000000002,184
2026-08-03T04:55:00+00:00,81.14400000000002,81.20900000000002,81.11700000000002,81.12800000000003,282
2026-08-03T05:00:00+00:00,81.12800000000003,81.19200000000002,81.05400000000002,81.11900000000003,435
2026-08-03T05:05:00+00:00,81.11900000000003,81.13800000000002,80.98200000000003,81.10800000000002,375
2026-08-03T05:10:00+00:00,81.10800000000002,81.12300000000002,80.96200000000002,81.01700000000002,305
2026-08-03T05:15:00+00:00,81.01700000000002,81.07800000000002,80.99900000000002,81.06400000000002,223
2026-08-03T05:20:00+00:00,81.06400000000002,81.06900000000002,80.96800000000002,81.03700000000002,176
2026-08-03T05:25:00+00:00,81.03700000000002,81.06200000000003,80.95700000000002,81.03900000000002,236
2026-08-03T05:30:00+00:00,81.03900000000002,81.09900000000002,80.95800000000003,81.01800000000003,604
2026-08-03T05:35:00+00:00,81.01800000000003,81.11900000000003,80.96200000000002,81.08200000000002,533
2026-08-03T05:40:00+00:00,81.08200000000002,81.22700000000002,81.05400000000002,81.20200000000003,489
2026-08-03T05:45:00+00:00,81.20200000000003,81.36400000000002,81.20200000000003,81.36200000000002,564
2026-08-03T05:50:00+00:00,81.36200000000002,81.47400000000002,81.30700000000002,81.42400000000002,801
2026-08-03T05:55:00+00:00,81.42400000000002,81.43900000000002,81.23200000000003,81.23200000000003,585
2026-08-03T06:00:00+00:00,81.23200000000003,81.31300000000002,81.17200000000003,81.25300000000003,837
2026-08-03T06:05:00+00:00,81.25300000000003,81.25900000000003,81.12700000000002,81.15800000000002,542
2026-08-03T06:10:00+00:00,81.15800000000002,81.16900000000003,80.92700000000002,80.96400000000003,535
2026-08-03T06:15:00+00:00,80.96400000000003,81.05800000000002,80.92300000000002,81.04900000000002,708
2026-08-03T06:20:00+00:00,81.04900000000002,81.12400000000002,81.00800000000002,81.05700000000002,525
2026-08-03T06:25:00+00:00,81.05700000000002,81.07900000000002,80.79300000000002,80.82800000000002,641
2026-08-03T06:30:00+00:00,80.82800000000002,80.95900000000002,80.75700000000002,80.84800000000003,785
2026-08-03T06:35:00+00:00,80.84800000000003,80.95700000000002,80.83800000000002,80.87300000000002,614
2026-08-03T06:40:00+00:00,80.87300000000002,80.90400000000002,80.52800000000002,80.63700000000003,923
2026-08-03T06:45:00+00:00,80.63700000000003,80.73900000000002,80.54700000000003,80.65900000000002,675
2026-08-03T06:50:00+00:00,80.65900000000002,80.71900000000002,80.48800000000003,80.50900000000003,699
2026-08-03T06:55:00+00:00,80.50900000000003,80.67900000000002,80.43900000000002,80.64800000000002,654
2026-08-03T07:00:00+00:00,80.64800000000002,81.13400000000003,80.61800000000002,81.05900000000003,1357
2026-08-03T07:05:00+00:00,81.05900000000003,81.20900000000002,80.96700000000003,81.12900000000002,1080
2026-08-03T07:10:00+00:00,81.12900000000002,81.31900000000002,81.11700000000002,81.31900000000002,1092
2026-08-03T07:15:00+00:00,81.31900000000002,82.10200000000002,81.23700000000002,81.84400000000002,1978
2026-08-03T07:20:00+00:00,81.84400000000002,81.95700000000002,81.28800000000003,81.41300000000003,1632
2026-08-03T07:25:00+00:00,81.41300000000003,81.56400000000002,81.33700000000002,81.53800000000003,964
2026-08-03T07:30:00+00:00,81.53800000000003,81.59300000000002,81.39700000000002,81.57700000000003,1111
2026-08-03T07:35:00+00:00,81.57700000000003,81.89900000000003,81.55700000000002,81.87200000000003,885
2026-08-03T07:40:00+00:00,81.87200000000003,81.88400000000003,81.60800000000002,81.79900000000002,905
2026-08-03T07:45:00+00:00,81.79900000000002,81.83400000000002,81.35800000000002,81.35800000000002,950
2026-08-03T07:50:00+00:00,81.35800000000002,81.39700000000002,81.09800000000003,81.20700000000002,1014
2026-08-03T07:55:00+00:00,81.20700000000002,81.46900000000002,81.19200000000002,81.46900000000002,1077
2026-08-03T08:00:00+00:00,81.46900000000002,81.59700000000002,81.30200000000002,81.58700000000002,1286
2026-08-03T08:05:00+00:00,81.58700000000002,81.77900000000002,81.49800000000002,81.76900000000002,1212
2026-08-03T08:10:00+00:00,81.76900000000002,81.78800000000003,81.56200000000003,81.57700000000003,704
2026-08-03T08:15:00+00:00,81.57700000000003,81.94900000000003,81.57700000000003,81.83700000000002,1169
2026-08-03T08:20:00+00:00,81.83700000000002,81.91700000000002,81.66800000000002,81.75700000000002,1445
2026-08-03T08:25:00+00:00,81.75700000000002,81.98900000000002,81.68300000000002,81.70400000000002,2312
2026-08-03T08:30:00+00:00,81.70400000000002,82.12300000000002,81.61800000000002,81.87800000000003,1368
2026-08-03T08:35:00+00:00,81.87800000000003,82.12300000000002,81.77900000000002,81.99200000000002,1126
2026-08-03T08:40:00+00:00,81.99200000000002,82.30200000000002,81.89200000000002,82.19200000000002,1498
2026-08-03T08:45:00+00:00,82.19200000000002,82.47300000000003,82.15700000000002,82.36800000000002,1230
2026-08-03T08:50:00+00:00,82.36800000000002,82.45400000000002,82.10800000000002,82.11300000000003,1029
2026-08-03T08:55:00+00:00,82.11300000000003,82.13400000000003,81.81200000000003,81.92700000000002,1105
2026-08-03T09:00:00+00:00,81.92700000000002,81.99300000000002,81.76200000000003,81.96800000000002,981
2026-08-03T09:05:00+00:00,81.96800000000002,81.96800000000002,81.85200000000002,81.85800000000002,604
2026-08-03T09:10:00+00:00,81.85800000000002,81.85900000000002,81.44200000000002,81.55700000000002,863
2026-08-03T09:15:00+00:00,81.55700000000002,81.71400000000003,81.54200000000002,81.54200000000002,784
2026-08-03T09:20:00+00:00,81.54200000000002,81.56400000000002,81.43300000000002,81.55900000000003,566
2026-08-03T09:25:00+00:00,81.55900000000003,81.63200000000002,81.45700000000002,81.57700000000003,659
2026-08-03T09:30:00+00:00,81.57700000000003,81.58900000000003,81.32800000000002,81.44800000000002,750
2026-08-03T09:35:00+00:00,81.44800000000002,81.55400000000002,81.24900000000002,81.55400000000002,710
2026-08-03T09:40:00+00:00,81.55400000000002,81.81300000000002,81.55200000000002,81.65200000000002,642
2026-08-03T09:45:00+00:00,81.65200000000002,81.69400000000002,81.48700000000002,81.51200000000003,725
2026-08-03T09:50:00+00:00,81.51200000000003,81.73800000000003,81.45200000000003,81.72900000000003,1076
2026-08-03T09:55:00+00:00,81.72900000000003,81.86800000000002,81.62700000000002,81.83900000000003,981
2026-08-03T10:00:00+00:00,81.83900000000003,81.83900000000003,81.60700000000003,81.68300000000002,880
2026-08-03T10:05:00+00:00,81.68300000000002,81.78900000000002,81.56800000000003,81.58300000000003,602
2026-08-03T10:10:00+00:00,81.58300000000003,81.63800000000002,81.46800000000002,81.54700000000003,702
2026-08-03T10:15:00+00:00,81.54700000000003,81.57900000000002,81.45700000000002,81.56400000000002,620
2026-08-03T10:20:00+00:00,81.56400000000002,81.65200000000002,81.45400000000002,81.54900000000002,619
2026-08-03T10:25:00+00:00,81.54900000000002,81.64900000000003,81.52700000000002,81.60400000000003,666
2026-08-03T10:30:00+00:00,81.60400000000003,81.63200000000002,81.38900000000002,81.38900000000002,539
2026-08-03T10:35:00+00:00,81.38900000000002,81.45900000000002,81.27900000000002,81.30200000000002,726
2026-08-03T10:40:00+00:00,81.30200000000002,81.40800000000002,81.13900000000002,81.36400000000002,786
2026-08-03T10:45:00+00:00,81.36400000000002,81.36400000000002,81.17300000000002,81.29200000000002,547
2026-08-03T10:50:00+00:00,81.29200000000002,81.41900000000003,81.16700000000002,81.38900000000002,744
2026-08-03T10:55:00+00:00,81.38900000000002,81.39900000000003,81.30700000000002,81.34200000000003,560
2026-08-03T11:00:00+00:00,81.34200000000003,81.42800000000003,81.25700000000002,81.35900000000002,880
2026-08-03T11:05:00+00:00,81.35900000000002,81.35900000000002,81.13400000000003,81.25900000000003,654
2026-08-03T11:10:00+00:00,81.25900000000003,81.31700000000002,81.15200000000002,81.29200000000002,471
2026-08-03T11:15:00+00:00,81.29200000000002,81.43800000000002,81.23700000000002,81.23700000000002,591
2026-08-03T11:20:00+00:00,81.23700000000002,81.36900000000003,81.22700000000002,81.33400000000002,551
2026-08-03T11:25:00+00:00,81.33400000000002,81.47900000000003,81.27800000000002,81.45900000000002,686
2026-08-03T11:30:00+00:00,81.45900000000002,81.47400000000002,81.36200000000002,81.44700000000002,739
2026-08-03T11:35:00+00:00,81.44700000000002,81.55200000000002,81.36200000000002,81.39400000000002,506
2026-08-03T11:40:00+00:00,81.39400000000002,81.39900000000003,81.18200000000002,81.23700000000002,655
2026-08-03T11:45:00+00:00,81.23700000000002,81.34800000000003,81.01800000000003,81.01800000000003,598
2026-08-03T11:50:00+00:00,81.01800000000003,81.08900000000003,80.91700000000002,80.96800000000002,849
2026-08-03T11:55:00+00:00,80.96800000000002,80.99200000000002,80.68200000000002,80.69300000000003,896
2026-08-03T12:00:00+00:00,80.69300000000003,80.89400000000002,80.64300000000003,80.76300000000002,1091
2026-08-03T12:05:00+00:00,80.76300000000002,80.85900000000002,80.68700000000003,80.81300000000002,947
2026-08-03T12:10:00+00:00,80.81300000000002,80.85400000000003,80.72700000000002,80.74400000000003,745
2026-08-03T12:15:00+00:00,80.74400000000003,80.78200000000002,80.61800000000002,80.62900000000002,763
2026-08-03T12:20:00+00:00,80.62900000000002,80.89900000000003,80.62700000000002,80.89400000000002,918
2026-08-03T12:25:00+00:00,80.89400000000002,81.05800000000002,80.80700000000002,80.97300000000003,856
2026-08-03T12:30:00+00:00,80.97300000000003,80.97300000000003,80.67200000000003,80.79700000000003,1025
2026-08-03T12:35:00+00:00,80.79700000000003,80.90200000000002,80.71200000000002,80.77900000000002,722
2026-08-03T12:40:00+00:00,80.77900000000002,80.84400000000002,80.69200000000002,80.72200000000002,714
2026-08-03T12:45:00+00:00,80.72200000000002,81.05700000000002,80.60400000000003,81.04300000000002,1306
2026-08-03T12:50:00+00:00,81.04300000000002,81.06400000000002,80.85400000000003,80.85800000000002,1385
2026-08-03T12:55:00+00:00,80.85800000000002,80.89700000000002,80.68300000000002,80.80200000000002,1317
2026-08-03T13:00:00+00:00,80.80200000000002,80.86900000000003,80.68200000000002,80.85700000000003,1754
2026-08-03T13:05:00+00:00,80.85700000000003,80.97900000000003,80.69200000000002,80.76700000000002,1653
2026-08-03T13:10:00+00:00,80.76700000000002,81.34200000000003,80.73700000000002,81.33800000000002,1771
2026-08-03T13:15:00+00:00,81.33800000000002,81.37400000000002,81.15200000000002,81.22300000000003,1506
2026-08-03T13:20:00+00:00,81.22300000000003,81.41800000000002,81.15200000000002,81.41200000000002,1281
2026-08-03T13:25:00+00:00,81.41200000000002,81.48700000000002,81.34700000000002,81.35400000000003,1459
2026-08-03T13:30:00+00:00,81.35400000000003,81.43700000000003,80.74800000000002,80.78700000000002,1487
2026-08-03T13:35:00+00:00,80.78700000000002,80.89900000000003,80.74800000000002,80.76200000000003,951
2026-08-03T13:40:00+00:00,80.76200000000003,80.76900000000002,80.52700000000002,80.68900000000002,1011
2026-08-03T13:45:00+00:00,80.68900000000002,80.72200000000002,80.54700000000003,80.64900000000003,778
2026-08-03T13:50:00+00:00,80.64900000000003,80.87400000000002,80.59700000000002,80.81300000000002,919
2026-08-03T13:55:00+00:00,80.81300000000002,81.07200000000002,80.76200000000003,80.98900000000002,972
2026-08-03T14:00:00+00:00,80.98900000000002,81.11400000000002,80.92800000000003,81.02700000000002,1029
2026-08-03T14:05:00+00:00,81.02700000000002,81.14300000000003,80.95400000000002,81.13400000000003,833
2026-08-03T14:10:00+00:00,81.13400000000003,81.26400000000002,81.08300000000003,81.19700000000002,988
2026-08-03T14:15:00+00:00,81.19700000000002,81.33400000000002,81.13400000000003,81.24200000000002,797
2026-08-03T14:20:00+00:00,81.24200000000002,81.24200000000002,80.99200000000002,81.16700000000002,849
2026-08-03T14:25:00+00:00,81.16700000000002,81.17900000000002,81.02300000000002,81.13200000000002,753
2026-08-03T14:30:00+00:00,81.13200000000002,81.48400000000002,81.13200000000002,81.28200000000002,1111
2026-08-03T14:35:00+00:00,81.28200000000002,81.37300000000002,81.12700000000002,81.31300000000002,1124
2026-08-03T14:40:00+00:00,81.31300000000002,81.39900000000003,81.19800000000002,81.33900000000003,918
2026-08-03T14:45:00+00:00,81.33900000000003,81.40400000000002,81.24700000000003,81.35800000000002,775
2026-08-03T14:50:00+00:00,81.35800000000002,81.48400000000002,81.23300000000002,81.47400000000002,1330
2026-08-03T14:55:00+00:00,81.47400000000002,81.58300000000003,81.41400000000002,81.58300000000003,861
2026-08-03T15:00:00+00:00,81.58300000000003,81.86400000000002,81.58300000000003,81.69700000000002,1351
2026-08-03T15:05:00+00:00,81.69700000000002,81.73800000000003,81.38700000000003,81.40400000000002,1520
2026-08-03T15:10:00+00:00,81.40400000000002,81.61900000000003,81.40400000000002,81.60900000000002,1037
2026-08-03T15:15:00+00:00,81.60900000000002,81.60900000000002,81.50300000000003,81.51700000000002,978
2026-08-03T15:20:00+00:00,81.51700000000002,81.74400000000003,81.50300000000003,81.73700000000002,1171
2026-08-03T15:25:00+00:00,81.73700000000002,82.33900000000003,81.69800000000002,82.12300000000002,3848
2026-08-03T15:30:00+00:00,82.12300000000002,82.12300000000002,81.73700000000002,81.75900000000003,1488
2026-08-03T15:35:00+00:00,81.75900000000003,81.75900000000003,81.50700000000002,81.69800000000002,1144
2026-08-03T15:40:00+00:00,81.69800000000002,81.85700000000003,81.64900000000003,81.83900000000003,1015
2026-08-03T15:45:00+00:00,81.83900000000003,81.91300000000003,81.68200000000002,81.70400000000002,755
2026-08-03T15:50:00+00:00,81.70400000000002,81.73300000000002,81.59300000000002,81.67800000000003,949
2026-08-03T15:55:00+00:00,81.67800000000003,81.78400000000002,81.63200000000002,81.63900000000002,882
2026-08-03T16:00:00+00:00,81.63900000000002,81.63900000000002,81.47300000000003,81.54200000000002,739
2026-08-03T16:05:00+00:00,81.54200000000002,81.61300000000003,81.44400000000002,81.50900000000003,693
2026-08-03T16:10:00+00:00,81.50900000000003,81.65200000000002,81.50900000000003,81.58800000000002,675
2026-08-03T16:15:00+00:00,81.58800000000002,81.63900000000002,81.54200000000002,81.54400000000003,555
2026-08-03T16:20:00+00:00,81.54400000000003,81.54400000000003,81.38200000000002,81.40700000000002,623
2026-08-03T16:25:00+00:00,81.40700000000002,81.52300000000002,81.27700000000002,81.37200000000003,1106
2026-08-03T16:30:00+00:00,81.37200000000003,81.61700000000002,81.34700000000002,81.54800000000002,1311
2026-08-03T16:35:00+00:00,81.54800000000002,81.69800000000002,81.51900000000002,81.61800000000002,765
2026-08-03T16:40:00+00:00,81.61800000000002,81.65200000000002,81.51400000000002,81.51400000000002,641
2026-08-03T16:45:00+00:00,81.51400000000002,81.52200000000002,81.42900000000002,81.46300000000002,624
2026-08-03T16:50:00+00:00,81.46300000000002,81.46300000000002,81.26900000000002,81.28900000000002,736
2026-08-03T16:55:00+00:00,81.28900000000002,81.34400000000002,81.20800000000003,81.31900000000002,696
2026-08-03T17:00:00+00:00,81.31900000000002,81.71900000000002,81.31800000000003,81.63800000000002,937
2026-08-03T17:05:00+00:00,81.63800000000002,81.68200000000002,81.58700000000002,81.62300000000002,717
2026-08-03T17:10:00+00:00,81.62300000000002,81.72700000000002,81.58700000000002,81.59800000000003,791
2026-08-03T17:15:00+00:00,81.59800000000003,81.60300000000002,81.43700000000003,81.46700000000003,763
2026-08-03T17:20:00+00:00,81.46700000000003,81.53400000000002,81.43300000000002,81.44900000000003,640
2026-08-03T17:25:00+00:00,81.44900000000003,81.46900000000002,81.34200000000003,81.41800000000002,847
2026-08-03T17:30:00+00:00,81.41800000000002,81.45400000000002,81.33700000000002,81.42700000000002,603
2026-08-03T17:35:00+00:00,81.42700000000002,81.45400000000002,81.35700000000003,81.39700000000002,623
2026-08-03T17:40:00+00:00,81.39700000000002,81.40700000000002,81.26800000000003,81.26800000000003,481
2026-08-03T17:45:00+00:00,81.26800000000003,81.43900000000002,81.23200000000003,81.37200000000003,522
2026-08-03T17:50:00+00:00,81.37200000000003,81.70200000000003,81.34200000000003,81.69200000000002,1064
2026-08-03T17:55:00+00:00,81.69200000000002,81.69200000000002,81.42900000000002,81.43300000000002,998
2026-08-03T18:00:00+00:00,81.43300000000002,81.45200000000003,80.90200000000002,80.90200000000002,2240
2026-08-03T18:05:00+00:00,80.90200000000002,81.19700000000002,80.82700000000003,81.07900000000002,1444
2026-08-03T18:10:00+00:00,81.07900000000002,81.35700000000003,80.90300000000002,81.11200000000002,1490
2026-08-03T18:15:00+00:00,81.11200000000002,81.29800000000002,81.09200000000003,81.26900000000002,1192
2026-08-03T18:20:00+00:00,81.26900000000002,81.47300000000003,81.21900000000002,81.44300000000003,1532
2026-08-03T18:25:00+00:00,81.44300000000003,81.70300000000002,81.38900000000002,81.62300000000002,2646
2026-08-03T18:30:00+00:00,81.62300000000002,81.65400000000002,81.43700000000003,81.54400000000003,883
2026-08-03T18:35:00+00:00,81.54400000000003,81.69700000000002,81.51700000000002,81.54300000000002,695
2026-08-03T18:40:00+00:00,81.54300000000002,81.68700000000003,81.47800000000002,81.65900000000002,590
2026-08-03T18:45:00+00:00,81.65900000000002,81.79900000000002,81.65900000000002,81.73300000000002,432
2026-08-03T18:50:00+00:00,81.73300000000002,81.92300000000002,81.70300000000002,81.77300000000002,632
2026-08-03T18:55:00+00:00,81.77300000000002,81.78800000000003,81.63300000000002,81.67200000000003,527
2026-08-03T19:00:00+00:00,81.67200000000003,81.74300000000002,81.58300000000003,81.71900000000002,492
2026-08-03T19:05:00+00:00,81.71900000000002,81.93200000000002,81.69300000000003,81.84900000000002,563
2026-08-03T19:10:00+00:00,81.84900000000002,81.95900000000002,81.83300000000003,81.88300000000002,590
2026-08-03T19:15:00+00:00,81.88300000000002,81.89900000000003,81.60800000000002,81.65800000000002,503
2026-08-03T19:20:00+00:00,81.65800000000002,81.78300000000002,81.59800000000003,81.76200000000003,287
2026-08-03T19:25:00+00:00,81.76200000000003,81.78400000000002,81.71200000000002,81.77900000000002,287
2026-08-03T19:30:00+00:00,81.77900000000002,81.80400000000002,81.61900000000003,81.64400000000002,238
2026-08-03T19:35:00+00:00,81.64400000000002,81.66400000000002,81.53300000000002,81.62700000000002,371
2026-08-03T19:40:00+00:00,81.62700000000002,81.62900000000002,81.53200000000002,81.59800000000003,390
2026-08-03T19:45:00+00:00,81.59800000000003,81.66400000000002,81.57800000000002,81.60800000000002,218
2026-08-03T19:50:00+00:00,81.60800000000002,81.64400000000002,81.53200000000002,81.53300000000002,283
2026-08-03T19:55:00+00:00,81.53300000000002,81.57900000000002,81.49400000000003,81.50900000000003,246
2026-08-03T20:00:00+00:00,81.50900000000003,81.59400000000002,81.43200000000002,81.55300000000003,351
2026-08-03T20:05:00+00:00,81.55300000000003,81.58900000000003,81.44400000000002,81.58800000000002,376
2026-08-03T20:10:00+00:00,81.58800000000002,81.62400000000002,81.50300000000003,81.57700000000003,315
2026-08-03T20:15:00+00:00,81.57700000000003,81.60700000000003,81.52800000000002,81.57800000000002,251
2026-08-03T20:20:00+00:00,81.57800000000002,81.58900000000003,81.48400000000002,81.48800000000003,208
2026-08-03T20:25:00+00:00,81.48800000000003,81.51400000000002,81.40800000000002,81.43200000000002,313
2026-08-03T20:30:00+00:00,81.43200000000002,81.43900000000002,81.18900000000002,81.31400000000002,591
2026-08-03T20:35:00+00:00,81.31400000000002,81.37200000000003,81.28200000000002,81.33700000000002,247
2026-08-03T20:40:00+00:00,81.33700000000002,81.36300000000003,81.28800000000003,81.29400000000003,214
2026-08-03T20:45:00+00:00,81.29400000000003,81.42800000000003,81.28700000000002,81.42300000000002,393
2026-08-03T20:50:00+00:00,81.42300000000002,81.43900000000002,81.24200000000002,81.39200000000002,307
2026-08-03T20:55:00+00:00,81.39200000000002,81.41900000000003,81.33300000000003,81.39400000000002,460
2026-08-04T00:00:00+00:00,81.39400000000002,81.85900000000002,81.39400000000002,81.83400000000002,234.13554801163917
2026-08-04T00:05:00+00:00,81.83400000000002,82.03400000000002,81.82300000000002,81.87300000000002,341
2026-08-04T00:10:00+00:00,81.87300000000002,81.98200000000003,81.83200000000002,81.97400000000002,279
2026-08-04T00:15:00+00:00,81.97400000000002,82.16400000000002,81.96700000000003,82.16400000000002,345
2026-08-04T00:20:00+00:00,82.16400000000002,82.16900000000003,81.98300000000002,81.98800000000003,237
2026-08-04T00:25:00+00:00,81.98800000000003,81.98900000000002,81.85200000000002,81.94400000000002,200
2026-08-04T00:30:00+00:00,81.94400000000002,82.04700000000003,81.92300000000002,82.01900000000002,222
2026-08-04T00:35:00+00:00,82.01900000000002,82.02900000000002,81.92300000000002,81.97200000000002,213
2026-08-04T00:40:00+00:00,81.97200000000002,82.07400000000003,81.94300000000003,81.96300000000002,188
2026-08-04T00:45:00+00:00,81.96300000000002,82.02200000000002,81.93200000000002,82.01300000000002,202
2026-08-04T00:50:00+00:00,82.01300000000002,82.17800000000003,81.99900000000002,82.12800000000003,306
2026-08-04T00:55:00+00:00,82.12800000000003,82.37200000000003,82.11400000000002,82.30400000000002,643
2026-08-04T01:00:00+00:00,82.30400000000002,82.51200000000003,82.11700000000002,82.17400000000002,995
2026-08-04T01:05:00+00:00,82.17400000000002,82.34900000000002,82.10900000000002,82.14400000000002,528
2026-08-04T01:10:00+00:00,82.14400000000002,82.16200000000002,82.03200000000002,82.05800000000002,269
2026-08-04T01:15:00+00:00,82.05800000000002,82.11200000000002,81.98300000000002,82.03200000000002,216
2026-08-04T01:20:00+00:00,82.03200000000002,82.07700000000003,81.95200000000003,82.04300000000002,259
2026-08-04T01:25:00+00:00,82.04300000000002,82.09900000000002,82.01200000000003,82.08300000000003,331
2026-08-04T01:30:00+00:00,82.08300000000003,82.16300000000003,81.99200000000002,82.04400000000003,277
2026-08-04T01:35:00+00:00,82.04400000000003,82.27300000000002,82.02200000000002,82.25700000000002,415
2026-08-04T01:40:00+00:00,82.25700000000002,82.28300000000002,82.17400000000002,82.25400000000002,469
2026-08-04T01:45:00+00:00,82.25400000000002,82.33800000000002,82.24700000000003,82.28900000000002,325
2026-08-04T01:50:00+00:00,82.28900000000002,82.36400000000002,82.26700000000002,82.33300000000003,308
2026-08-04T01:55:00+00:00,82.33300000000003,82.43400000000003,82.30800000000002,82.33700000000002,330
2026-08-04T02:00:00+00:00,82.33700000000002,82.33700000000002,82.22200000000002,82.24800000000002,251
2026-08-04T02:05:00+00:00,82.24800000000002,82.47900000000003,82.21200000000002,82.43400000000003,309
2026-08-04T02:10:00+00:00,82.43400000000003,82.49400000000003,82.40300000000002,82.47400000000002,364
2026-08-04T02:15:00+00:00,82.47400000000002,82.47900000000003,82.29700000000003,82.35900000000002,240
2026-08-04T02:20:00+00:00,82.35900000000002,82.49800000000002,82.35900000000002,82.43300000000002,346
2026-08-04T02:25:00+00:00,82.43300000000002,82.47900000000003,82.41200000000002,82.43300000000002,261
2026-08-04T02:30:00+00:00,82.43300000000002,82.59300000000002,82.40400000000002,82.59200000000003,417
2026-08-04T02:35:00+00:00,82.59200000000003,82.68800000000002,82.48800000000003,82.52300000000002,532
2026-08-04T02:40:00+00:00,82.52300000000002,82.61800000000002,82.48400000000002,82.54400000000003,402
2026-08-04T02:45:00+00:00,82.54400000000003,82.58300000000003,82.50200000000002,82.54300000000002,327
2026-08-04T02:50:00+00:00,82.54300000000002,82.59900000000002,82.50400000000002,82.55300000000003,331
2026-08-04T02:55:00+00:00,82.55300000000003,82.66400000000002,82.54400000000003,82.62700000000002,227
2026-08-04T03:00:00+00:00,82.62700000000002,82.74400000000003,82.59200000000003,82.71700000000003,356
2026-08-04T03:05:00+00:00,82.71700000000003,82.79400000000003,82.62200000000003,82.78800000000003,358
2026-08-04T03:10:00+00:00,82.78800000000003,82.79900000000002,82.61700000000002,82.61700000000002,332
2026-08-04T03:15:00+00:00,82.61700000000002,82.69300000000003,82.55800000000002,82.64300000000003,316
2026-08-04T03:20:00+00:00,82.64300000000003,82.66900000000003,82.61700000000002,82.66300000000003,205
2026-08-04T03:25:00+00:00,82.66300000000003,82.66300000000003,82.54300000000002,82.54400000000003,315
2026-08-04T03:30:00+00:00,82.54400000000003,82.55200000000002,82.47700000000002,82.49900000000002,264
2026-08-04T03:35:00+00:00,82.49900000000002,82.66400000000002,82.49700000000003,82.64700000000002,237
2026-08-04T03:40:00+00:00,82.64700000000002,82.77800000000002,82.63700000000003,82.72900000000003,228
2026-08-04T03:45:00+00:00,82.72900000000003,82.77300000000002,82.65700000000002,82.68700000000003,233
2026-08-04T03:50:00+00:00,82.68700000000003,82.71900000000002,82.64300000000003,82.70200000000003,163
2026-08-04T03:55:00+00:00,82.70200000000003,82.87800000000003,82.68900000000002,82.81700000000002,163
2026-08-04T04:00:00+00:00,82.81700000000002,82.83900000000003,82.71900000000002,82.73400000000002,184
2026-08-04T04:05:00+00:00,82.73400000000002,82.85800000000002,82.73400000000002,82.78900000000002,111
2026-08-04T04:10:00+00:00,82.78900000000002,82.84200000000003,82.75700000000002,82.84200000000003,120
2026-08-04T04:15:00+00:00,82.84200000000003,82.84200000000003,82.75200000000002,82.77800000000002,165
2026-08-04T04:20:00+00:00,82.77800000000002,82.77900000000002,82.71700000000003,82.71900000000002,106
2026-08-04T04:25:00+00:00,82.71900000000002,82.72900000000003,82.65300000000002,82.66800000000002,339
2026-08-04T04:30:00+00:00,82.66800000000002,82.73200000000003,82.65700000000002,82.72800000000002,308
2026-08-04T04:35:00+00:00,82.72800000000002,82.74200000000002,82.68900000000002,82.70200000000003,258
2026-08-04T04:40:00+00:00,82.70200000000003,82.85400000000003,82.69200000000002,82.83200000000002,179
2026-08-04T04:45:00+00:00,82.83200000000002,82.87400000000002,82.79800000000002,82.82200000000002,354
2026-08-04T04:50:00+00:00,82.82200000000002,82.85900000000002,82.80300000000003,82.83800000000002,217
2026-08-04T04:55:00+00:00,82.83800000000002,82.86900000000003,82.80700000000002,82.81900000000002,604
2026-08-04T05:00:00+00:00,82.81900000000002,82.89300000000003,82.79800000000002,82.79800000000002,275
2026-08-04T05:05:00+00:00,82.79800000000002,82.83900000000003,82.75200000000002,82.83300000000003,326
2026-08-04T05:10:00+00:00,82.83300000000003,83.00900000000003,82.82300000000002,82.91900000000003,238
2026-08-04T05:15:00+00:00,82.91900000000003,82.96900000000002,82.88400000000003,82.88800000000002,193
2026-08-04T05:20:00+00:00,82.88800000000002,82.95400000000002,82.85300000000002,82.89700000000002,335
2026-08-04T05:25:00+00:00,82.89700000000002,82.96200000000002,82.88700000000003,82.94700000000002,440
2026-08-04T05:30:00+00:00,82.94700000000002,83.07400000000003,82.93800000000002,83.06900000000002,1087
2026-08-04T05:35:00+00:00,83.06900000000002,83.07400000000003,82.87200000000003,82.91300000000003,1014
2026-08-04T05:40:00+00:00,82.91300000000003,82.95400000000002,82.73700000000002,82.95300000000002,959
2026-08-04T05:45:00+00:00,82.95300000000002,83.02800000000002,82.87700000000002,82.87900000000002,676
2026-08-04T05:50:00+00:00,82.87900000000002,82.89400000000002,82.63800000000002,82.68700000000003,868
2026-08-04T05:55:00+00:00,82.68700000000003,82.70400000000002,82.56800000000003,82.57700000000003,742
2026-08-04T06:00:00+00:00,82.57700000000003,82.78200000000002,82.56700000000002,82.61900000000003,836
2026-08-04T06:05:00+00:00,82.61900000000003,82.65400000000002,82.56700000000002,82.57700000000003,646
2026-08-04T06:10:00+00:00,82.57700000000003,82.63900000000002,82.44900000000003,82.46700000000003,932
2026-08-04T06:15:00+00:00,82.46700000000003,82.72900000000003,82.46700000000003,82.72800000000002,851
2026-08-04T06:20:00+00:00,82.72800000000002,82.79800000000002,82.69700000000002,82.76800000000003,626
2026-08-04T06:25:00+00:00,82.76800000000003,82.80800000000002,82.54800000000002,82.62900000000002,643
2026-08-04T06:30:00+00:00,82.62900000000002,82.70200000000003,82.54900000000002,82.70200000000003,611
2026-08-04T06:35:00+00:00,82.70200000000003,82.72400000000002,82.61900000000003,82.63300000000002,610
2026-08-04T06:40:00+00:00,82.63300000000002,82.67200000000003,82.42400000000002,82.43400000000003,625
2026-08-04T06:45:00+00:00,82.43400000000003,82.60800000000002,82.43400000000003,82.47900000000003,732
2026-08-04T06:50:00+00:00,82.47900000000003,82.56900000000002,82.45700000000002,82.45800000000003,643
2026-08-04T06:55:00+00:00,82.45800000000003,82.50700000000002,82.26800000000003,82.29700000000003,750
2026-08-04T07:00:00+00:00,82.29700000000003,82.40200000000002,82.11300000000003,82.26300000000002,1030
2026-08-04T07:05:00+00:00,82.26300000000002,82.36300000000003,82.19200000000002,82.31800000000003,875
2026-08-04T07:10:00+00:00,82.31800000000003,82.52300000000002,82.28900000000002,82.45800000000003,687
2026-08-04T07:15:00+00:00,82.45800000000003,82.50900000000003,82.32700000000003,82.35900000000002,618
2026-08-04T07:20:00+00:00,82.35900000000002,82.68900000000002,82.35700000000003,82.61700000000002,564
2026-08-04T07:25:00+00:00,82.61700000000002,82.80800000000002,82.59800000000003,82.78200000000002,771
2026-08-04T07:30:00+00:00,82.78200000000002,82.85900000000002,82.65800000000002,82.81800000000003,711
2026-08-04T07:35:00+00:00,82.81800000000003,82.82900000000002,82.70700000000002,82.73300000000002,754
2026-08-04T07:40:00+00:00,82.73300000000002,82.82900000000002,82.64200000000002,82.80400000000002,656
2026-08-04T07:45:00+00:00,82.80400000000002,82.83900000000003,82.69400000000002,82.70300000000002,588
2026-08-04T07:50:00+00:00,82.70300000000002,82.80800000000002,82.68700000000003,82.79700000000003,945
2026-08-04T07:55:00+00:00,82.79700000000003,82.79900000000002,82.65300000000002,82.69400000000002,756
2026-08-04T08:00:00+00:00,82.69400000000002,82.75900000000003,82.43400000000003,82.61900000000003,1155
2026-08-04T08:05:00+00:00,82.61900000000003,82.94900000000003,82.58700000000002,82.87700000000002,1250
2026-08-04T08:10:00+00:00,82.87700000000002,82.90900000000002,82.78700000000002,82.78700000000002,1042
2026-08-04T08:15:00+00:00,82.78700000000002,82.94800000000002,82.73800000000003,82.78700000000002,1130
2026-08-04T08:20:00+00:00,82.78700000000002,82.96400000000003,82.78200000000002,82.83900000000003,1297
2026-08-04T08:25:00+00:00,82.83900000000003,82.95400000000002,82.81200000000003,82.84400000000002,1988
2026-08-04T08:30:00+00:00,82.84400000000002,83.38400000000003,82.83300000000003,83.35800000000002,1567
2026-08-04T08:35:00+00:00,83.35800000000002,83.58400000000002,83.26400000000002,83.41400000000002,1217
2026-08-04T08:40:00+00:00,83.41400000000002,83.78800000000003,83.32200000000002,83.66400000000002,1115
2026-08-04T08:45:00+00:00,83.66400000000002,83.80400000000002,83.56800000000003,83.76200000000003,1199
2026-08-04T08:50:00+00:00,83.76200000000003,84.10400000000003,83.67200000000003,84.09700000000002,1418
2026-08-04T08:55:00+00:00,84.09700000000002,84.13900000000002,83.91900000000003,83.93700000000003,904
2026-08-04T09:00:00+00:00,83.93700000000003,83.97400000000002,83.78700000000002,83.86700000000002,864
2026-08-04T09:05:00+00:00,83.86700000000002,84.05400000000002,83.83200000000002,83.83800000000002,1033
2026-08-04T09:10:00+00:00,83.83800000000002,83.95800000000003,83.82300000000002,83.91200000000002,759
2026-08-04T09:15:00+00:00,83.91200000000002,83.95300000000002,83.75200000000002,83.76800000000003,710
2026-08-04T09:20:00+00:00,83.76800000000003,83.97900000000003,83.72200000000002,83.81800000000003,731
2026-08-04T09:25:00+00:00,83.81800000000003,83.91800000000002,83.66700000000002,83.69900000000003,861
2026-08-04T09:30:00+00:00,83.69900000000003,83.84900000000002,83.57700000000003,83.61800000000002,742
2026-08-04T09:35:00+00:00,83.61800000000002,83.65900000000002,83.49800000000002,83.52900000000002,844
2026-08-04T09:40:00+00:00,83.52900000000002,83.87900000000002,83.48800000000003,83.85900000000002,663
2026-08-04T09:45:00+00:00,83.85900000000002,84.02800000000002,83.82300000000002,83.87800000000003,779
2026-08-04T09:50:00+00:00,83.87800000000003,84.04300000000002,83.87800000000003,84.00800000000002,606
2026-08-04T09:55:00+00:00,84.00800000000002,84.02300000000002,83.64700000000002,83.64700000000002,711
2026-08-04T10:00:00+00:00,83.64700000000002,83.69800000000002,83.52700000000002,83.54700000000003,832
2026-08-04T10:05:00+00:00,83.54700000000003,83.55900000000003,83.35200000000002,83.42800000000003,787
2026-08-04T10:10:00+00:00,83.42800000000003,83.62900000000002,83.27200000000002,83.60300000000002,1159
2026-08-04T10:15:00+00:00,83.60300000000002,83.76200000000003,83.46900000000002,83.52200000000002,1320
2026-08-04T10:20:00+00:00,83.52200000000002,83.64800000000002,83.45800000000003,83.62700000000002,795
2026-08-04T10:25:00+00:00,83.62700000000002,83.76400000000002,83.60200000000002,83.72900000000003,779
2026-08-04T10:30:00+00:00,83.72900000000003,83.72900000000003,83.45300000000002,83.53300000000002,1321
2026-08-04T10:35:00+00:00,83.53300000000002,83.59900000000002,83.37400000000002,83.46900000000002,823
2026-08-04T10:40:00+00:00,83.46900000000002,83.51800000000003,82.87900000000002,83.11700000000002,1037
2026-08-04T10:45:00+00:00,83.11700000000002,83.11700000000002,82.07300000000002,82.44400000000002,3736
2026-08-04T10:50:00+00:00,82.44400000000002,82.64800000000002,82.27800000000002,82.53800000000003,2113
2026-08-04T10:55:00+00:00,82.53800000000003,82.57800000000002,82.25900000000003,82.45900000000002,1395
2026-08-04T11:00:00+00:00,82.45900000000002,82.61900000000003,82.19700000000002,82.28400000000002,2017
2026-08-04T11:05:00+00:00,82.28400000000002,82.50300000000003,81.91700000000002,81.96300000000002,1414
2026-08-04T11:10:00+00:00,81.96300000000002,82.00400000000002,81.58200000000002,81.83900000000003,1679
2026-08-04T11:15:00+00:00,81.83900000000003,81.86400000000002,81.53700000000002,81.56700000000002,1542
2026-08-04T11:20:00+00:00,81.56700000000002,81.77900000000002,81.45800000000003,81.72200000000002,1091
2026-08-04T11:25:00+00:00,81.72200000000002,81.72900000000003,81.32800000000002,81.35800000000002,1086
2026-08-04T11:30:00+00:00,81.35800000000002,81.63400000000003,81.34700000000002,81.57900000000002,890
2026-08-04T11:35:00+00:00,81.57900000000002,81.68400000000003,81.18800000000002,81.26400000000002,1266
2026-08-04T11:40:00+00:00,81.26400000000002,81.36400000000002,80.21300000000002,80.26400000000002,2454
2026-08-04T11:45:00+00:00,80.26400000000002,80.50200000000002,79.52200000000002,79.69900000000003,3934
2026-08-04T11:50:00+00:00,79.69900000000003,79.88800000000002,78.86300000000003,78.99300000000002,3903
2026-08-04T11:55:00+00:00,78.99300000000002,79.08700000000002,78.27800000000002,78.35200000000002,3152
2026-08-04T12:00:00+00:00,78.35200000000002,79.30900000000003,78.35200000000002,79.22800000000002,3666
2026-08-04T12:05:00+00:00,79.22800000000002,79.63800000000002,79.21200000000002,79.36900000000003,2424
2026-08-04T12:10:00+00:00,79.36900000000003,79.74900000000002,79.36200000000002,79.70900000000002,1699
2026-08-04T12:15:00+00:00,79.70900000000002,79.89800000000002,79.48200000000003,79.54800000000002,1598
2026-08-04T12:20:00+00:00,79.54800000000002,79.80400000000002,79.49200000000002,79.78300000000002,1547
2026-08-04T12:25:00+00:00,79.78300000000002,79.80300000000003,79.62400000000002,79.68900000000002,1155
2026-08-04T12:30:00+00:00,79.68900000000002,79.75900000000003,79.44800000000002,79.46300000000002,1186
2026-08-04T12:35:00+00:00,79.46300000000002,79.65800000000002,79.44200000000002,79.54200000000002,1177
2026-08-04T12:40:00+00:00,79.54200000000002,79.76200000000003,79.51300000000002,79.65200000000002,1142
2026-08-04T12:45:00+00:00,79.65200000000002,79.71400000000003,79.45700000000002,79.53300000000002,878
2026-08-04T12:50:00+00:00,79.53300000000002,79.53300000000002,79.11700000000002,79.16800000000002,1360
2026-08-04T12:55:00+00:00,79.16800000000002,79.26800000000003,78.98700000000002,79.24300000000002,1264
2026-08-04T13:00:00+00:00,79.24300000000002,79.57900000000002,79.16700000000002,79.48400000000002,2730
2026-08-04T13:05:00+00:00,79.48400000000002,79.55800000000002,79.21800000000002,79.33700000000002,1754
2026-08-04T13:10:00+00:00,79.33700000000002,79.58800000000002,79.23200000000003,79.25800000000002,1364
2026-08-04T13:15:00+00:00,79.25800000000002,79.41200000000002,79.25300000000003,79.31200000000003,1251
2026-08-04T13:20:00+00:00,79.31200000000003,79.35700000000003,78.25700000000002,78.43900000000002,4611
2026-08-04T13:25:00+00:00,78.43900000000002,78.46400000000003,77.87700000000002,78.04800000000002,3007
2026-08-04T13:30:00+00:00,78.04800000000002,78.15800000000002,77.54900000000002,78.06900000000002,2155
2026-08-04T13:35:00+00:00,78.06900000000002,78.06900000000002,77.57800000000002,77.59200000000003,1907
2026-08-04T13:40:00+00:00,77.59200000000003,78.13700000000003,77.58900000000003,78.01800000000003,1741
2026-08-04T13:45:00+00:00,78.01800000000003,78.09700000000002,77.73900000000002,77.83900000000003,1448
2026-08-04T13:50:00+00:00,77.83900000000003,77.87900000000002,77.56200000000003,77.57300000000002,1446
2026-08-04T13:55:00+00:00,77.57300000000002,77.67300000000002,77.35300000000002,77.60400000000003,1628
2026-08-04T14:00:00+00:00,77.60400000000003,77.93300000000002,77.60400000000003,77.87900000000002,2114
2026-08-04T14:05:00+00:00,77.87900000000002,77.97900000000003,77.55700000000002,77.58700000000002,1645
2026-08-04T14:10:00+00:00,77.58700000000002,77.59900000000002,77.31800000000003,77.51300000000002,1924
2026-08-04T14:15:00+00:00,77.51300000000002,77.74200000000002,77.38800000000002,77.61200000000002,1368
2026-08-04T14:20:00+00:00,77.61200000000002,77.78800000000003,77.53800000000003,77.71800000000002,1182
2026-08-04T14:25:00+00:00,77.71800000000002,78.06800000000003,77.70800000000003,78.06700000000002,1270
2026-08-04T14:30:00+00:00,78.06700000000002,78.48800000000003,78.06700000000002,78.16900000000003,1809
2026-08-04T14:35:00+00:00,78.16900000000003,78.33900000000003,77.74300000000002,78.21700000000003,2050
2026-08-04T14:40:00+00:00,78.21700000000003,78.43400000000003,78.17300000000002,78.38700000000003,1300
2026-08-04T14:45:00+00:00,78.38700000000003,78.39900000000003,78.18800000000002,78.27700000000002,1067
2026-08-04T14:50:00+00:00,78.27700000000002,78.36300000000003,78.10700000000003,78.35400000000003,1234
2026-08-04T14:55:00+00:00,78.35400000000003,78.45400000000002,78.24700000000003,78.35700000000003,1098
2026-08-04T15:00:00+00:00,78.35700000000003,78.50900000000003,78.30700000000002,78.43700000000003,1348
2026-08-04T15:05:00+00:00,78.43700000000003,78.57800000000002,78.38200000000002,78.45700000000002,1838
2026-08-04T15:10:00+00:00,78.45700000000002,78.55400000000002,78.30200000000002,78.40900000000002,1633
2026-08-04T15:15:00+00:00,78.40900000000002,78.40900000000002,78.18200000000002,78.24800000000002,1504
2026-08-04T15:20:00+00:00,78.24800000000002,78.33400000000002,78.02200000000002,78.14800000000002,1519
2026-08-04T15:25:00+00:00,78.14800000000002,78.28700000000002,77.85700000000003,77.85700000000003,2425
2026-08-04T15:30:00+00:00,77.85700000000003,77.95800000000003,77.43200000000002,77.47700000000002,2064
2026-08-04T15:35:00+00:00,77.47700000000002,77.54700000000003,76.56300000000002,76.85800000000002,2867
2026-08-04T15:40:00+00:00,76.85800000000002,76.93800000000002,76.55200000000002,76.74800000000002,2295
2026-08-04T15:45:00+00:00,76.74800000000002,77.09200000000003,76.66900000000003,77.09200000000003,1859
2026-08-04T15:50:00+00:00,77.09200000000003,77.24400000000003,76.84300000000002,76.85700000000003,1438
2026-08-04T15:55:00+00:00,76.85700000000003,77.01900000000002,76.78700000000002,77.01700000000002,1051
2026-08-04T16:00:00+00:00,77.01700000000002,77.22900000000003,76.98800000000003,77.18700000000003,1058
2026-08-04T16:05:00+00:00,77.18700000000003,77.31700000000002,77.10700000000003,77.13800000000002,1078
2026-08-04T16:10:00+00:00,77.13800000000002,77.39400000000002,77.13800000000002,77.37900000000002,863
2026-08-04T16:15:00+00:00,77.37900000000002,77.53700000000002,77.32900000000002,77.44300000000003,828
2026-08-04T16:20:00+00:00,77.44300000000003,77.44300000000003,77.18700000000003,77.19800000000002,860
2026-08-04T16:25:00+00:00,77.19800000000002,77.23900000000002,77.12400000000002,77.23700000000002,781
2026-08-04T16:30:00+00:00,77.23700000000002,77.47900000000003,77.23700000000002,77.45300000000002,698
2026-08-04T16:35:00+00:00,77.45300000000002,77.57900000000002,77.35800000000002,77.42800000000003,726
2026-08-04T16:40:00+00:00,77.42800000000003,77.57400000000003,77.40300000000002,77.41300000000003,537
2026-08-04T16:45:00+00:00,77.41300000000003,77.64400000000002,77.37700000000002,77.62900000000002,666
2026-08-04T16:50:00+00:00,77.62900000000002,77.71700000000003,77.51700000000002,77.53400000000002,619
2026-08-04T16:55:00+00:00,77.53400000000002,77.56900000000002,77.34900000000002,77.48300000000002,528
2026-08-04T17:00:00+00:00,77.48300000000002,77.54900000000002,77.31400000000002,77.33400000000002,621
2026-08-04T17:05:00+00:00,77.33400000000002,77.38300000000002,77.25300000000003,77.34900000000002,404
2026-08-04T17:10:00+00:00,77.34900000000002,77.35900000000002,76.92700000000002,76.93800000000002,816
2026-08-04T17:15:00+00:00,76.93800000000002,77.27200000000002,76.93700000000003,77.25400000000002,879
2026-08-04T17:20:00+00:00,77.25400000000002,77.26900000000002,77.13700000000003,77.15900000000002,577
2026-08-04T17:25:00+00:00,77.15900000000002,77.25400000000002,77.12900000000002,77.25300000000003,527
2026-08-04T17:30:00+00:00,77.25300000000003,77.33400000000002,77.04200000000002,77.05800000000002,537
2026-08-04T17:35:00+00:00,77.05800000000002,77.11300000000003,76.96200000000002,77.02900000000002,654
2026-08-04T17:40:00+00:00,77.02900000000002,77.04400000000003,76.92300000000002,76.97200000000002,661
2026-08-04T17:45:00+00:00,76.97200000000002,77.13900000000002,76.94700000000002,77.09900000000002,762
2026-08-04T17:50:00+00:00,77.09900000000002,77.27900000000002,77.07800000000002,77.11300000000003,753
2026-08-04T17:55:00+00:00,77.11300000000003,77.23800000000003,77.01300000000002,77.23800000000003,620
2026-08-04T18:00:00+00:00,77.23800000000003,77.28200000000002,77.14700000000002,77.18300000000002,1007
2026-08-04T18:05:00+00:00,77.18300000000002,77.23900000000002,77.01200000000003,77.14800000000002,965
2026-08-04T18:10:00+00:00,77.14800000000002,77.32800000000002,77.08200000000002,77.08700000000002,910
2026-08-04T18:15:00+00:00,77.08700000000002,77.20700000000002,77.00200000000002,77.05400000000002,837
2026-08-04T18:20:00+00:00,77.05400000000002,77.12400000000002,76.93800000000002,77.07200000000002,924
2026-08-04T18:25:00+00:00,77.07200000000002,77.21400000000003,77.04700000000003,77.12900000000002,2081
2026-08-04T18:30:00+00:00,77.12900000000002,77.28700000000002,77.04400000000003,77.26400000000002,762
2026-08-04T18:35:00+00:00,77.26400000000002,77.39300000000003,77.23300000000002,77.37400000000002,490
2026-08-04T18:40:00+00:00,77.37400000000002,77.40400000000002,77.25700000000002,77.26300000000002,323
2026-08-04T18:45:00+00:00,77.26300000000002,77.30200000000002,77.20800000000003,77.24800000000002,299
2026-08-04T18:50:00+00:00,77.24800000000002,77.24800000000002,77.17300000000002,77.20200000000003,182
2026-08-04T18:55:00+00:00,77.20200000000003,77.23300000000002,77.18200000000002,77.20700000000002,236
2026-08-04T19:00:00+00:00,77.20700000000002,77.22400000000002,77.08800000000002,77.17700000000002,428
2026-08-04T19:05:00+00:00,77.17700000000002,77.22400000000002,77.13200000000002,77.14300000000003,248
2026-08-04T19:10:00+00:00,77.14300000000003,77.19400000000002,77.13700000000003,77.15800000000002,284
2026-08-04T19:15:00+00:00,77.15800000000002,77.19800000000002,77.12700000000002,77.19200000000002,421
2026-08-04T19:20:00+00:00,77.19200000000002,77.22400000000002,77.11200000000002,77.11800000000002,259
2026-08-04T19:25:00+00:00,77.11800000000002,77.19300000000003,77.11200000000002,77.13800000000002,338
2026-08-04T19:30:00+00:00,77.13800000000002,77.19400000000002,77.12800000000003,77.14900000000003,295
2026-08-04T19:35:00+00:00,77.14900000000003,77.15400000000002,77.07200000000002,77.14900000000003,265
2026-08-04T19:40:00+00:00,77.14900000000003,77.15200000000002,77.08700000000002,77.15200000000002,257
2026-08-04T19:45:00+00:00,77.15200000000002,77.27300000000002,77.14300000000003,77.23300000000002,343
2026-08-04T19:50:00+00:00,77.23300000000002,77.37300000000002,77.23300000000002,77.26700000000002,324
2026-08-04T19:55:00+00:00,77.26700000000002,77.26900000000002,77.10200000000002,77.14400000000002,352
2026-08-04T20:00:00+00:00,77.14400000000002,77.19900000000003,76.94700000000002,76.96200000000002,555
2026-08-04T20:05:00+00:00,76.96200000000002,77.09900000000002,76.93700000000003,76.95800000000003,296
2026-08-04T20:10:00+00:00,76.95800000000003,76.95800000000003,76.56700000000002,76.68700000000003,1016
2026-08-04T20:15:00+00:00,76.68700000000003,76.69900000000003,76.53200000000002,76.69900000000003,705
2026-08-04T20:20:00+00:00,76.69900000000003,76.73300000000002,76.58900000000003,76.63300000000002,339
2026-08-04T20:25:00+00:00,76.63300000000002,76.71900000000002,76.53900000000002,76.71400000000003,827
2026-08-04T20:30:00+00:00,76.71400000000003,76.94800000000002,76.58700000000002,76.59300000000002,1180
2026-08-04T20:35:00+00:00,76.59300000000002,76.71300000000002,76.53400000000002,76.69900000000003,336
2026-08-04T20:40:00+00:00,76.69900000000003,76.69900000000003,76.50300000000003,76.53900000000002,705
2026-08-04T20:45:00+00:00,76.53900000000002,76.74200000000002,76.52700000000002,76.69400000000002,1541
2026-08-04T20:50:00+00:00,76.69400000000002,76.74300000000002,76.63200000000002,76.69200000000002,1186
2026-08-04T20:55:00+00:00,76.69200000000002,76.69900000000003,76.52700000000002,76.55200000000002,1136
2026-08-05T00:00:00+00:00,76.55200000000002,76.55700000000003,76.40800000000003,76.46300000000004,410.15801390910565
2026-08-05T00:05:00+00:00,76.46300000000004,76.64700000000003,76.24100000000003,76.61600000000003,735
2026-08-05T00:10:00+00:00,76.61600000000003,76.75800000000004,76.55100000000003,76.61600000000003,400
2026-08-05T00:15:00+00:00,76.61600000000003,76.84800000000003,76.58600000000003,76.78600000000003,407
2026-08-05T00:20:00+00:00,76.78600000000003,76.87800000000003,76.76600000000003,76.81700000000004,254
2026-08-05T00:25:00+00:00,76.81700000000004,76.87300000000003,76.79700000000003,76.87300000000003,254
2026-08-05T00:30:00+00:00,76.87300000000003,76.90800000000003,76.80600000000003,76.88200000000003,209
2026-08-05T00:35:00+00:00,76.88200000000003,76.92800000000003,76.84600000000003,76.84600000000003,204
2026-08-05T00:40:00+00:00,76.84600000000003,76.92300000000003,76.82300000000004,76.92100000000003,224
2026-08-05T00:45:00+00:00,76.92100000000003,76.97700000000003,76.89600000000003,76.93800000000003,206
2026-08-05T00:50:00+00:00,76.93800000000003,76.94300000000003,76.85100000000003,76.93700000000003,284
2026-08-05T00:55:00+00:00,76.93700000000003,76.97300000000003,76.90600000000003,76.92100000000003,245
2026-08-05T01:00:00+00:00,76.92100000000003,77.40300000000003,76.90100000000002,77.39700000000003,819
2026-08-05T01:05:00+00:00,77.39700000000003,77.48200000000003,77.36100000000003,77.42200000000003,416
2026-08-05T01:10:00+00:00,77.42200000000003,77.57300000000004,77.40200000000003,77.43700000000003,591
2026-08-05T01:15:00+00:00,77.43700000000003,77.53800000000003,77.41300000000003,77.52800000000003,344
2026-08-05T01:20:00+00:00,77.52800000000003,77.59100000000004,77.44700000000003,77.49200000000003,334
2026-08-05T01:25:00+00:00,77.49200000000003,77.57700000000003,77.48700000000004,77.55200000000004,265
2026-08-05T01:30:00+00:00,77.55200000000004,77.63200000000003,77.53100000000003,77.59800000000003,344
2026-08-05T01:35:00+00:00,77.59800000000003,77.60300000000004,77.44300000000003,77.45700000000004,295
2026-08-05T01:40:00+00:00,77.45700000000004,77.49800000000003,77.44700000000003,77.46600000000004,213
2026-08-05T01:45:00+00:00,77.46600000000004,77.50600000000003,77.39700000000003,77.40200000000003,302
2026-08-05T01:50:00+00:00,77.40200000000003,77.46800000000003,77.37700000000004,77.45700000000004,209
2026-08-05T01:55:00+00:00,77.45700000000004,77.59200000000003,77.44100000000003,77.53200000000002,273
2026-08-05T02:00:00+00:00,77.53200000000002,77.59300000000003,77.10600000000004,77.23800000000003,730
2026-08-05T02:05:00+00:00,77.23800000000003,77.24600000000004,76.94200000000004,76.96600000000004,624
2026-08-05T02:10:00+00:00,76.96600000000004,77.03700000000003,76.87600000000003,76.90600000000003,534
2026-08-05T02:15:00+00:00,76.90600000000003,76.98700000000004,76.80700000000003,76.90200000000003,286
2026-08-05T02:20:00+00:00,76.90200000000003,76.90200000000003,76.50700000000003,76.60800000000003,616
2026-08-05T02:25:00+00:00,76.60800000000003,76.60800000000003,76.41800000000003,76.46600000000004,447
2026-08-05T02:30:00+00:00,76.46600000000004,76.53100000000003,76.06100000000004,76.06800000000003,961
2026-08-05T02:35:00+00:00,76.06800000000003,76.21200000000003,76.06100000000004,76.08300000000003,820
2026-08-05T02:40:00+00:00,76.08300000000003,76.08300000000003,75.90600000000003,75.95600000000003,826
2026-08-05T02:45:00+00:00,75.95600000000003,76.18200000000003,75.95600000000003,76.14100000000003,578
2026-08-05T02:50:00+00:00,76.14100000000003,76.31300000000003,76.08100000000003,76.30600000000003,496
2026-08-05T02:55:00+00:00,76.30600000000003,76.36800000000004,76.20800000000003,76.35800000000003,499
2026-08-05T03:00:00+00:00,76.35800000000003,76.41300000000003,76.31600000000003,76.34300000000003,426
2026-08-05T03:05:00+00:00,76.34300000000003,76.36200000000004,76.15600000000003,76.16800000000003,387
2026-08-05T03:10:00+00:00,76.16800000000003,76.21200000000003,76.12300000000003,76.15600000000003,356
2026-08-05T03:15:00+00:00,76.15600000000003,76.16300000000003,76.03200000000002,76.06200000000003,283
2026-08-05T03:20:00+00:00,76.06200000000003,76.16300000000003,76.04600000000003,76.16100000000003,242
2026-08-05T03:25:00+00:00,76.16100000000003,76.25200000000004,76.05100000000003,76.24200000000003,358
2026-08-05T03:30:00+00:00,76.24200000000003,76.34800000000003,76.21700000000003,76.26600000000003,360
2026-08-05T03:35:00+00:00,76.26600000000003,76.29800000000003,76.08600000000003,76.12800000000003,253
2026-08-05T03:40:00+00:00,76.12800000000003,76.33300000000003,76.05200000000004,76.26300000000003,359
2026-08-05T03:45:00+00:00,76.26300000000003,76.30200000000004,76.21700000000003,76.27200000000003,146
2026-08-05T03:50:00+00:00,76.27200000000003,76.28800000000003,76.22300000000003,76.26700000000002,172
2026-08-05T03:55:00+00:00,76.26700000000002,76.30300000000003,76.12100000000004,76.12600000000003,204
2026-08-05T04:00:00+00:00,76.12600000000003,76.20300000000003,76.07200000000003,76.18700000000003,268
2026-08-05T04:05:00+00:00,76.18700000000003,76.30100000000003,76.15800000000003,76.16700000000003,238
2026-08-05T04:10:00+00:00,76.16700000000003,76.39200000000002,76.15700000000002,76.38800000000003,377
2026-08-05T04:15:00+00:00,76.38800000000003,76.57700000000003,76.36700000000003,76.52800000000003,410
2026-08-05T04:20:00+00:00,76.52800000000003,76.61800000000004,76.52800000000003,76.56300000000003,231
2026-08-05T04:25:00+00:00,76.56300000000003,76.56300000000003,76.43200000000003,76.48700000000004,224
2026-08-05T04:30:00+00:00,76.48700000000004,76.51300000000003,76.42600000000003,76.50600000000003,288
2026-08-05T04:35:00+00:00,76.50600000000003,76.71300000000004,76.48600000000003,76.69700000000003,365
2026-08-05T04:40:00+00:00,76.69700000000003,76.71300000000004,76.64600000000003,76.68700000000003,214
2026-08-05T04:45:00+00:00,76.68700000000003,76.71800000000003,76.66100000000003,76.70100000000004,188
2026-08-05T04:50:00+00:00,76.70100000000004,76.71800000000003,76.61100000000003,76.66200000000003,419
2026-08-05T04:55:00+00:00,76.66200000000003,76.77100000000003,76.62100000000004,76.65800000000003,458
2026-08-05T05:00:00+00:00,76.65800000000003,76.80300000000003,76.59600000000003,76.78700000000003,622
2026-08-05T05:05:00+00:00,76.78700000000003,76.82200000000003,76.72100000000003,76.78600000000003,561
2026-08-05T05:10:00+00:00,76.78600000000003,76.81800000000003,76.75200000000004,76.78200000000002,420
2026-08-05T05:15:00+00:00,76.78200000000002,76.81700000000004,76.69100000000003,76.77600000000002,554
2026-08-05T05:20:00+00:00,76.77600000000002,76.84200000000003,76.73100000000004,76.80300000000003,450
2026-08-05T05:25:00+00:00,76.80300000000003,76.80300000000003,76.66300000000003,76.79200000000003,589
2026-08-05T05:30:00+00:00,76.79200000000003,76.79200000000003,76.34100000000004,76.40100000000002,1258
2026-08-05T05:35:00+00:00,76.40100000000002,76.46200000000003,76.30300000000003,76.43100000000003,948
2026-08-05T05:40:00+00:00,76.43100000000003,76.64200000000002,76.42600000000003,76.57200000000003,840
2026-08-05T05:45:00+00:00,76.57200000000003,76.61300000000003,76.45100000000004,76.55600000000003,844
2026-08-05T05:50:00+00:00,76.55600000000003,76.65100000000002,76.44700000000003,76.52600000000002,821
2026-08-05T05:55:00+00:00,76.52600000000002,76.59300000000003,76.40300000000003,76.57700000000003,686
2026-08-05T06:00:00+00:00,76.57700000000003,76.75200000000004,76.48600000000003,76.69200000000004,1090
2026-08-05T06:05:00+00:00,76.69200000000004,76.95800000000003,76.68700000000003,76.74800000000003,1137
2026-08-05T06:10:00+00:00,76.74800000000003,76.88300000000004,76.70100000000004,76.81300000000003,738
2026-08-05T06:15:00+00:00,76.81300000000003,76.89800000000002,76.75300000000003,76.80100000000003,778
2026-08-05T06:20:00+00:00,76.80100000000003,76.82700000000003,76.58100000000003,76.63300000000004,915
2026-08-05T06:25:00+00:00,76.63300000000004,76.87700000000004,76.60700000000003,76.82100000000003,986
2026-08-05T06:30:00+00:00,76.82100000000003,77.14300000000003,76.80100000000003,77.03200000000002,1027
2026-08-05T06:35:00+00:00,77.03200000000002,77.12300000000003,76.98700000000004,77.08200000000004,795
2026-08-05T06:40:00+00:00,77.08200000000004,77.12300000000003,76.84300000000003,76.89800000000002,967
2026-08-05T06:45:00+00:00,76.89800000000002,77.04700000000003,76.83700000000003,76.98200000000003,966
2026-08-05T06:50:00+00:00,76.98200000000003,77.01600000000003,76.74800000000003,76.88700000000003,1063
2026-08-05T06:55:00+00:00,76.88700000000003,76.90700000000002,76.74700000000003,76.76200000000003,1223
2026-08-05T07:00:00+00:00,76.76200000000003,77.05300000000003,76.68100000000003,77.01200000000003,1802
2026-08-05T07:05:00+00:00,77.01200000000003,77.44600000000003,77.00800000000004,77.35100000000003,1235
2026-08-05T07:10:00+00:00,77.35100000000003,77.80200000000004,77.35100000000003,77.71800000000003,1106
2026-08-05T07:15:00+00:00,77.71800000000003,77.80700000000003,77.51800000000003,77.79300000000003,1128
2026-08-05T07:20:00+00:00,77.79300000000003,77.89300000000003,77.66800000000003,77.85700000000003,1073
2026-08-05T07:25:00+00:00,77.85700000000003,78.11100000000003,77.79700000000003,78.08800000000004,1054
2026-08-05T07:30:00+00:00,78.08800000000004,78.25200000000004,78.03100000000003,78.21300000000004,1128
2026-08-05T07:35:00+00:00,78.21300000000004,78.23300000000003,78.01800000000003,78.07200000000003,905
2026-08-05T07:40:00+00:00,78.07200000000003,78.07300000000004,77.85100000000003,77.87300000000003,921
2026-08-05T07:45:00+00:00,77.87300000000003,77.90800000000003,77.71200000000003,77.88700000000003,776
2026-08-05T07:50:00+00:00,77.88700000000003,78.03700000000003,77.84800000000003,78.00200000000004,638
2026-08-05T07:55:00+00:00,78.00200000000004,78.03300000000003,77.84700000000004,77.86600000000003,800
2026-08-05T08:00:00+00:00,77.86600000000003,77.93800000000003,77.75200000000004,77.91300000000003,1043
2026-08-05T08:05:00+00:00,77.91300000000003,77.97700000000003,77.61700000000003,77.66300000000003,1118
2026-08-05T08:10:00+00:00,77.66300000000003,78.18600000000004,77.66200000000003,78.17600000000003,1376
2026-08-05T08:15:00+00:00,78.17600000000003,78.17800000000003,77.83100000000003,77.89700000000003,1099
2026-08-05T08:20:00+00:00,77.89700000000003,78.14800000000002,77.89700000000003,77.98800000000003,1445
2026-08-05T08:25:00+00:00,77.98800000000003,78.04300000000003,77.79800000000003,77.96200000000003,2476
2026-08-05T08:30:00+00:00,77.96200000000003,78.16300000000003,77.79600000000003,78.08600000000003,1414
2026-08-05T08:35:00+00:00,78.08600000000003,78.28800000000003,78.05600000000003,78.17100000000003,1113
2026-08-05T08:40:00+00:00,78.17100000000003,78.20200000000003,77.82600000000004,78.08300000000003,1175
2026-08-05T08:45:00+00:00,78.08300000000003,78.36300000000003,77.98200000000003,78.23300000000003,1222
2026-08-05T08:50:00+00:00,78.23300000000003,78.35300000000004,78.10300000000004,78.18800000000003,739
2026-08-05T08:55:00+00:00,78.18800000000003,78.26800000000003,78.11100000000003,78.14100000000003,709
2026-08-05T09:00:00+00:00,78.14100000000003,78.20700000000004,78.01100000000002,78.15600000000003,1018
2026-08-05T09:05:00+00:00,78.15600000000003,78.16700000000003,77.89600000000003,78.00800000000004,975
2026-08-05T09:10:00+00:00,78.00800000000004,78.06200000000003,77.81100000000004,77.82100000000003,864
2026-08-05T09:15:00+00:00,77.82100000000003,78.04300000000003,77.77200000000003,78.03300000000003,882
2026-08-05T09:20:00+00:00,78.03300000000003,78.26600000000003,78.02200000000003,78.19300000000003,1030
2026-08-05T09:25:00+00:00,78.19300000000003,78.25600000000003,78.04100000000003,78.12300000000003,590
2026-08-05T09:30:00+00:00,78.12300000000003,78.12800000000003,78.03200000000002,78.11200000000004,672
2026-08-05T09:35:00+00:00,78.11200000000004,78.27800000000003,78.07200000000003,78.26800000000003,567
2026-08-05T09:40:00+00:00,78.26800000000003,78.37100000000004,78.22600000000003,78.26300000000003,772
2026-08-05T09:45:00+00:00,78.26300000000003,78.47300000000003,78.21100000000003,78.41800000000003,773
2026-08-05T09:50:00+00:00,78.41800000000003,78.51300000000003,78.39600000000003,78.49300000000004,637
2026-08-05T09:55:00+00:00,78.49300000000004,78.57700000000003,78.44600000000003,78.53300000000003,709
2026-08-05T10:00:00+00:00,78.53300000000003,78.58700000000003,78.44100000000003,78.54200000000003,539
2026-08-05T10:05:00+00:00,78.54200000000003,78.58800000000004,78.41200000000003,78.47200000000004,543
2026-08-05T10:10:00+00:00,78.47200000000004,78.57200000000003,78.40100000000002,78.42200000000003,703
2026-08-05T10:15:00+00:00,78.42200000000003,78.52800000000003,78.30200000000004,78.52200000000003,419
2026-08-05T10:20:00+00:00,78.52200000000003,78.71300000000004,78.47200000000004,78.68100000000003,668
2026-08-05T10:25:00+00:00,78.68100000000003,78.73700000000004,78.61200000000004,78.70600000000003,826
2026-08-05T10:30:00+00:00,78.70600000000003,78.73700000000004,78.50100000000003,78.50200000000004,779
2026-08-05T10:35:00+00:00,78.50200000000004,78.52700000000003,78.37300000000003,78.40600000000003,812
2026-08-05T10:40:00+00:00,78.40600000000003,78.56700000000004,78.36700000000003,78.51300000000003,520
2026-08-05T10:45:00+00:00,78.51300000000003,78.58100000000003,78.36700000000003,78.58100000000003,653
2026-08-05T10:50:00+00:00,78.58100000000003,78.61300000000003,78.49100000000003,78.55200000000004,568
2026-08-05T10:55:00+00:00,78.55200000000004,78.56600000000003,78.23200000000003,78.33100000000003,866
2026-08-05T11:00:00+00:00,78.33100000000003,78.47100000000003,78.31800000000003,78.37700000000004,628
2026-08-05T11:05:00+00:00,78.37700000000004,78.40300000000003,78.16100000000003,78.16700000000003,466
2026-08-05T11:10:00+00:00,78.16700000000003,78.25800000000004,78.09100000000004,78.14100000000003,562
2026-08-05T11:15:00+00:00,78.14100000000003,78.23600000000003,78.10100000000003,78.14300000000003,573
2026-08-05T11:20:00+00:00,78.14300000000003,78.31300000000003,78.12700000000004,78.30300000000003,505
2026-08-05T11:25:00+00:00,78.30300000000003,78.33100000000003,78.17600000000003,78.24700000000003,552
2026-08-05T11:30:00+00:00,78.24700000000003,78.28300000000003,78.01600000000003,78.06700000000004,796
2026-08-05T11:35:00+00:00,78.06700000000004,78.07300000000004,77.87700000000004,78.04100000000003,698
2026-08-05T11:40:00+00:00,78.04100000000003,78.15700000000002,77.90100000000002,77.92800000000003,974
2026-08-05T11:45:00+00:00,77.92800000000003,78.07800000000003,77.90700000000002,78.05600000000003,822
2026-08-05T11:50:00+00:00,78.05600000000003,78.08300000000003,77.80600000000003,77.91200000000003,782
2026-08-05T11:55:00+00:00,77.91200000000003,77.96200000000003,77.81100000000004,77.90700000000002,567
2026-08-05T12:00:00+00:00,77.90700000000002,78.05200000000004,77.88600000000002,77.98100000000004,947
2026-08-05T12:05:00+00:00,77.98100000000004,78.01100000000002,77.81300000000003,77.91300000000003,926
2026-08-05T12:10:00+00:00,77.91300000000003,77.97300000000003,77.66100000000003,77.66700000000003,1052
2026-08-05T12:15:00+00:00,77.66700000000003,77.80200000000004,77.58700000000003,77.77100000000003,872
2026-08-05T12:20:00+00:00,77.77100000000003,77.88700000000003,77.70100000000004,77.74100000000003,744
2026-08-05T12:25:00+00:00,77.74100000000003,78.26800000000003,77.69200000000004,78.26200000000003,1395
2026-08-05T12:30:00+00:00,78.26200000000003,78.45300000000003,78.11100000000003,78.14600000000003,1313
2026-08-05T12:35:00+00:00,78.14600000000003,78.30100000000003,78.14100000000003,78.27300000000002,903
2026-08-05T12:40:00+00:00,78.27300000000002,78.27300000000002,78.08100000000003,78.12200000000003,869
2026-08-05T12:45:00+00:00,78.12200000000003,78.20300000000003,77.95600000000003,77.95600000000003,799
2026-08-05T12:50:00+00:00,77.95600000000003,78.21600000000004,77.94600000000003,78.16100000000003,949
2026-08-05T12:55:00+00:00,78.16100000000003,78.49200000000003,78.15600000000003,78.46200000000003,1164
2026-08-05T13:00:00+00:00,78.46200000000003,78.48100000000004,77.82600000000004,77.87300000000003,2534
2026-08-05T13:05:00+00:00,77.87300000000003,78.00300000000003,77.75100000000003,77.86100000000003,1505
2026-08-05T13:10:00+00:00,77.86100000000003,78.00600000000003,77.86100000000003,77.87100000000004,1302
2026-08-05T13:15:00+00:00,77.87100000000004,78.05800000000004,77.83800000000004,77.88100000000003,1320
2026-08-05T13:20:00+00:00,77.88100000000003,78.01300000000003,77.79600000000003,77.95600000000003,1047
2026-08-05T13:25:00+00:00,77.95600000000003,77.99200000000003,77.80700000000003,77.95300000000003,1162
2026-08-05T13:30:00+00:00,77.95300000000003,77.96200000000003,77.63600000000002,77.65300000000003,1258
2026-08-05T13:35:00+00:00,77.65300000000003,77.78700000000003,77.08300000000003,77.28100000000003,973
2026-08-05T13:40:00+00:00,77.28100000000003,77.52600000000002,77.12300000000003,77.42700000000004,2914
2026-08-05T13:45:00+00:00,77.42700000000004,77.47700000000003,77.20600000000003,77.29800000000003,1545
2026-08-05T13:50:00+00:00,77.29800000000003,77.55200000000004,77.17100000000003,77.17700000000004,1563
2026-08-05T13:55:00+00:00,77.17700000000004,77.41300000000003,77.17600000000003,77.38600000000002,1465
2026-08-05T14:00:00+00:00,77.38600000000002,77.52200000000003,76.94800000000004,77.20700000000004,1999
2026-08-05T14:05:00+00:00,77.20700000000004,77.20700000000004,76.33600000000003,76.74700000000003,2688
2026-08-05T14:10:00+00:00,76.74700000000003,76.89700000000003,76.52200000000003,76.64100000000003,1660
2026-08-05T14:15:00+00:00,76.64100000000003,76.87300000000003,76.56700000000004,76.73200000000003,1453
2026-08-05T14:20:00+00:00,76.73200000000003,76.78600000000003,76.48600000000003,76.49200000000003,1144
2026-08-05T14:25:00+00:00,76.49200000000003,76.67800000000003,76.49200000000003,76.60800000000003,1446
2026-08-05T14:30:00+00:00,76.60800000000003,76.76300000000003,76.43700000000003,76.53700000000003,1445
2026-08-05T14:35:00+00:00,76.53700000000003,76.73600000000003,76.52300000000002,76.64700000000003,1469
2026-08-05T14:40:00+00:00,76.64700000000003,76.75600000000003,76.59100000000004,76.66100000000003,1416
2026-08-05T14:45:00+00:00,76.66100000000003,76.98800000000003,76.66100000000003,76.81200000000003,1264
2026-08-05T14:50:00+00:00,76.81200000000003,76.87300000000003,76.64700000000003,76.75700000000003,1233
2026-08-05T14:55:00+00:00,76.75700000000003,76.85100000000003,76.62100000000004,76.79100000000003,1137
2026-08-05T15:00:00+00:00,76.79100000000003,76.81700000000004,76.10600000000004,76.45200000000003,2726
2026-08-05T15:05:00+00:00,76.45200000000003,77.01300000000003,76.39200000000002,76.92200000000003,1881
2026-08-05T15:10:00+00:00,76.92200000000003,77.19700000000003,76.81700000000004,77.19700000000003,1531
2026-08-05T15:15:00+00:00,77.19700000000003,77.54700000000003,77.18100000000003,77.39100000000003,2007
2026-08-05T15:20:00+00:00,77.39100000000003,77.39100000000003,77.02100000000003,77.11600000000003,1673
2026-08-05T15:25:00+00:00,77.11600000000003,77.18600000000004,76.72100000000003,76.82600000000004,2528
2026-08-05T15:30:00+00:00,76.82600000000004,77.04300000000003,76.77200000000003,76.99100000000003,1728
2026-08-05T15:35:00+00:00,76.99100000000003,76.99100000000003,76.76300000000003,76.78300000000003,859
2026-08-05T15:40:00+00:00,76.78300000000003,77.02800000000003,76.74100000000003,76.96200000000003,1000
2026-08-05T15:45:00+00:00,76.96200000000003,77.34600000000003,76.96200000000003,77.18100000000003,1723
2026-08-05T15:50:00+00:00,77.18100000000003,77.36700000000003,77.03100000000003,77.31700000000004,1268
2026-08-05T15:55:00+00:00,77.31700000000004,77.37800000000003,77.21100000000003,77.35200000000003,894
2026-08-05T16:00:00+00:00,77.35200000000003,77.56600000000003,77.35200000000003,77.54300000000003,1244
2026-08-05T16:05:00+00:00,77.54300000000003,77.54300000000003,77.33100000000003,77.37200000000003,1114
2026-08-05T16:10:00+00:00,77.37200000000003,77.48800000000003,77.29600000000003,77.42600000000003,974
2026-08-05T16:15:00+00:00,77.42600000000003,77.61200000000004,77.41600000000003,77.57300000000004,894
2026-08-05T16:20:00+00:00,77.57300000000004,77.64200000000002,77.48100000000004,77.55800000000004,876
2026-08-05T16:25:00+00:00,77.55800000000004,77.67600000000003,77.45100000000004,77.54200000000003,878
2026-08-05T16:30:00+00:00,77.54200000000003,77.55300000000003,77.40300000000003,77.50700000000003,807
2026-08-05T16:35:00+00:00,77.50700000000003,77.62200000000003,77.40600000000003,77.42600000000003,895
2026-08-05T16:40:00+00:00,77.42600000000003,77.42600000000003,77.14100000000003,77.16700000000003,857
2026-08-05T16:45:00+00:00,77.16700000000003,77.29300000000003,77.02200000000003,77.04100000000003,948
2026-08-05T16:50:00+00:00,77.04100000000003,77.05800000000004,76.74100000000003,76.86800000000004,1190
2026-08-05T16:55:00+00:00,76.86800000000004,77.04300000000003,76.75800000000004,76.82300000000004,889
2026-08-05T17:00:00+00:00,76.82300000000004,76.95200000000003,76.74200000000003,76.86100000000003,1071
2026-08-05T17:05:00+00:00,76.86100000000003,76.88600000000002,76.66600000000003,76.76200000000003,1197
2026-08-05T17:10:00+00:00,76.76200000000003,76.77100000000003,76.54600000000003,76.60100000000003,996
2026-08-05T17:15:00+00:00,76.60100000000003,76.61300000000003,76.45200000000003,76.54100000000003,1098
2026-08-05T17:20:00+00:00,76.54100000000003,76.60200000000003,76.44800000000004,76.56200000000003,978
2026-08-05T17:25:00+00:00,76.56200000000003,76.62300000000003,76.47100000000003,76.50700000000003,821
2026-08-05T17:30:00+00:00,76.50700000000003,76.60300000000004,76.42300000000003,76.43200000000003,1034
2026-08-05T17:35:00+00:00,76.43200000000003,76.64200000000002,76.43100000000003,76.55800000000004,969
2026-08-05T17:40:00+00:00,76.55800000000004,76.79800000000003,76.55100000000003,76.64600000000003,720
2026-08-05T17:45:00+00:00,76.64600000000003,76.70300000000003,76.59300000000003,76.70200000000003,525
2026-08-05T17:50:00+00:00,76.70200000000003,76.78800000000003,76.62200000000003,76.76300000000003,682
2026-08-05T17:55:00+00:00,76.76300000000003,76.95600000000003,76.74200000000003,76.95600000000003,723
2026-08-05T18:00:00+00:00,76.95600000000003,77.05200000000004,76.88200000000003,77.05200000000004,1057
2026-08-05T18:05:00+00:00,77.05200000000004,77.15800000000003,76.99800000000003,77.10200000000003,841
2026-08-05T18:10:00+00:00,77.10200000000003,77.23800000000003,77.07800000000003,77.23800000000003,806
2026-08-05T18:15:00+00:00,77.23800000000003,77.28800000000003,77.08100000000003,77.28700000000003,794
2026-08-05T18:20:00+00:00,77.28700000000003,77.33100000000003,77.20100000000004,77.22200000000004,910
2026-08-05T18:25:00+00:00,77.22200000000004,77.32800000000003,77.06700000000004,77.25800000000004,2871
2026-08-05T18:30:00+00:00,77.25800000000004,77.42800000000003,77.21700000000003,77.36100000000003,919
2026-08-05T18:35:00+00:00,77.36100000000003,77.36300000000003,77.24700000000003,77.27300000000002,534
2026-08-05T18:40:00+00:00,77.27300000000002,77.42300000000003,77.23200000000003,77.26600000000003,691
2026-08-05T18:45:00+00:00,77.26600000000003,77.26600000000003,77.16100000000003,77.17200000000003,569
2026-08-05T18:50:00+00:00,77.17200000000003,77.21300000000004,77.09600000000003,77.13200000000003,467
2026-08-05T18:55:00+00:00,77.13200000000003,77.38300000000004,77.12100000000004,77.37300000000003,504
2026-08-05T19:00:00+00:00,77.37300000000003,77.44200000000004,77.29300000000003,77.30100000000003,346
2026-08-05T19:05:00+00:00,77.30100000000003,77.30300000000003,77.22700000000003,77.26100000000002,311
2026-08-05T19:10:00+00:00,77.26100000000002,77.27300000000002,77.19100000000003,77.19200000000004,391
2026-08-05T19:15:00+00:00,77.19200000000004,77.33200000000004,77.18800000000003,77.32200000000003,489
2026-08-05T19:20:00+00:00,77.32200000000003,77.35200000000003,77.27200000000003,77.27200000000003,276
2026-08-05T19:25:00+00:00,77.27200000000003,77.35200000000003,77.27100000000003,77.33200000000004,290
2026-08-05T19:30:00+00:00,77.33200000000004,77.33600000000003,77.27100000000003,77.32200000000003,306
2026-08-05T19:35:00+00:00,77.32200000000003,77.32700000000003,77.23300000000003,77.27100000000003,450
2026-08-05T19:40:00+00:00,77.27100000000003,77.32800000000003,77.21600000000004,77.22200000000004,425
2026-08-05T19:45:00+00:00,77.22200000000004,77.24300000000004,77.18600000000004,77.20200000000003,271
2026-08-05T19:50:00+00:00,77.20200000000003,77.21200000000003,77.09100000000004,77.16300000000003,586
2026-08-05T19:55:00+00:00,77.16300000000003,77.25300000000003,77.10300000000004,77.24200000000003,578
2026-08-05T20:00:00+00:00,77.24200000000003,77.24300000000004,77.02600000000002,77.04300000000003,601
2026-08-05T20:05:00+00:00,77.04300000000003,77.05700000000003,76.93700000000003,77.02300000000002,634
2026-08-05T20:10:00+00:00,77.02300000000002,77.09300000000003,76.97300000000003,77.09300000000003,436
2026-08-05T20:15:00+00:00,77.09300000000003,77.19200000000004,77.09300000000003,77.14300000000003,232
2026-08-05T20:20:00+00:00,77.14300000000003,77.18300000000004,77.09600000000003,77.10100000000003,260
2026-08-05T20:25:00+00:00,77.10100000000003,77.17200000000003,77.05200000000004,77.15100000000002,480
2026-08-05T20:30:00+00:00,77.15100000000002,77.20300000000003,77.04600000000003,77.05300000000003,452
2026-08-05T20:35:00+00:00,77.05300000000003,77.05300000000003,76.98100000000004,77.01300000000003,455
2026-08-05T20:40:00+00:00,77.01300000000003,77.07800000000003,77.01300000000003,77.07200000000003,590
2026-08-05T20:45:00+00:00,77.07200000000003,77.14800000000002,77.06300000000003,77.13100000000003,404
2026-08-05T20:50:00+00:00,77.13100000000003,77.14700000000003,77.03600000000003,77.14600000000003,658
2026-08-05T20:55:00+00:00,77.14600000000003,77.24700000000003,77.12800000000003,77.24700000000003,918
2026-08-06T00:00:00+00:00,77.24700000000003,77.25800000000002,77.11100000000003,77.11100000000003,150.67435531942465
2026-08-06T00:05:00+00:00,77.11100000000003,77.11200000000002,77.00600000000003,77.02600000000002,145
2026-08-06T00:10:00+00:00,77.02600000000002,77.06200000000003,76.91300000000003,76.96200000000003,204
2026-08-06T00:15:00+00:00,76.96200000000003,76.96200000000003,76.88800000000003,76.95200000000003,166
2026-08-06T00:20:00+00:00,76.95200000000003,76.95200000000003,76.82100000000003,76.85600000000002,190
2026-08-06T00:25:00+00:00,76.85600000000002,77.15600000000002,76.85600000000002,77.15100000000002,355
2026-08-06T00:30:00+00:00,77.15100000000002,77.30200000000002,77.08100000000003,77.08800000000002,343
2026-08-06T00:35:00+00:00,77.08800000000002,77.13800000000003,77.06100000000002,77.10800000000003,200
2026-08-06T00:40:00+00:00,77.10800000000003,77.17800000000003,77.06200000000003,77.16100000000003,235
2026-08-06T00:45:00+00:00,77.16100000000003,77.16100000000003,77.07100000000003,77.10100000000003,150
2026-08-06T00:50:00+00:00,77.10100000000003,77.14800000000002,76.98800000000003,77.05800000000002,223
2026-08-06T00:55:00+00:00,77.05800000000002,77.09200000000003,76.90100000000002,77.08700000000003,413
2026-08-06T01:00:00+00:00,77.08700000000003,77.38300000000002,77.05600000000003,77.17100000000002,1087
2026-08-06T01:05:00+00:00,77.17100000000002,77.28800000000003,77.16600000000003,77.22800000000002,548
2026-08-06T01:10:00+00:00,77.22800000000002,77.63700000000003,77.22800000000002,77.53800000000003,846
2026-08-06T01:15:00+00:00,77.53800000000003,77.93300000000002,77.46600000000002,77.78200000000002,891
2026-08-06T01:20:00+00:00,77.78200000000002,77.89800000000002,77.65600000000002,77.89600000000003,991
2026-08-06T01:25:00+00:00,77.89600000000003,78.14100000000002,77.78600000000003,77.81300000000003,1211
2026-08-06T01:30:00+00:00,77.81300000000003,78.01800000000003,77.78300000000003,78.00200000000002,809
2026-08-06T01:35:00+00:00,78.00200000000002,78.00700000000003,77.83700000000003,77.86100000000003,542
2026-08-06T01:40:00+00:00,77.86100000000003,77.92800000000003,77.80100000000003,77.81800000000003,716
2026-08-06T01:45:00+00:00,77.81800000000003,77.95300000000003,77.81700000000002,77.85100000000003,471
2026-08-06T01:50:00+00:00,77.85100000000003,77.85200000000003,77.73200000000003,77.80300000000003,550
2026-08-06T01:55:00+00:00,77.80300000000003,77.84700000000002,77.70700000000002,77.81300000000003,437
2026-08-06T02:00:00+00:00,77.81300000000003,77.86300000000003,77.78100000000002,77.83700000000003,434
2026-08-06T02:05:00+00:00,77.83700000000003,77.87300000000003,77.57100000000003,77.62300000000003,479
2026-08-06T02:10:00+00:00,77.62300000000003,77.80800000000002,77.62300000000003,77.70600000000003,290
2026-08-06T02:15:00+00:00,77.70600000000003,77.76300000000003,77.59800000000003,77.61300000000003,176
2026-08-06T02:20:00+00:00,77.61300000000003,77.69300000000003,77.60700000000003,77.61800000000002,139
2026-08-06T02:25:00+00:00,77.61800000000002,77.62800000000003,77.56600000000003,77.62200000000003,139
2026-08-06T02:30:00+00:00,77.62200000000003,77.81600000000003,77.61200000000002,77.74300000000002,513
2026-08-06T02:35:00+00:00,77.74300000000002,77.80100000000003,77.67700000000002,77.69200000000002,212
2026-08-06T02:40:00+00:00,77.69200000000002,77.71200000000003,77.62300000000003,77.66700000000003,209
2026-08-06T02:45:00+00:00,77.66700000000003,77.70800000000003,77.57300000000002,77.67600000000003,345
2026-08-06T02:50:00+00:00,77.67600000000003,77.72800000000002,77.61600000000003,77.64100000000002,219
2026-08-06T02:55:00+00:00,77.64100000000002,77.68300000000002,77.60600000000002,77.62100000000002,277
2026-08-06T03:00:00+00:00,77.62100000000002,77.62100000000002,77.55100000000003,77.57600000000002,243
2026-08-06T03:05:00+00:00,77.57600000000002,77.58300000000003,77.50300000000003,77.53600000000003,185
2026-08-06T03:10:00+00:00,77.53600000000003,77.61700000000003,77.49600000000002,77.59700000000002,193
2026-08-06T03:15:00+00:00,77.59700000000002,77.60300000000002,77.53600000000003,77.56700000000002,185
2026-08-06T03:20:00+00:00,77.56700000000002,77.65800000000003,77.56700000000002,77.63100000000003,181
2026-08-06T03:25:00+00:00,77.63100000000003,77.63100000000003,77.31700000000002,77.35700000000003,337
2026-08-06T03:30:00+00:00,77.35700000000003,77.35700000000003,77.02700000000003,77.04700000000003,441
2026-08-06T03:35:00+00:00,77.04700000000003,77.12700000000002,77.03700000000002,77.09100000000002,225
2026-08-06T03:40:00+00:00,77.09100000000002,77.13300000000002,77.07800000000003,77.11700000000003,124
2026-08-06T03:45:00+00:00,77.11700000000003,77.17600000000003,77.08600000000003,77.11700000000003,122
2026-08-06T03:50:00+00:00,77.11700000000003,77.20100000000002,77.11700000000003,77.18700000000003,298
2026-08-06T03:55:00+00:00,77.18700000000003,77.20700000000002,77.04100000000003,77.04300000000002,169
2026-08-06T04:00:00+00:00,77.04300000000002,77.07200000000003,76.96100000000003,76.96800000000003,223
2026-08-06T04:05:00+00:00,76.96800000000003,77.02800000000002,76.96200000000003,76.98600000000003,116
2026-08-06T04:10:00+00:00,76.98600000000003,77.01800000000003,76.88700000000003,76.94600000000003,192
2026-08-06T04:15:00+00:00,76.94600000000003,76.98800000000003,76.89200000000002,76.89200000000002,107
2026-08-06T04:20:00+00:00,76.89200000000002,76.93700000000003,76.85200000000003,76.89600000000003,143
2026-08-06T04:25:00+00:00,76.89600000000003,76.92100000000002,76.86100000000003,76.88800000000003,123
2026-08-06T04:30:00+00:00,76.88800000000003,76.89800000000002,76.78600000000003,76.86600000000003,281
2026-08-06T04:35:00+00:00,76.86600000000003,76.91600000000003,76.84600000000003,76.84800000000003,159
2026-08-06T04:40:00+00:00,76.84800000000003,76.94100000000003,76.81700000000002,76.93200000000003,204
2026-08-06T04:45:00+00:00,76.93200000000003,76.94800000000002,76.85200000000003,76.89800000000002,132
2026-08-06T04:50:00+00:00,76.89800000000002,76.90800000000003,76.85100000000003,76.90100000000002,118
2026-08-06T04:55:00+00:00,76.90100000000002,76.94800000000002,76.88700000000003,76.91600000000003,120
2026-08-06T05:00:00+00:00,76.91600000000003,77.02600000000002,76.91600000000003,76.99700000000003,262
2026-08-06T05:05:00+00:00,76.99700000000003,77.01700000000002,76.96700000000003,76.98600000000003,145
2026-08-06T05:10:00+00:00,76.98600000000003,76.98800000000003,76.87700000000002,76.90800000000003,206
2026-08-06T05:15:00+00:00,76.90800000000003,76.91100000000003,76.79600000000002,76.82300000000002,178
2026-08-06T05:20:00+00:00,76.82300000000002,76.87100000000002,76.79700000000003,76.84200000000003,166
2026-08-06T05:25:00+00:00,76.84200000000003,76.89300000000003,76.76200000000003,76.77700000000003,228
2026-08-06T05:30:00+00:00,76.77700000000003,76.89300000000003,76.72600000000003,76.89300000000003,663
2026-08-06T05:35:00+00:00,76.89300000000003,77.06800000000003,76.89100000000002,76.96100000000003,536
2026-08-06T05:40:00+00:00,76.96100000000003,77.04600000000002,76.92700000000002,77.02800000000002,355
2026-08-06T05:45:00+00:00,77.02800000000002,77.06800000000003,76.96700000000003,77.03200000000002,426
2026-08-06T05:50:00+00:00,77.03200000000002,77.05800000000002,76.98100000000002,77.00800000000002,340
2026-08-06T05:55:00+00:00,77.00800000000002,77.05800000000002,76.98100000000002,77.01700000000002,417
2026-08-06T06:00:00+00:00,77.01700000000002,77.30800000000002,76.98600000000003,77.24100000000003,859
2026-08-06T06:05:00+00:00,77.24100000000003,77.27800000000002,77.12600000000003,77.23200000000003,570
2026-08-06T06:10:00+00:00,77.23200000000003,77.60200000000003,77.23200000000003,77.53300000000003,729
2026-08-06T06:15:00+00:00,77.53300000000003,77.58600000000003,77.33800000000002,77.35200000000003,663
2026-08-06T06:20:00+00:00,77.35200000000003,77.55600000000003,77.34700000000002,77.53800000000003,463
2026-08-06T06:25:00+00:00,77.53800000000003,77.55700000000003,77.36600000000003,77.37700000000002,571
2026-08-06T06:30:00+00:00,77.37700000000002,77.60800000000003,77.37100000000002,77.53700000000002,428
2026-08-06T06:35:00+00:00,77.53700000000002,77.74600000000002,77.46600000000002,77.67600000000003,648
2026-08-06T06:40:00+00:00,77.67600000000003,77.76100000000002,77.59700000000002,77.60700000000003,595
2026-08-06T06:45:00+00:00,77.60700000000003,77.77200000000002,77.56700000000002,77.68700000000003,647
2026-08-06T06:50:00+00:00,77.68700000000003,77.70100000000002,77.43800000000003,77.56800000000003,437
2026-08-06T06:55:00+00:00,77.56800000000003,77.56800000000003,77.41600000000003,77.42700000000002,548
2026-08-06T07:00:00+00:00,77.42700000000002,77.42700000000002,77.23200000000003,77.26800000000003,772
2026-08-06T07:05:00+00:00,77.26800000000003,77.52200000000002,77.26800000000003,77.52200000000002,766
2026-08-06T07:10:00+00:00,77.52200000000002,77.70300000000003,77.48700000000002,77.51700000000002,693
2026-08-06T07:15:00+00:00,77.51700000000002,77.58100000000003,77.47200000000002,77.53600000000003,796
2026-08-06T07:20:00+00:00,77.53600000000003,77.53600000000003,77.30100000000003,77.47100000000003,821
2026-08-06T07:25:00+00:00,77.47100000000003,77.47800000000002,77.24600000000002,77.43800000000003,812
2026-08-06T07:30:00+00:00,77.43800000000003,77.51700000000002,77.37800000000003,77.45800000000003,646
2026-08-06T07:35:00+00:00,77.45800000000003,77.76300000000003,77.37600000000003,77.73600000000003,784
2026-08-06T07:40:00+00:00,77.73600000000003,77.75800000000002,77.58300000000003,77.66300000000003,568
2026-08-06T07:45:00+00:00,77.66300000000003,77.71300000000002,77.47800000000002,77.59200000000003,657
2026-08-06T07:50:00+00:00,77.59200000000003,77.73700000000002,77.55600000000003,77.69800000000002,493
2026-08-06T07:55:00+00:00,77.69800000000002,77.72800000000002,77.53600000000003,77.63600000000002,542
2026-08-06T08:00:00+00:00,77.63600000000002,77.82300000000002,77.50700000000003,77.72600000000003,804
2026-08-06T08:05:00+00:00,77.72600000000003,77.80800000000002,77.63100000000003,77.64700000000002,640
2026-08-06T08:10:00+00:00,77.64700000000002,77.90700000000002,77.61100000000003,77.90600000000002,659
2026-08-06T08:15:00+00:00,77.90600000000002,78.02200000000002,77.86800000000002,77.93700000000003,948
2026-08-06T08:20:00+00:00,77.93700000000003,77.95800000000003,77.76600000000002,77.87600000000003,812
2026-08-06T08:25:00+00:00,77.87600000000003,77.89600000000003,77.31700000000002,77.37700000000002,3344
2026-08-06T08:30:00+00:00,77.37700000000002,77.53200000000002,77.15100000000002,77.28800000000003,1782
2026-08-06T08:35:00+00:00,77.28800000000003,77.48800000000003,77.21200000000003,77.46800000000003,881
2026-08-06T08:40:00+00:00,77.46800000000003,77.48700000000002,77.19300000000003,77.26200000000003,834
2026-08-06T08:45:00+00:00,77.26200000000003,77.33700000000003,77.18200000000003,77.20800000000003,828
2026-08-06T08:50:00+00:00,77.20800000000003,77.26700000000002,77.09200000000003,77.17300000000003,862
2026-08-06T08:55:00+00:00,77.17300000000003,77.37800000000003,77.17300000000003,77.34300000000003,613
2026-08-06T09:00:00+00:00,77.34300000000003,77.54200000000003,77.26800000000003,77.50100000000003,632
2026-08-06T09:05:00+00:00,77.50100000000003,77.59700000000002,77.44100000000003,77.52300000000002,561
2026-08-06T09:10:00+00:00,77.52300000000002,77.63600000000002,77.41800000000002,77.46600000000002,580
2026-08-06T09:15:00+00:00,77.46600000000002,77.54700000000003,77.31200000000003,77.31700000000002,541
2026-08-06T09:20:00+00:00,77.31700000000002,77.31700000000002,77.20200000000003,77.20800000000003,425
2026-08-06T09:25:00+00:00,77.20800000000003,77.41700000000003,77.20800000000003,77.27800000000002,503
2026-08-06T09:30:00+00:00,77.27800000000002,77.43200000000003,77.17100000000002,77.39600000000003,457
2026-08-06T09:35:00+00:00,77.39600000000003,77.54700000000003,77.38600000000002,77.52800000000002,362
2026-08-06T09:40:00+00:00,77.52800000000002,77.55700000000003,77.48600000000003,77.51700000000002,416
2026-08-06T09:45:00+00:00,77.51700000000002,77.57300000000002,77.45300000000003,77.45800000000003,402
2026-08-06T09:50:00+00:00,77.45800000000003,77.54200000000003,77.32300000000002,77.32300000000002,344
2026-08-06T09:55:00+00:00,77.32300000000002,77.34200000000003,77.20600000000003,77.24800000000003,355
2026-08-06T10:00:00+00:00,77.24800000000003,77.35800000000003,77.21700000000003,77.33600000000003,530
2026-08-06T10:05:00+00:00,77.33600000000003,77.57800000000003,77.26600000000002,77.52700000000003,457
2026-08-06T10:10:00+00:00,77.52700000000003,77.78700000000002,77.52700000000003,77.74200000000003,600
2026-08-06T10:15:00+00:00,77.74200000000003,77.80200000000002,77.66600000000003,77.77700000000003,579
2026-08-06T10:20:00+00:00,77.77700000000003,78.09300000000003,77.77600000000002,77.98800000000003,1002
2026-08-06T10:25:00+00:00,77.98800000000003,78.02100000000003,77.83100000000003,77.89700000000002,559
2026-08-06T10:30:00+00:00,77.89700000000002,78.01600000000002,77.87600000000003,78.00700000000003,487
2026-08-06T10:35:00+00:00,78.00700000000003,78.12300000000003,77.98200000000003,78.00100000000003,534
2026-08-06T10:40:00+00:00,78.00100000000003,78.18100000000003,77.97700000000003,78.15700000000002,571
2026-08-06T10:45:00+00:00,78.15700000000002,78.23800000000003,78.06600000000003,78.20300000000003,402
2026-08-06T10:50:00+00:00,78.20300000000003,78.31800000000003,78.20200000000003,78.25600000000003,691
2026-08-06T10:55:00+00:00,78.25600000000003,78.27600000000002,78.07300000000002,78.12600000000003,519
2026-08-06T11:00:00+00:00,78.12600000000003,78.12600000000003,77.98600000000003,78.01700000000002,495
2026-08-06T11:05:00+00:00,78.01700000000002,78.18300000000002,78.00800000000002,78.12700000000002,360
2026-08-06T11:10:00+00:00,78.12700000000002,78.18300000000002,78.06800000000003,78.11300000000003,360
2026-08-06T11:15:00+00:00,78.11300000000003,78.17600000000003,78.05300000000003,78.05700000000003,272
2026-08-06T11:20:00+00:00,78.05700000000003,78.13800000000003,78.01600000000002,78.11200000000002,333
2026-08-06T11:25:00+00:00,78.11200000000002,78.18300000000002,78.07700000000003,78.08700000000003,315
2026-08-06T11:30:00+00:00,78.08700000000003,78.15800000000003,78.02600000000002,78.04100000000003,449
2026-08-06T11:35:00+00:00,78.04100000000003,78.08100000000003,77.98700000000002,78.03300000000003,332
2026-08-06T11:40:00+00:00,78.03300000000003,78.04800000000003,77.99200000000003,78.02600000000002,318
2026-08-06T11:45:00+00:00,78.02600000000002,78.19800000000002,78.00300000000003,78.11300000000003,378
2026-08-06T11:50:00+00:00,78.11300000000003,78.45800000000003,78.10700000000003,78.44800000000002,644
2026-08-06T11:55:00+00:00,78.44800000000002,78.47100000000003,77.94600000000003,77.96600000000002,1149
2026-08-06T12:00:00+00:00,77.96600000000002,78.12300000000003,77.89700000000002,78.02200000000002,628
2026-08-06T12:05:00+00:00,78.02200000000002,78.36700000000003,77.96600000000002,78.20800000000003,1034
2026-08-06T12:10:00+00:00,78.20800000000003,78.28300000000003,78.01600000000002,78.01800000000003,684
2026-08-06T12:15:00+00:00,78.01800000000003,78.27800000000002,77.96700000000003,78.24700000000003,548
2026-08-06T12:20:00+00:00,78.24700000000003,78.39800000000002,78.21600000000002,78.39700000000002,545
2026-08-06T12:25:00+00:00,78.39700000000002,78.48200000000003,78.32600000000002,78.36300000000003,606
2026-08-06T12:30:00+00:00,78.36300000000003,78.43300000000002,78.28100000000002,78.37800000000003,610
2026-08-06T12:35:00+00:00,78.37800000000003,78.58800000000002,78.35100000000003,78.58100000000003,501
2026-08-06T12:40:00+00:00,78.58100000000003,78.63300000000002,78.54100000000003,78.55100000000003,498
2026-08-06T12:45:00+00:00,78.55100000000003,78.61100000000003,78.41600000000003,78.49100000000003,427
2026-08-06T12:50:00+00:00,78.49100000000003,78.62800000000003,78.49100000000003,78.59100000000002,427
2026-08-06T12:55:00+00:00,78.59100000000002,78.60800000000003,78.52700000000003,78.54800000000003,480
2026-08-06T13:00:00+00:00,78.54800000000003,78.76200000000003,78.49800000000003,78.66800000000002,1233
2026-08-06T13:05:00+00:00,78.66800000000002,79.20700000000002,78.62200000000003,78.99100000000003,1425
2026-08-06T13:10:00+00:00,78.99100000000003,79.11600000000003,78.94200000000002,78.99100000000003,898
2026-08-06T13:15:00+00:00,78.99100000000003,78.99100000000003,78.76100000000002,78.87300000000003,894
2026-08-06T13:20:00+00:00,78.87300000000003,78.87700000000002,78.70200000000003,78.74800000000003,766
2026-08-06T13:25:00+00:00,78.74800000000003,78.76700000000002,78.60600000000002,78.65600000000002,876
2026-08-06T13:30:00+00:00,78.65600000000002,78.74700000000003,78.58100000000003,78.68100000000003,735
2026-08-06T13:35:00+00:00,78.68100000000003,78.68800000000003,78.58200000000002,78.65600000000002,571
2026-08-06T13:40:00+00:00,78.65600000000002,78.65700000000002,78.42600000000003,78.48600000000003,716
2026-08-06T13:45:00+00:00,78.48600000000003,78.74700000000003,78.48600000000003,78.71600000000002,782
2026-08-06T13:50:00+00:00,78.71600000000002,78.73700000000002,78.48100000000002,78.60200000000003,708
2026-08-06T13:55:00+00:00,78.60200000000003,78.70800000000003,78.57100000000003,78.70700000000002,546
2026-08-06T14:00:00+00:00,78.70700000000002,78.74800000000003,78.47300000000003,78.52600000000002,659
2026-08-06T14:05:00+00:00,78.52600000000002,78.70100000000002,78.51800000000003,78.66200000000002,713
2026-08-06T14:10:00+00:00,78.66200000000002,78.67800000000003,78.57600000000002,78.62700000000002,602
2026-08-06T14:15:00+00:00,78.62700000000002,78.71700000000003,78.57700000000003,78.70600000000003,620
2026-08-06T14:20:00+00:00,78.70600000000003,78.79300000000002,78.63800000000003,78.76800000000003,565
2026-08-06T14:25:00+00:00,78.76800000000003,78.96200000000003,78.73200000000003,78.88700000000003,777
2026-08-06T14:30:00+00:00,78.88700000000003,78.90800000000003,78.61800000000002,78.71100000000003,878
2026-08-06T14:35:00+00:00,78.71100000000003,78.96800000000003,78.69300000000003,78.95700000000002,813
2026-08-06T14:40:00+00:00,78.95700000000002,78.95700000000002,78.80600000000003,78.89100000000002,724
2026-08-06T14:45:00+00:00,78.89100000000002,79.14800000000002,78.88600000000002,78.99800000000003,998
2026-08-06T14:50:00+00:00,78.99800000000003,79.19300000000003,78.99800000000003,79.03700000000002,765
2026-08-06T14:55:00+00:00,79.03700000000002,79.05800000000002,78.92600000000003,78.93700000000003,813
2026-08-06T15:00:00+00:00,78.93700000000003,79.18300000000002,78.86700000000003,79.12700000000002,1254
2026-08-06T15:05:00+00:00,79.12700000000002,79.18700000000003,79.01200000000003,79.06800000000003,947
2026-08-06T15:10:00+00:00,79.06800000000003,79.17700000000002,79.04700000000003,79.06200000000003,850
2026-08-06T15:15:00+00:00,79.06200000000003,79.58100000000003,79.06100000000002,79.54800000000003,1575
2026-08-06T15:20:00+00:00,79.54800000000003,79.61600000000003,79.43100000000003,79.55700000000003,1158
2026-08-06T15:25:00+00:00,79.55700000000003,79.58300000000003,79.16100000000003,79.28700000000002,1898
2026-08-06T15:30:00+00:00,79.28700000000002,79.61800000000002,79.23100000000002,79.61800000000002,1534
2026-08-06T15:35:00+00:00,79.61800000000002,79.70100000000002,79.42600000000003,79.44600000000003,790
2026-08-06T15:40:00+00:00,79.44600000000003,79.49200000000003,79.28800000000003,79.33300000000003,818
2026-08-06T15:45:00+00:00,79.33300000000003,79.49800000000003,79.30700000000003,79.46200000000003,711
2026-08-06T15:50:00+00:00,79.46200000000003,80.43300000000002,79.32600000000002,80.42800000000003,1740
2026-08-06T15:55:00+00:00,80.42800000000003,80.62800000000003,79.99200000000003,80.26800000000003,2593
2026-08-06T16:00:00+00:00,80.26800000000003,80.53100000000002,80.22300000000003,80.30700000000003,1380
2026-08-06T16:05:00+00:00,80.30700000000003,80.38700000000003,80.16800000000002,80.31600000000003,1298
2026-08-06T16:10:00+00:00,80.31600000000003,80.51200000000003,80.25100000000003,80.47800000000002,952
2026-08-06T16:15:00+00:00,80.47800000000002,80.68200000000003,80.47600000000003,80.64600000000003,1319
2026-08-06T16:20:00+00:00,80.64600000000003,80.70300000000003,80.37800000000003,80.45700000000002,1564
2026-08-06T16:25:00+00:00,80.45700000000002,80.58800000000002,80.32600000000002,80.32600000000002,993
2026-08-06T16:30:00+00:00,80.32600000000002,80.48800000000003,80.29200000000003,80.44200000000002,1475
2026-08-06T16:35:00+00:00,80.44200000000002,80.52600000000002,80.26800000000003,80.50800000000002,804
2026-08-06T16:40:00+00:00,80.50800000000002,80.77800000000002,80.49700000000003,80.77100000000003,908
2026-08-06T16:45:00+00:00,80.77100000000003,80.80200000000002,80.52600000000002,80.52800000000002,965
2026-08-06T16:50:00+00:00,80.52800000000002,80.74700000000003,80.50200000000002,80.69800000000002,875
2026-08-06T16:55:00+00:00,80.69800000000002,80.76800000000003,80.58700000000003,80.58700000000003,652
2026-08-06T17:00:00+00:00,80.58700000000003,80.59700000000002,80.38800000000003,80.56600000000003,759
2026-08-06T17:05:00+00:00,80.56600000000003,80.58300000000003,80.45300000000003,80.47600000000003,701
2026-08-06T17:10:00+00:00,80.47600000000003,80.61800000000002,80.40600000000002,80.50700000000003,779
2026-08-06T17:15:00+00:00,80.50700000000003,80.52700000000003,80.42600000000003,80.43700000000003,491
2026-08-06T17:20:00+00:00,80.43700000000003,80.59700000000002,80.43100000000003,80.46200000000003,563
2026-08-06T17:25:00+00:00,80.46200000000003,80.46800000000003,80.28600000000003,80.33800000000002,785
2026-08-06T17:30:00+00:00,80.33800000000002,80.40700000000002,80.09600000000003,80.12800000000003,704
2026-08-06T17:35:00+00:00,80.12800000000003,80.20700000000002,80.10600000000002,80.15700000000002,479
2026-08-06T17:40:00+00:00,80.15700000000002,80.20300000000003,80.09200000000003,80.15600000000002,505
2026-08-06T17:45:00+00:00,80.15600000000002,80.20300000000003,80.01100000000002,80.09700000000002,874
2026-08-06T17:50:00+00:00,80.09700000000002,80.11200000000002,79.99800000000003,80.06700000000002,633
2026-08-06T17:55:00+00:00,80.06700000000002,80.15800000000003,80.04300000000002,80.14600000000003,587
2026-08-06T18:00:00+00:00,80.14600000000003,80.32600000000002,80.04600000000002,80.05700000000003,1136
2026-08-06T18:05:00+00:00,80.05700000000003,80.14300000000003,80.01300000000003,80.09800000000003,802
2026-08-06T18:10:00+00:00,80.09800000000003,80.36800000000002,80.08100000000003,80.22600000000003,976
2026-08-06T18:15:00+00:00,80.22600000000003,80.32800000000003,80.18600000000002,80.25300000000003,984
2026-08-06T18:20:00+00:00,80.25300000000003,80.40300000000002,80.12700000000002,80.32700000000003,1209
2026-08-06T18:25:00+00:00,80.32700000000003,80.37600000000003,80.17100000000002,80.26600000000002,2524
2026-08-06T18:30:00+00:00,80.26600000000002,80.30700000000003,80.07600000000002,80.18600000000002,780
2026-08-06T18:35:00+00:00,80.18600000000002,80.25700000000003,80.11600000000003,80.22700000000003,530
2026-08-06T18:40:00+00:00,80.22700000000003,80.24600000000002,80.17600000000003,80.19100000000003,283
2026-08-06T18:45:00+00:00,80.19100000000003,80.21800000000003,80.16200000000002,80.21600000000002,233
2026-08-06T18:50:00+00:00,80.21600000000002,80.31300000000003,80.21100000000003,80.31300000000003,208
2026-08-06T18:55:00+00:00,80.31300000000003,80.38200000000003,80.28800000000003,80.35200000000003,281
2026-08-06T19:00:00+00:00,80.35200000000003,80.52300000000002,80.35200000000003,80.50700000000003,374
2026-08-06T19:05:00+00:00,80.50700000000003,80.61800000000002,80.46700000000003,80.49700000000003,470
2026-08-06T19:10:00+00:00,80.49700000000003,80.52300000000002,80.43600000000002,80.50700000000003,300
2026-08-06T19:15:00+00:00,80.50700000000003,80.54800000000003,80.42600000000003,80.45800000000003,367
2026-08-06T19:20:00+00:00,80.45800000000003,80.91200000000002,80.42700000000002,80.89300000000003,986
2026-08-06T19:25:00+00:00,80.89300000000003,81.25700000000003,80.85700000000003,81.15700000000002,1645
2026-08-06T19:30:00+00:00,81.15700000000002,81.25200000000002,81.03600000000003,81.05800000000002,955
2026-08-06T19:35:00+00:00,81.05800000000002,81.27300000000002,81.00600000000003,81.04200000000003,639
2026-08-06T19:40:00+00:00,81.04200000000003,81.04800000000003,80.84800000000003,80.93800000000003,592
2026-08-06T19:45:00+00:00,80.93800000000003,80.96300000000002,80.80600000000003,80.84200000000003,416
2026-08-06T19:50:00+00:00,80.84200000000003,81.10800000000003,80.39300000000003,80.60200000000003,1147
2026-08-06T19:55:00+00:00,80.60200000000003,80.77300000000002,80.43300000000002,80.74200000000003,920
2026-08-06T20:00:00+00:00,80.74200000000003,80.81300000000003,80.66800000000002,80.80700000000003,518
2026-08-06T20:05:00+00:00,80.80700000000003,80.88200000000003,80.73100000000002,80.77800000000002,350
2026-08-06T20:10:00+00:00,80.77800000000002,80.87300000000003,80.77100000000003,80.84100000000002,470
2026-08-06T20:15:00+00:00,80.84100000000002,80.85800000000003,80.75300000000003,80.78700000000002,239
2026-08-06T20:20:00+00:00,80.78700000000002,81.10800000000003,80.77600000000002,81.01200000000003,577
2026-08-06T20:25:00+00:00,81.01200000000003,81.23700000000002,80.91100000000003,81.16300000000003,663
2026-08-06T20:30:00+00:00,81.16300000000003,81.16300000000003,81.04600000000002,81.08300000000003,234
2026-08-06T20:35:00+00:00,81.08300000000003,81.34800000000003,81.06600000000003,81.25700000000003,399
2026-08-06T20:40:00+00:00,81.25700000000003,81.29300000000002,81.14300000000003,81.22200000000002,312
2026-08-06T20:45:00+00:00,81.22200000000002,81.56800000000003,81.21200000000003,81.39600000000003,562
2026-08-06T20:50:00+00:00,81.39600000000003,81.46200000000003,81.33100000000003,81.34700000000002,327
2026-08-06T20:55:00+00:00,81.34700000000002,81.40200000000003,81.26800000000003,81.36300000000003,466
2026-08-07T00:00:00+00:00,81.36300000000003,81.42100000000003,81.15300000000002,81.30400000000003,321.8219285826648
2026-08-07T00:05:00+00:00,81.30400000000003,81.32300000000002,81.18400000000003,81.25000000000003,261
2026-08-07T00:10:00+00:00,81.25000000000003,81.47500000000002,81.25000000000003,81.32300000000002,286
2026-08-07T00:15:00+00:00,81.32300000000002,81.46000000000002,81.31500000000003,81.39800000000002,184
2026-08-07T00:20:00+00:00,81.39800000000002,81.50000000000003,81.35500000000002,81.48800000000003,256
2026-08-07T00:25:00+00:00,81.48800000000003,81.56900000000002,81.45300000000002,81.48900000000002,367
2026-08-07T00:30:00+00:00,81.48900000000002,81.53500000000003,81.43800000000002,81.49800000000002,230
2026-08-07T00:35:00+00:00,81.49800000000002,81.66000000000003,81.47900000000003,81.65900000000002,329
2026-08-07T00:40:00+00:00,81.65900000000002,81.69500000000002,81.45300000000002,81.48800000000003,367
2026-08-07T00:45:00+00:00,81.48800000000003,81.49000000000002,81.31400000000002,81.38900000000002,336
2026-08-07T00:50:00+00:00,81.38900000000002,81.43500000000003,81.26500000000003,81.26500000000003,304
2026-08-07T00:55:00+00:00,81.26500000000003,81.31800000000003,81.08300000000003,81.13800000000002,360
2026-08-07T01:00:00+00:00,81.13800000000002,81.19000000000003,80.92400000000002,81.14800000000002,1320
2026-08-07T01:05:00+00:00,81.14800000000002,81.24400000000003,81.06800000000003,81.07300000000002,525
2026-08-07T01:10:00+00:00,81.07300000000002,81.10900000000002,80.98300000000002,81.03900000000003,391
2026-08-07T01:15:00+00:00,81.03900000000003,81.10300000000002,80.98500000000003,81.05500000000002,399
2026-08-07T01:20:00+00:00,81.05500000000002,81.23500000000003,81.04500000000003,81.20900000000002,380
2026-08-07T01:25:00+00:00,81.20900000000002,81.22900000000003,80.98800000000003,81.02900000000002,415
2026-08-07T01:30:00+00:00,81.02900000000002,81.02900000000002,80.91800000000002,81.00000000000003,560
2026-08-07T01:35:00+00:00,81.00000000000003,81.04900000000002,80.93800000000002,80.93900000000002,390
2026-08-07T01:40:00+00:00,80.93900000000002,81.11300000000003,80.93900000000002,80.99300000000002,309
2026-08-07T01:45:00+00:00,80.99300000000002,81.17900000000003,80.99300000000002,81.17900000000003,306
2026-08-07T01:50:00+00:00,81.17900000000003,81.21500000000002,81.14800000000002,81.15900000000002,245
2026-08-07T01:55:00+00:00,81.15900000000002,81.18900000000002,81.02800000000002,81.12400000000002,377
2026-08-07T02:00:00+00:00,81.12400000000002,81.33800000000002,81.12300000000002,81.30800000000002,419
2026-08-07T02:05:00+00:00,81.30800000000002,81.33500000000002,81.18400000000003,81.22000000000003,376
2026-08-07T02:10:00+00:00,81.22000000000003,81.26400000000002,81.19800000000002,81.22400000000002,270
2026-08-07T02:15:00+00:00,81.22400000000002,81.34000000000002,81.18300000000002,81.33500000000002,202
2026-08-07T02:20:00+00:00,81.33500000000002,81.37900000000002,81.25300000000003,81.26800000000003,174
2026-08-07T02:25:00+00:00,81.26800000000003,81.40500000000003,81.25000000000003,81.38500000000002,159
2026-08-07T02:30:00+00:00,81.38500000000002,81.44500000000002,81.33300000000003,81.39000000000003,358
2026-08-07T02:35:00+00:00,81.39000000000003,81.45500000000003,81.30300000000003,81.43300000000002,281
2026-08-07T02:40:00+00:00,81.43300000000002,81.44400000000002,81.26800000000003,81.31800000000003,278
2026-08-07T02:45:00+00:00,81.31800000000003,81.33500000000002,81.20900000000002,81.30800000000002,251
2026-08-07T02:50:00+00:00,81.30800000000002,81.33400000000002,81.22900000000003,81.24000000000002,268
2026-08-07T02:55:00+00:00,81.24000000000002,81.30400000000003,81.21300000000002,81.24800000000002,232
2026-08-07T03:00:00+00:00,81.24800000000002,81.25500000000002,81.11900000000003,81.13900000000002,194
2026-08-07T03:05:00+00:00,81.13900000000002,81.29400000000003,81.12900000000002,81.29400000000003,163
2026-08-07T03:10:00+00:00,81.29400000000003,81.39000000000003,81.29400000000003,81.35800000000002,234
2026-08-07T03:15:00+00:00,81.35800000000002,81.45500000000003,81.31800000000003,81.41300000000003,311
2026-08-07T03:20:00+00:00,81.41300000000003,81.53800000000003,81.36300000000003,81.38400000000003,388
2026-08-07T03:25:00+00:00,81.38400000000003,81.38500000000002,81.30300000000003,81.32800000000002,262
2026-08-07T03:30:00+00:00,81.32800000000002,81.34500000000003,81.27800000000002,81.31400000000002,188
2026-08-07T03:35:00+00:00,81.31400000000002,81.31800000000003,81.20900000000002,81.20900000000002,104
2026-08-07T03:40:00+00:00,81.20900000000002,81.33500000000002,81.20900000000002,81.27000000000002,134
2026-08-07T03:45:00+00:00,81.27000000000002,81.32300000000002,81.25800000000002,81.30300000000003,81
2026-08-07T03:50:00+00:00,81.30300000000003,81.34900000000002,81.27800000000002,81.31300000000002,147
2026-08-07T03:55:00+00:00,81.31300000000002,81.33900000000003,81.28500000000003,81.29500000000003,121
2026-08-07T04:00:00+00:00,81.29500000000003,81.33000000000003,81.23400000000002,81.33000000000003,193
2026-08-07T04:05:00+00:00,81.33000000000003,81.43800000000002,81.29300000000002,81.43500000000003,303
2026-08-07T04:10:00+00:00,81.43500000000003,81.62500000000003,81.40300000000002,81.55400000000003,463
2026-08-07T04:15:00+00:00,81.55400000000003,81.90400000000002,81.54800000000003,81.90400000000002,759
2026-08-07T04:20:00+00:00,81.90400000000002,81.90400000000002,81.66500000000002,81.84000000000002,818
2026-08-07T04:25:00+00:00,81.84000000000002,82.09000000000002,81.83800000000002,82.09000000000002,1928
2026-08-07T04:30:00+00:00,82.09000000000002,82.23800000000003,81.56800000000003,81.59900000000002,1195
2026-08-07T04:35:00+00:00,81.59900000000002,81.69000000000003,81.59300000000002,81.64800000000002,423
2026-08-07T04:40:00+00:00,81.64800000000002,81.76800000000003,81.64800000000002,81.75900000000003,318
2026-08-07T04:45:00+00:00,81.75900000000003,81.79000000000002,81.69800000000002,81.69800000000002,291
2026-08-07T04:50:00+00:00,81.69800000000002,81.69900000000003,81.62300000000002,81.62800000000003,222
2026-08-07T04:55:00+00:00,81.62800000000003,81.63400000000003,81.52400000000003,81.63400000000003,244
2026-08-07T05:00:00+00:00,81.63400000000003,81.67000000000003,81.60400000000003,81.62400000000002,245
2026-08-07T05:05:00+00:00,81.62400000000002,81.65500000000003,81.57500000000002,81.59000000000002,213
2026-08-07T05:10:00+00:00,81.59000000000002,81.66800000000002,81.56900000000002,81.66800000000002,160
2026-08-07T05:15:00+00:00,81.66800000000002,81.67500000000003,81.59800000000003,81.65500000000003,182
2026-08-07T05:20:00+00:00,81.65500000000003,81.67000000000003,81.57900000000002,81.59900000000002,148
2026-08-07T05:25:00+00:00,81.59900000000002,81.70000000000002,81.58800000000002,81.68000000000002,161
2026-08-07T05:30:00+00:00,81.68000000000002,81.71800000000002,81.59900000000002,81.68500000000003,579
2026-08-07T05:35:00+00:00,81.68500000000003,81.69000000000003,81.51300000000002,81.52900000000002,548
2026-08-07T05:40:00+00:00,81.52900000000002,81.62900000000002,81.49300000000002,81.59300000000002,467
2026-08-07T05:45:00+00:00,81.59300000000002,81.71500000000002,81.57800000000002,81.60400000000003,368
2026-08-07T05:50:00+00:00,81.60400000000003,81.60400000000003,81.41300000000003,81.44400000000002,392
2026-08-07T05:55:00+00:00,81.44400000000002,81.45500000000003,81.38500000000002,81.41300000000003,506
2026-08-07T06:00:00+00:00,81.41300000000003,81.50800000000002,81.17300000000003,81.18500000000003,606
2026-08-07T06:05:00+00:00,81.18500000000003,81.27000000000002,81.08300000000003,81.23500000000003,463
2026-08-07T06:10:00+00:00,81.23500000000003,81.29300000000002,81.12900000000002,81.13400000000003,360
2026-08-07T06:15:00+00:00,81.13400000000003,81.23500000000003,81.10400000000003,81.17300000000003,480
2026-08-07T06:20:00+00:00,81.17300000000003,81.20500000000003,80.93400000000003,80.97400000000002,471
2026-08-07T06:25:00+00:00,80.97400000000002,81.03500000000003,80.90300000000002,80.91900000000003,412
2026-08-07T06:30:00+00:00,80.91900000000003,81.20400000000002,80.89800000000002,81.14900000000003,561
2026-08-07T06:35:00+00:00,81.14900000000003,81.34000000000002,81.14900000000003,81.32900000000002,477
2026-08-07T06:40:00+00:00,81.32900000000002,81.55000000000003,81.32400000000003,81.52500000000002,570
2026-08-07T06:45:00+00:00,81.52500000000002,81.52900000000002,81.38300000000002,81.41900000000003,625
2026-08-07T06:50:00+00:00,81.41900000000003,81.41900000000003,81.23300000000002,81.27900000000002,410
2026-08-07T06:55:00+00:00,81.27900000000002,81.33000000000003,81.22800000000002,81.25500000000002,441
2026-08-07T07:00:00+00:00,81.25500000000002,81.45500000000003,81.20500000000003,81.35300000000002,570
2026-08-07T07:05:00+00:00,81.35300000000002,81.36500000000002,81.26400000000002,81.30400000000003,421
2026-08-07T07:10:00+00:00,81.30400000000003,81.31400000000002,81.02800000000002,81.03300000000003,381
2026-08-07T07:15:00+00:00,81.03300000000003,81.22900000000003,81.02300000000002,81.14500000000002,386
2026-08-07T07:20:00+00:00,81.14500000000002,81.14500000000002,80.97300000000003,81.07300000000002,426
2026-08-07T07:25:00+00:00,81.07300000000002,81.12000000000002,80.89900000000003,80.93800000000002,464
2026-08-07T07:30:00+00:00,80.93800000000002,81.16400000000003,80.88400000000003,81.04000000000002,483
2026-08-07T07:35:00+00:00,81.04000000000002,81.21500000000002,81.00900000000003,81.06000000000003,539
2026-08-07T07:40:00+00:00,81.06000000000003,81.18900000000002,81.05000000000003,81.18900000000002,268
2026-08-07T07:45:00+00:00,81.18900000000002,81.22300000000003,81.03300000000003,81.07300000000002,371
2026-08-07T07:50:00+00:00,81.07300000000002,81.29900000000002,81.07300000000002,81.27300000000002,357
2026-08-07T07:55:00+00:00,81.27300000000002,81.27300000000002,81.09400000000002,81.12400000000002,416
2026-08-07T08:00:00+00:00,81.12400000000002,81.17500000000003,80.98800000000003,81.03500000000003,627
2026-08-07T08:05:00+00:00,81.03500000000003,81.07500000000002,80.80300000000003,81.01500000000003,675
2026-08-07T08:10:00+00:00,81.01500000000003,81.05500000000002,80.96300000000002,81.03900000000003,364
2026-08-07T08:15:00+00:00,81.03900000000003,81.20800000000003,81.02800000000002,81.16400000000003,562
2026-08-07T08:20:00+00:00,81.16400000000003,81.26400000000002,81.06800000000003,81.07400000000003,430
2026-08-07T08:25:00+00:00,81.07400000000003,81.25300000000003,80.93900000000002,81.15300000000002,1468
2026-08-07T08:30:00+00:00,81.15300000000002,81.21000000000002,80.84000000000002,80.96300000000002,911
2026-08-07T08:35:00+00:00,80.96300000000002,81.13900000000002,80.86300000000003,81.08000000000003,801
2026-08-07T08:40:00+00:00,81.08000000000003,81.16500000000002,80.91800000000002,80.98400000000002,631
2026-08-07T08:45:00+00:00,80.98400000000002,81.19000000000003,80.98400000000002,81.07400000000003,533
2026-08-07T08:50:00+00:00,81.07400000000003,81.16400000000003,81.00300000000003,81.03500000000003,499
2026-08-07T08:55:00+00:00,81.03500000000003,81.03500000000003,80.84000000000002,80.91000000000003,551
2026-08-07T09:00:00+00:00,80.91000000000003,81.01800000000003,80.66500000000002,80.76500000000003,507
2026-08-07T09:05:00+00:00,80.76500000000003,80.84000000000002,80.75500000000002,80.78400000000002,382
2026-08-07T09:10:00+00:00,80.78400000000002,80.78400000000002,80.62000000000002,80.66400000000003,435
2026-08-07T09:15:00+00:00,80.66400000000003,80.81800000000003,80.65000000000002,80.67800000000003,442
2026-08-07T09:20:00+00:00,80.67800000000003,80.67900000000003,80.56300000000002,80.62800000000003,524
2026-08-07T09:25:00+00:00,80.62800000000003,80.67400000000002,80.59800000000003,80.61500000000002,374
2026-08-07T09:30:00+00:00,80.61500000000002,80.66800000000002,80.55000000000003,80.61500000000002,451
2026-08-07T09:35:00+00:00,80.61500000000002,80.61500000000002,80.36300000000003,80.36500000000002,519
2026-08-07T09:40:00+00:00,80.36500000000002,80.37500000000003,80.13000000000002,80.27900000000002,675
2026-08-07T09:45:00+00:00,80.27900000000002,80.27900000000002,80.01000000000002,80.01300000000002,573
2026-08-07T09:50:00+00:00,80.01300000000002,80.29000000000002,80.00500000000002,80.18400000000003,582
2026-08-07T09:55:00+00:00,80.18400000000003,80.26800000000003,80.11400000000002,80.17500000000003,391
2026-08-07T10:00:00+00:00,80.17500000000003,80.17500000000003,79.97800000000002,80.02800000000002,493
2026-08-07T10:05:00+00:00,80.02800000000002,80.13000000000002,79.98400000000002,80.03000000000003,510
2026-08-07T10:10:00+00:00,80.03000000000003,80.03000000000003,79.72000000000003,79.83400000000002,831
2026-08-07T10:15:00+00:00,79.83400000000002,80.19500000000002,79.83300000000003,79.99300000000002,582
2026-08-07T10:20:00+00:00,79.99300000000002,80.08400000000002,79.94400000000002,80.00900000000003,482
2026-08-07T10:25:00+00:00,80.00900000000003,80.13300000000002,79.93300000000002,79.96300000000002,544
2026-08-07T10:30:00+00:00,79.96300000000002,79.96300000000002,79.75900000000003,79.78300000000003,634
2026-08-07T10:35:00+00:00,79.78300000000003,79.89500000000002,79.70400000000002,79.71300000000002,628
2026-08-07T10:40:00+00:00,79.71300000000002,79.88000000000002,79.62800000000003,79.67500000000003,596
2026-08-07T10:45:00+00:00,79.67500000000003,79.82400000000003,79.65800000000003,79.66900000000003,494
2026-08-07T10:50:00+00:00,79.66900000000003,79.76500000000003,79.60900000000002,79.75400000000002,596
2026-08-07T10:55:00+00:00,79.75400000000002,79.89500000000002,79.68900000000002,79.73000000000002,470
2026-08-07T11:00:00+00:00,79.73000000000002,79.81500000000003,79.61500000000002,79.62000000000002,459
2026-08-07T11:05:00+00:00,79.62000000000002,79.82900000000002,79.61300000000003,79.63400000000003,417
2026-08-07T11:10:00+00:00,79.63400000000003,79.83500000000002,79.63400000000003,79.83300000000003,352
2026-08-07T11:15:00+00:00,79.83300000000003,80.00400000000002,79.83300000000003,79.88800000000002,593
2026-08-07T11:20:00+00:00,79.88800000000002,79.90300000000002,79.72400000000002,79.72400000000002,403
2026-08-07T11:25:00+00:00,79.72400000000002,79.74000000000002,79.60000000000002,79.68300000000002,372
2026-08-07T11:30:00+00:00,79.68300000000002,79.80500000000002,79.62300000000002,79.70300000000002,475
2026-08-07T11:35:00+00:00,79.70300000000002,79.72300000000003,79.60800000000002,79.61400000000002,447
2026-08-07T11:40:00+00:00,79.61400000000002,79.62500000000003,79.54000000000002,79.60800000000002,516
2026-08-07T11:45:00+00:00,79.60800000000002,79.61500000000002,79.50300000000003,79.59500000000003,539
2026-08-07T11:50:00+00:00,79.59500000000003,79.59500000000003,79.51300000000002,79.55400000000003,276
2026-08-07T11:55:00+00:00,79.55400000000003,79.70000000000002,79.55400000000003,79.70000000000002,339
2026-08-07T12:00:00+00:00,79.70000000000002,79.70900000000002,79.57800000000002,79.64300000000003,407
2026-08-07T12:05:00+00:00,79.64300000000003,79.84400000000002,79.60800000000002,79.80300000000003,457
2026-08-07T12:10:00+00:00,79.80300000000003,79.84900000000002,79.75500000000002,79.83000000000003,553
2026-08-07T12:15:00+00:00,79.83000000000003,79.97400000000002,79.78300000000003,79.86400000000002,738
2026-08-07T12:20:00+00:00,79.86400000000002,80.00900000000003,79.79300000000002,80.00900000000003,527
2026-08-07T12:25:00+00:00,80.00900000000003,80.25900000000003,79.95300000000002,80.10000000000002,689
2026-08-07T12:30:00+00:00,80.10000000000002,80.12000000000002,79.66000000000003,79.70800000000003,1432
2026-08-07T12:35:00+00:00,79.70800000000003,79.81400000000002,79.53300000000003,79.56900000000002,932
2026-08-07T12:40:00+00:00,79.56900000000002,79.60000000000002,79.35500000000002,79.52500000000002,1040
2026-08-07T12:45:00+00:00,79.52500000000002,79.62400000000002,79.45800000000003,79.50300000000003,598
2026-08-07T12:50:00+00:00,79.50300000000003,79.57500000000002,79.37900000000002,79.46300000000002,586
2026-08-07T12:55:00+00:00,79.46300000000002,79.60000000000002,79.37900000000002,79.52400000000003,636
2026-08-07T13:00:00+00:00,79.52400000000003,79.75500000000002,79.44400000000002,79.73000000000002,1729
2026-08-07T13:05:00+00:00,79.73000000000002,79.76500000000003,79.55300000000003,79.76500000000003,809
2026-08-07T13:10:00+00:00,79.76500000000003,79.97400000000002,79.67400000000002,79.69800000000002,1188
2026-08-07T13:15:00+00:00,79.69800000000002,79.74300000000002,79.57300000000002,79.64000000000003,803
2026-08-07T13:20:00+00:00,79.64000000000003,79.95500000000003,79.60800000000002,79.88000000000002,837
2026-08-07T13:25:00+00:00,79.88000000000002,79.92300000000003,79.78900000000003,79.79800000000003,685
2026-08-07T13:30:00+00:00,79.79800000000003,79.93900000000002,79.70300000000002,79.92400000000002,935
2026-08-07T13:35:00+00:00,79.92400000000002,79.93900000000002,79.81400000000002,79.81400000000002,939
2026-08-07T13:40:00+00:00,79.81400000000002,79.93000000000002,79.79500000000003,79.89500000000002,610
2026-08-07T13:45:00+00:00,79.89500000000002,80.17000000000003,79.85300000000002,80.17000000000003,625
2026-08-07T13:50:00+00:00,80.17000000000003,80.17300000000003,80.03000000000003,80.15300000000002,727
2026-08-07T13:55:00+00:00,80.15300000000002,80.21500000000002,80.01800000000003,80.21400000000003,848
2026-08-07T14:00:00+00:00,80.21400000000003,80.48500000000003,80.07300000000002,80.48000000000002,917
2026-08-07T14:05:00+00:00,80.48000000000002,80.82300000000002,80.45300000000002,80.70300000000002,1095
2026-08-07T14:10:00+00:00,80.70300000000002,80.83800000000002,80.48900000000002,80.60500000000002,1037
2026-08-07T14:15:00+00:00,80.60500000000002,80.60500000000002,80.34400000000002,80.38400000000003,1060
2026-08-07T14:20:00+00:00,80.38400000000003,80.49400000000003,80.26900000000002,80.48400000000002,725
2026-08-07T14:25:00+00:00,80.48400000000002,80.58500000000002,80.45300000000002,80.45300000000002,692
2026-08-07T14:30:00+00:00,80.45300000000002,80.53800000000003,80.35400000000003,80.42500000000003,698
2026-08-07T14:35:00+00:00,80.42500000000003,80.44800000000002,80.27000000000002,80.35800000000002,699
2026-08-07T14:40:00+00:00,80.35800000000002,80.42000000000003,80.28300000000003,80.35400000000003,575
2026-08-07T14:45:00+00:00,80.35400000000003,80.51500000000003,80.28900000000003,80.50400000000002,677
2026-08-07T14:50:00+00:00,80.50400000000002,80.77400000000003,80.46300000000002,80.75500000000002,949
2026-08-07T14:55:00+00:00,80.75500000000002,81.01000000000002,80.73000000000002,80.99000000000002,1123
2026-08-07T15:00:00+00:00,80.99000000000002,81.33400000000002,80.89800000000002,81.24800000000002,1600
2026-08-07T15:05:00+00:00,81.24800000000002,81.40500000000003,81.14800000000002,81.24000000000002,1225
2026-08-07T15:10:00+00:00,81.24000000000002,81.32800000000002,81.12300000000002,81.17400000000002,938
2026-08-07T15:15:00+00:00,81.17400000000002,81.37300000000002,81.12000000000002,81.34500000000003,1022
2026-08-07T15:20:00+00:00,81.34500000000003,81.34500000000003,81.11300000000003,81.14300000000003,1242
2026-08-07T15:25:00+00:00,81.14300000000003,81.45900000000002,81.14300000000003,81.27500000000002,3055
2026-08-07T15:30:00+00:00,81.27500000000002,81.53000000000003,81.23800000000003,81.30000000000003,1394
2026-08-07T15:35:00+00:00,81.30000000000003,81.31500000000003,81.15900000000002,81.27400000000003,901
2026-08-07T15:40:00+00:00,81.27400000000003,81.31000000000003,81.17500000000003,81.26000000000002,690
2026-08-07T15:45:00+00:00,81.26000000000002,81.33000000000003,81.13400000000003,81.28400000000002,638
2026-08-07T15:50:00+00:00,81.28400000000002,81.48000000000002,81.27800000000002,81.38500000000002,649
2026-08-07T15:55:00+00:00,81.38500000000002,81.62900000000002,81.38500000000002,81.54400000000003,716
2026-08-07T16:00:00+00:00,81.54400000000003,81.64500000000002,81.49400000000003,81.51300000000002,670
2026-08-07T16:05:00+00:00,81.51300000000002,81.51800000000003,81.32800000000002,81.38900000000002,733
2026-08-07T16:10:00+00:00,81.38900000000002,81.44500000000002,81.32300000000002,81.43900000000002,503
2026-08-07T16:15:00+00:00,81.43900000000002,81.53400000000002,81.41500000000002,81.45800000000003,501
2026-08-07T16:20:00+00:00,81.45800000000003,81.65000000000002,81.33900000000003,81.58000000000003,851
2026-08-07T16:25:00+00:00,81.58000000000003,81.58000000000003,81.46800000000002,81.55500000000002,517
2026-08-07T16:30:00+00:00,81.55500000000002,81.60500000000002,81.51300000000002,81.59300000000002,578
2026-08-07T16:35:00+00:00,81.59300000000002,81.61900000000003,81.45000000000002,81.47500000000002,437
2026-08-07T16:40:00+00:00,81.47500000000002,81.48500000000003,81.36000000000003,81.40400000000002,400
2026-08-07T16:45:00+00:00,81.40400000000002,81.47500000000002,81.33900000000003,81.40500000000003,382
2026-08-07T16:50:00+00:00,81.40500000000003,81.43000000000002,81.35500000000002,81.40500000000003,504
2026-08-07T16:55:00+00:00,81.40500000000003,81.46000000000002,81.34300000000002,81.45300000000002,595
2026-08-07T17:00:00+00:00,81.45300000000002,81.46000000000002,81.19400000000002,81.22900000000003,744
2026-08-07T17:05:00+00:00,81.22900000000003,81.24500000000002,81.09500000000003,81.19800000000002,846
2026-08-07T17:10:00+00:00,81.19800000000002,81.26300000000002,81.13300000000002,81.15800000000003,730
2026-08-07T17:15:00+00:00,81.15800000000003,81.19300000000003,81.07800000000002,81.10800000000002,509
2026-08-07T17:20:00+00:00,81.10800000000002,81.26000000000002,81.09800000000003,81.16000000000003,552
2026-08-07T17:25:00+00:00,81.16000000000003,81.24500000000002,81.12800000000003,81.16900000000003,412
2026-08-07T17:30:00+00:00,81.16900000000003,81.22000000000003,80.90900000000002,81.00300000000003,787
2026-08-07T17:35:00+00:00,81.00300000000003,81.10500000000002,80.97500000000002,81.10300000000002,422
2026-08-07T17:40:00+00:00,81.10300000000002,81.13500000000002,81.02300000000002,81.12500000000003,370
2026-08-07T17:45:00+00:00,81.12500000000003,81.32500000000002,81.08800000000002,81.24500000000002,559
2026-08-07T17:50:00+00:00,81.24500000000002,81.30500000000002,81.19400000000002,81.25400000000002,524
2026-08-07T17:55:00+00:00,81.25400000000002,81.30500000000002,81.17300000000003,81.28300000000003,428
2026-08-07T18:00:00+00:00,81.28300000000003,81.32500000000002,81.23400000000002,81.28400000000002,640
2026-08-07T18:05:00+00:00,81.28400000000002,81.45900000000002,81.27300000000002,81.38300000000002,568
2026-08-07T18:10:00+00:00,81.38300000000002,81.50000000000003,81.34400000000002,81.40300000000002,621
2026-08-07T18:15:00+00:00,81.40300000000002,81.40500000000003,81.17900000000003,81.25500000000002,562
2026-08-07T18:20:00+00:00,81.25500000000002,81.51500000000003,81.18400000000003,81.46500000000002,1042
2026-08-07T18:25:00+00:00,81.46500000000002,81.49500000000002,81.09900000000002,81.41500000000002,2391
2026-08-07T18:30:00+00:00,81.41500000000002,81.48900000000002,81.23800000000003,81.25900000000003,687
2026-08-07T18:35:00+00:00,81.25900000000003,81.29500000000003,81.18400000000003,81.28900000000003,342
2026-08-07T18:40:00+00:00,81.28900000000003,81.33400000000003,81.27700000000003,81.30200000000002,348
2026-08-07T18:45:00+00:00,81.30200000000002,81.31400000000002,81.24700000000003,81.26800000000003,280
2026-08-07T18:50:00+00:00,81.26800000000003,81.35300000000002,81.26200000000003,81.27900000000002,248
2026-08-07T18:55:00+00:00,81.27900000000002,81.34700000000002,81.16400000000003,81.20800000000003,209
2026-08-07T19:00:00+00:00,81.20800000000003,81.20800000000003,80.62700000000002,80.72300000000003,1650
2026-08-07T19:05:00+00:00,80.72300000000003,80.78900000000003,80.42200000000003,80.46300000000002,971
2026-08-07T19:10:00+00:00,80.46300000000002,80.57800000000003,80.42700000000002,80.51200000000003,585
2026-08-07T19:15:00+00:00,80.51200000000003,80.60900000000002,80.18800000000003,80.27900000000002,979
2026-08-07T19:20:00+00:00,80.27900000000002,80.28300000000003,79.89300000000003,79.95700000000002,966
2026-08-07T19:25:00+00:00,79.95700000000002,80.03900000000003,79.79800000000003,79.86900000000003,797
2026-08-07T19:30:00+00:00,79.86900000000003,79.89300000000003,79.72900000000003,79.87800000000003,729
2026-08-07T19:35:00+00:00,79.87800000000003,79.97900000000003,79.71800000000003,79.88700000000003,843
2026-08-07T19:40:00+00:00,79.88700000000003,79.89300000000003,79.67400000000002,79.76300000000002,359
2026-08-07T19:45:00+00:00,79.76300000000002,79.77900000000002,79.66700000000003,79.75900000000003,436
2026-08-07T19:50:00+00:00,79.75900000000003,79.78400000000002,79.68200000000003,79.76200000000003,350
2026-08-07T19:55:00+00:00,79.76200000000003,79.90900000000002,79.73300000000003,79.90700000000002,522
2026-08-07T20:00:00+00:00,79.90700000000002,79.94900000000003,79.69700000000003,79.75800000000002,457
2026-08-07T20:05:00+00:00,79.75800000000002,79.87400000000002,79.69400000000003,79.82400000000003,469
2026-08-07T20:10:00+00:00,79.82400000000003,79.96400000000003,79.82300000000002,79.94400000000003,230
2026-08-07T20:15:00+00:00,79.94400000000003,80.01200000000003,79.92700000000002,79.99700000000003,243
2026-08-07T20:20:00+00:00,79.99700000000003,80.00700000000002,79.87200000000003,79.88200000000002,225
2026-08-07T20:25:00+00:00,79.88200000000002,79.96900000000002,79.87200000000003,79.96300000000002,240
2026-08-07T20:30:00+00:00,79.96300000000002,80.07700000000003,79.94700000000003,80.07700000000003,249
2026-08-07T20:35:00+00:00,80.07700000000003,80.08900000000003,80.02400000000003,80.04400000000003,277
2026-08-07T20:40:00+00:00,80.04400000000003,80.10400000000003,80.01200000000003,80.10400000000003,189
2026-08-10T00:00:00+00:00,80.10400000000003,81.94900000000003,79.93400000000003,81.83400000000003,573.9174517720951
2026-08-10T00:05:00+00:00,81.83400000000003,81.91300000000003,81.75800000000002,81.89800000000002,275
2026-08-10T00:10:00+00:00,81.89800000000002,82.09400000000002,81.89200000000002,82.06800000000003,292
2026-08-10T00:15:00+00:00,82.06800000000003,82.10900000000002,82.01700000000002,82.07400000000003,193
2026-08-10T00:20:00+00:00,82.07400000000003,82.11400000000002,82.05700000000003,82.09900000000002,163
2026-08-10T00:25:00+00:00,82.09900000000002,82.11400000000002,82.06400000000002,82.09900000000002,129
2026-08-10T00:30:00+00:00,82.09900000000002,82.17900000000003,82.05700000000003,82.05900000000003,193
2026-08-10T00:35:00+00:00,82.05900000000003,82.07900000000002,81.96700000000003,82.01800000000003,208
2026-08-10T00:40:00+00:00,82.01800000000003,82.03200000000002,81.92200000000003,82.02400000000003,193
2026-08-10T00:45:00+00:00,82.02400000000003,82.06700000000002,81.95700000000002,82.03900000000003,313
2026-08-10T00:50:00+00:00,82.03900000000003,82.16900000000003,81.92700000000002,82.08800000000002,361
2026-08-10T00:55:00+00:00,82.08800000000002,82.09400000000002,81.81300000000003,81.84300000000002,345
2026-08-10T01:00:00+00:00,81.84300000000002,82.02300000000002,81.31200000000003,81.84200000000003,2096
2026-08-10T01:05:00+00:00,81.84200000000003,82.27800000000002,81.81300000000003,82.19300000000003,973
2026-08-10T01:10:00+00:00,82.19300000000003,82.32800000000003,82.06200000000003,82.23200000000003,725
2026-08-10T01:15:00+00:00,82.23200000000003,82.30400000000003,82.05200000000002,82.08800000000002,501
2026-08-10T01:20:00+00:00,82.08800000000002,82.11800000000002,82.02300000000002,82.05800000000002,418
2026-08-10T01:25:00+00:00,82.05800000000002,82.30700000000003,82.04400000000003,82.26200000000003,547
2026-08-10T01:30:00+00:00,82.26200000000003,82.42900000000003,82.21200000000002,82.24200000000002,370
2026-08-10T01:35:00+00:00,82.24200000000002,82.34700000000002,82.21800000000002,82.28400000000002,379
2026-08-10T01:40:00+00:00,82.28400000000002,82.37200000000003,82.27200000000002,82.29300000000002,355
2026-08-10T01:45:00+00:00,82.29300000000002,82.36400000000002,82.26200000000003,82.30400000000003,255
2026-08-10T01:50:00+00:00,82.30400000000003,82.33900000000003,82.03800000000003,82.13900000000002,625
2026-08-10T01:55:00+00:00,82.13900000000002,82.21400000000003,82.08900000000003,82.11400000000002,365
2026-08-10T02:00:00+00:00,82.11400000000002,82.21400000000003,82.09700000000002,82.15300000000002,472
2026-08-10T02:05:00+00:00,82.15300000000002,82.23300000000002,82.10800000000002,82.18200000000003,254
2026-08-10T02:10:00+00:00,82.18200000000003,82.19400000000003,82.06200000000003,82.08900000000003,245
2026-08-10T02:15:00+00:00,82.08900000000003,82.12400000000002,82.03700000000002,82.05400000000003,144
2026-08-10T02:20:00+00:00,82.05400000000003,82.05400000000003,81.94700000000003,81.96400000000003,172
2026-08-10T02:25:00+00:00,81.96400000000003,81.99700000000003,81.88700000000003,81.91800000000002,140
2026-08-10T02:30:00+00:00,81.91800000000002,81.95400000000002,81.84700000000002,81.92400000000002,422
2026-08-10T02:35:00+00:00,81.92400000000002,81.98400000000002,81.86200000000002,81.86700000000002,313
2026-08-10T02:40:00+00:00,81.86700000000002,81.92300000000003,81.78300000000003,81.87400000000002,284
2026-08-10T02:45:00+00:00,81.87400000000002,82.00900000000003,81.84800000000003,81.95700000000002,276
2026-08-10T02:50:00+00:00,81.95700000000002,82.08900000000003,81.94700000000003,82.06700000000002,266
2026-08-10T02:55:00+00:00,82.06700000000002,82.17400000000002,81.97700000000002,82.07900000000002,339
2026-08-10T03:00:00+00:00,82.07900000000002,82.12400000000002,81.89200000000002,81.90800000000003,374
2026-08-10T03:05:00+00:00,81.90800000000003,81.92900000000003,81.84300000000002,81.84700000000002,247
2026-08-10T03:10:00+00:00,81.84700000000002,81.96400000000003,81.77300000000002,81.91900000000003,327
2026-08-10T03:15:00+00:00,81.91900000000003,81.93800000000003,81.77700000000003,81.80300000000003,274
2026-08-10T03:20:00+00:00,81.80300000000003,81.84800000000003,81.76200000000003,81.79700000000003,200
2026-08-10T03:25:00+00:00,81.79700000000003,81.86900000000003,81.76400000000002,81.86400000000002,326
2026-08-10T03:30:00+00:00,81.86400000000002,82.01200000000003,81.85700000000003,82.00300000000003,189
2026-08-10T03:35:00+00:00,82.00300000000003,82.06400000000002,81.95700000000002,82.02400000000003,258
2026-08-10T03:40:00+00:00,82.02400000000003,82.06300000000003,81.97300000000003,81.97300000000003,102
2026-08-10T03:45:00+00:00,81.97300000000003,82.04300000000002,81.97300000000003,82.01800000000003,101
2026-08-10T03:50:00+00:00,82.01800000000003,82.07300000000002,82.01200000000003,82.01700000000002,99
2026-08-10T03:55:00+00:00,82.01700000000002,82.04300000000002,81.96400000000003,81.99200000000002,105
2026-08-10T04:00:00+00:00,81.99200000000002,82.03800000000003,81.94700000000003,82.03400000000002,127
2026-08-10T04:05:00+00:00,82.03400000000002,82.05400000000003,82.00700000000002,82.00700000000002,88
2026-08-10T04:10:00+00:00,82.00700000000002,82.08800000000002,81.99700000000003,82.05900000000003,84
2026-08-10T04:15:00+00:00,82.05900000000003,82.05900000000003,82.02700000000003,82.03900000000003,48
2026-08-10T04:20:00+00:00,82.03900000000003,82.05400000000003,81.93700000000003,81.94400000000003,137
2026-08-10T04:25:00+00:00,81.94400000000003,81.98800000000003,81.87700000000002,81.97800000000002,232
2026-08-10T04:30:00+00:00,81.97800000000002,81.98400000000002,81.82900000000002,81.84700000000002,179
2026-08-10T04:35:00+00:00,81.84700000000002,81.92900000000003,81.80900000000003,81.89300000000003,182
2026-08-10T04:40:00+00:00,81.89300000000003,81.92800000000003,81.74700000000003,81.76300000000002,302
2026-08-10T04:45:00+00:00,81.76300000000002,81.77900000000002,81.70700000000002,81.71700000000003,193
2026-08-10T04:50:00+00:00,81.71700000000003,81.71700000000003,81.46200000000002,81.52700000000003,417
2026-08-10T04:55:00+00:00,81.52700000000003,81.65300000000002,81.52700000000003,81.58300000000003,380
2026-08-10T05:00:00+00:00,81.58300000000003,81.65900000000002,81.56200000000003,81.62900000000002,353
2026-08-10T05:05:00+00:00,81.62900000000002,81.65200000000003,81.54300000000002,81.60300000000002,362
2026-08-10T05:10:00+00:00,81.60300000000002,81.71900000000002,81.56200000000003,81.62900000000002,380
2026-08-10T05:15:00+00:00,81.62900000000002,81.64900000000003,81.51400000000002,81.53900000000003,301
2026-08-10T05:20:00+00:00,81.53900000000003,81.56900000000003,81.47400000000002,81.53800000000003,165
2026-08-10T05:25:00+00:00,81.53800000000003,81.60900000000002,81.51700000000002,81.57800000000003,275
2026-08-10T05:30:00+00:00,81.57800000000003,81.61900000000003,81.46900000000002,81.55900000000003,963
2026-08-10T05:35:00+00:00,81.55900000000003,81.62400000000002,81.51200000000003,81.61200000000002,472
2026-08-10T05:40:00+00:00,81.61200000000002,81.61900000000003,81.50200000000002,81.51300000000002,359
2026-08-10T05:45:00+00:00,81.51300000000002,81.53400000000002,81.38300000000002,81.41700000000003,577
2026-08-10T05:50:00+00:00,81.41700000000003,81.43400000000003,81.03700000000002,81.07900000000002,967
2026-08-10T05:55:00+00:00,81.07900000000002,81.07900000000002,80.93700000000003,80.98200000000003,762
2026-08-10T06:00:00+00:00,80.98200000000003,81.38300000000002,80.93700000000003,81.33200000000002,1174
2026-08-10T06:05:00+00:00,81.33200000000002,81.45400000000002,81.27700000000003,81.33700000000002,615
2026-08-10T06:10:00+00:00,81.33700000000002,81.35900000000002,81.21300000000002,81.33400000000003,558
2026-08-10T06:15:00+00:00,81.33400000000003,81.35900000000002,81.14700000000002,81.19300000000003,470
2026-08-10T06:20:00+00:00,81.19300000000003,81.19900000000003,81.08200000000002,81.10900000000002,573
2026-08-10T06:25:00+00:00,81.10900000000002,81.20700000000002,81.06700000000002,81.17200000000003,324
2026-08-10T06:30:00+00:00,81.17200000000003,81.20200000000003,81.05400000000003,81.07800000000003,357
2026-08-10T06:35:00+00:00,81.07800000000003,81.08800000000002,80.96700000000003,81.04800000000003,447
2026-08-10T06:40:00+00:00,81.04800000000003,81.21900000000002,80.99700000000003,81.20900000000003,533
2026-08-10T06:45:00+00:00,81.20900000000003,81.24800000000002,81.04200000000003,81.17900000000003,786
2026-08-10T06:50:00+00:00,81.17900000000003,81.30900000000003,81.16700000000003,81.29700000000003,567
2026-08-10T06:55:00+00:00,81.29700000000003,81.32900000000002,80.99700000000003,81.03800000000003,711
2026-08-10T07:00:00+00:00,81.03800000000003,81.48900000000002,80.98700000000002,81.46800000000002,1181
2026-08-10T07:05:00+00:00,81.46800000000002,81.81400000000002,81.46200000000002,81.62200000000003,1286
2026-08-10T07:10:00+00:00,81.62200000000003,81.65300000000002,81.48800000000003,81.58900000000003,825
2026-08-10T07:15:00+00:00,81.58900000000003,81.75900000000003,81.49700000000003,81.70200000000003,833
2026-08-10T07:20:00+00:00,81.70200000000003,81.70200000000003,81.33700000000002,81.41300000000003,866
2026-08-10T07:25:00+00:00,81.41300000000003,81.54900000000002,81.13800000000002,81.18200000000003,935
2026-08-10T07:30:00+00:00,81.18200000000003,81.37200000000003,81.13800000000002,81.36800000000002,589
2026-08-10T07:35:00+00:00,81.36800000000002,81.44400000000003,81.25900000000003,81.42800000000003,802
2026-08-10T07:40:00+00:00,81.42800000000003,81.47900000000003,81.21700000000003,81.21700000000003,758
2026-08-10T07:45:00+00:00,81.21700000000003,81.35300000000002,80.94200000000002,81.33300000000003,1477
2026-08-10T07:50:00+00:00,81.33300000000003,81.44900000000003,81.25300000000003,81.42700000000002,776
2026-08-10T07:55:00+00:00,81.42700000000002,81.48900000000002,81.31200000000003,81.31400000000002,893
2026-08-10T08:00:00+00:00,81.31400000000002,81.43900000000002,81.29200000000003,81.40700000000002,1002
2026-08-10T08:05:00+00:00,81.40700000000002,81.48900000000002,81.31200000000003,81.45800000000003,753
2026-08-10T08:10:00+00:00,81.45800000000003,81.47900000000003,81.27800000000002,81.42900000000003,771
2026-08-10T08:15:00+00:00,81.42900000000003,81.58400000000003,81.28900000000003,81.42700000000002,1343
2026-08-10T08:20:00+00:00,81.42700000000002,81.67400000000002,81.38700000000003,81.58700000000002,1140
2026-08-10T08:25:00+00:00,81.58700000000002,81.70400000000002,81.40800000000003,81.58300000000003,1913
2026-08-10T08:30:00+00:00,81.58300000000003,81.98800000000003,81.43700000000003,81.83900000000003,1132
2026-08-10T08:35:00+00:00,81.83900000000003,82.03800000000003,81.74200000000002,82.02800000000002,917
2026-08-10T08:40:00+00:00,82.02800000000002,82.23900000000002,81.97900000000003,82.14900000000003,1070
2026-08-10T08:45:00+00:00,82.14900000000003,82.23300000000002,82.04700000000003,82.11400000000002,810
2026-08-10T08:50:00+00:00,82.11400000000002,82.41400000000003,82.11400000000002,82.39900000000003,937
2026-08-10T08:55:00+00:00,82.39900000000003,82.41400000000003,82.22200000000002,82.22300000000003,634
2026-08-10T09:00:00+00:00,82.22300000000003,82.22900000000003,82.06700000000002,82.08700000000002,751
2026-08-10T09:05:00+00:00,82.08700000000002,82.16900000000003,82.00800000000002,82.12700000000002,505
2026-08-10T09:10:00+00:00,82.12700000000002,82.15200000000003,82.05700000000003,82.06300000000003,519
2026-08-10T09:15:00+00:00,82.06300000000003,82.21800000000002,82.06200000000003,82.10900000000002,468
2026-08-10T09:20:00+00:00,82.10900000000002,82.11800000000002,81.76700000000002,81.76700000000002,660
2026-08-10T09:25:00+00:00,81.76700000000002,81.93200000000003,81.76700000000002,81.87200000000003,569
2026-08-10T09:30:00+00:00,81.87200000000003,82.07200000000003,81.84700000000002,81.89800000000002,598
2026-08-10T09:35:00+00:00,81.89800000000002,82.13300000000002,81.89800000000002,82.11700000000002,472
2026-08-10T09:40:00+00:00,82.11700000000002,82.24900000000002,82.09300000000002,82.17900000000003,440
2026-08-10T09:45:00+00:00,82.17900000000003,82.27400000000003,82.14200000000002,82.18900000000002,424
2026-08-10T09:50:00+00:00,82.18900000000002,82.22900000000003,82.10200000000002,82.20700000000002,475
2026-08-10T09:55:00+00:00,82.20700000000002,82.23700000000002,82.06200000000003,82.14300000000003,455
2026-08-10T10:00:00+00:00,82.14300000000003,82.16400000000003,82.00700000000002,82.01200000000003,468
2026-08-10T10:05:00+00:00,82.01200000000003,82.04900000000002,81.88700000000003,82.01400000000002,476
2026-08-10T10:10:00+00:00,82.01400000000002,82.02200000000002,81.90200000000003,82.00700000000002,319
2026-08-10T10:15:00+00:00,82.00700000000002,82.08300000000003,81.88200000000002,81.89700000000002,384
2026-08-10T10:20:00+00:00,81.89700000000002,81.91900000000003,81.57300000000002,81.72800000000002,611
2026-08-10T10:25:00+00:00,81.72800000000002,81.94800000000002,81.72800000000002,81.91700000000003,545
2026-08-10T10:30:00+00:00,81.91700000000003,82.16400000000003,81.86700000000002,82.03700000000002,596
2026-08-10T10:35:00+00:00,82.03700000000002,82.41400000000003,82.00200000000002,82.37900000000002,865
2026-08-10T10:40:00+00:00,82.37900000000002,82.59900000000002,82.35700000000003,82.46700000000003,966
2026-08-10T10:45:00+00:00,82.46700000000003,82.47900000000003,82.26800000000003,82.31900000000003,621
2026-08-10T10:50:00+00:00,82.31900000000003,82.71200000000002,82.29700000000003,82.65300000000002,714
2026-08-10T10:55:00+00:00,82.65300000000002,82.65300000000002,82.52700000000003,82.58400000000003,642
2026-08-10T11:00:00+00:00,82.58400000000003,82.70900000000003,82.35200000000002,82.43400000000003,884
2026-08-10T11:05:00+00:00,82.43400000000003,82.49900000000002,82.35700000000003,82.40800000000003,517
2026-08-10T11:10:00+00:00,82.40800000000003,82.40900000000002,82.30200000000002,82.33200000000002,391
2026-08-10T11:15:00+00:00,82.33200000000002,82.37700000000002,82.28800000000003,82.30700000000003,573
2026-08-10T11:20:00+00:00,82.30700000000003,82.33900000000003,82.14200000000002,82.14700000000002,660
2026-08-10T11:25:00+00:00,82.14700000000002,82.15800000000003,82.00800000000002,82.10800000000002,512
2026-08-10T11:30:00+00:00,82.10800000000002,82.16900000000003,82.02700000000003,82.13900000000002,475
2026-08-10T11:35:00+00:00,82.13900000000002,82.36400000000002,82.13900000000002,82.29700000000003,792
2026-08-10T11:40:00+00:00,82.29700000000003,82.48800000000003,82.24200000000002,82.44700000000003,726
2026-08-10T11:45:00+00:00,82.44700000000003,82.57800000000003,82.36700000000002,82.48200000000003,823
2026-08-10T11:50:00+00:00,82.48200000000003,82.60300000000002,82.43200000000003,82.57900000000002,1067
2026-08-10T11:55:00+00:00,82.57900000000002,82.59900000000002,82.44800000000002,82.55800000000002,677
2026-08-10T12:00:00+00:00,82.55800000000002,82.64900000000003,82.48200000000003,82.58700000000002,973
2026-08-10T12:05:00+00:00,82.58700000000002,82.68400000000003,82.47700000000002,82.51200000000003,891
2026-08-10T12:10:00+00:00,82.51200000000003,82.71400000000003,82.51200000000003,82.65900000000002,686
2026-08-10T12:15:00+00:00,82.65900000000002,82.68400000000003,82.54700000000003,82.58800000000002,522
2026-08-10T12:20:00+00:00,82.58800000000002,82.62900000000002,82.44700000000003,82.44900000000003,560
2026-08-10T12:25:00+00:00,82.44900000000003,82.50200000000002,82.32400000000003,82.33700000000002,626
2026-08-10T12:30:00+00:00,82.33700000000002,82.63400000000003,82.32300000000002,82.55900000000003,624
2026-08-10T12:35:00+00:00,82.55900000000003,82.69900000000003,82.52700000000003,82.62700000000002,553
2026-08-10T12:40:00+00:00,82.62700000000002,82.78800000000003,82.55700000000003,82.75900000000003,699
2026-08-10T12:45:00+00:00,82.75900000000003,82.79400000000003,82.66400000000003,82.73300000000002,604
2026-08-10T12:50:00+00:00,82.73300000000002,83.00900000000003,82.68700000000003,82.96800000000002,965
2026-08-10T12:55:00+00:00,82.96800000000002,82.99900000000002,82.63700000000003,82.79200000000003,1014
2026-08-10T13:00:00+00:00,82.79200000000003,82.80900000000003,82.46700000000003,82.51900000000002,1853
2026-08-10T13:05:00+00:00,82.51900000000002,82.70400000000002,82.41300000000003,82.67800000000003,1154
2026-08-10T13:10:00+00:00,82.67800000000003,82.76800000000003,82.55800000000002,82.61700000000002,1278
2026-08-10T13:15:00+00:00,82.61700000000002,82.70900000000003,82.42200000000003,82.48700000000002,1142
2026-08-10T13:20:00+00:00,82.48700000000002,82.75300000000003,82.36800000000002,82.67400000000002,1419
2026-08-10T13:25:00+00:00,82.67400000000002,82.91400000000003,82.61700000000002,82.89900000000003,1261
2026-08-10T13:30:00+00:00,82.89900000000003,83.04400000000003,82.82300000000002,83.00800000000002,1513
2026-08-10T13:35:00+00:00,83.00800000000002,83.13400000000003,82.95700000000002,83.08400000000003,1249
2026-08-10T13:40:00+00:00,83.08400000000003,83.32400000000003,83.02200000000002,83.24900000000002,1371
2026-08-10T13:45:00+00:00,83.24900000000002,83.60400000000003,83.24900000000002,83.57900000000002,2252
2026-08-10T13:50:00+00:00,83.57900000000002,83.88400000000003,83.54700000000003,83.68900000000002,2140
2026-08-10T13:55:00+00:00,83.68900000000002,83.99400000000003,83.64700000000002,83.87900000000002,1673
2026-08-10T14:00:00+00:00,83.87900000000002,83.88900000000002,83.62200000000003,83.63400000000003,1356
2026-08-10T14:05:00+00:00,83.63400000000003,83.85900000000002,83.60200000000002,83.84800000000003,834
2026-08-10T14:10:00+00:00,83.84800000000003,83.91400000000003,83.76900000000002,83.79300000000002,999
2026-08-10T14:15:00+00:00,83.79300000000002,83.79400000000003,83.34200000000003,83.34700000000002,1456
2026-08-10T14:20:00+00:00,83.34700000000002,83.53300000000003,83.34200000000003,83.47900000000003,1134
2026-08-10T14:25:00+00:00,83.47900000000003,83.49400000000003,83.33400000000003,83.36400000000002,1231
2026-08-10T14:30:00+00:00,83.36400000000002,83.63400000000003,83.32400000000003,83.55200000000002,1247
2026-08-10T14:35:00+00:00,83.55200000000002,83.58900000000003,83.46200000000002,83.52300000000002,1118
2026-08-10T14:40:00+00:00,83.52300000000002,83.69400000000003,83.51800000000003,83.68300000000002,1005
2026-08-10T14:45:00+00:00,83.68300000000002,83.69400000000003,83.52400000000003,83.58900000000003,801
2026-08-10T14:50:00+00:00,83.58900000000003,83.86400000000002,83.58900000000003,83.81400000000002,1108
2026-08-10T14:55:00+00:00,83.81400000000002,83.86400000000002,83.72700000000002,83.76800000000003,954
2026-08-10T15:00:00+00:00,83.76800000000003,83.98900000000002,83.66700000000003,83.98400000000002,1741
2026-08-10T15:05:00+00:00,83.98400000000002,84.10400000000003,83.91300000000003,83.99300000000002,1611
2026-08-10T15:10:00+00:00,83.99300000000002,84.06400000000002,83.87200000000003,83.92900000000003,1008
2026-08-10T15:15:00+00:00,83.92900000000003,84.10300000000002,83.84200000000003,83.92800000000003,1184
2026-08-10T15:20:00+00:00,83.92800000000003,84.27400000000003,83.85300000000002,84.26300000000002,1330
2026-08-10T15:25:00+00:00,84.26300000000002,84.44900000000003,84.16200000000002,84.36400000000002,2538
2026-08-10T15:30:00+00:00,84.36400000000002,84.46400000000003,84.24300000000002,84.34200000000003,1239
2026-08-10T15:35:00+00:00,84.34200000000003,84.36400000000002,84.21200000000002,84.33900000000003,856
2026-08-10T15:40:00+00:00,84.33900000000003,84.56900000000003,84.27300000000002,84.51200000000003,1040
2026-08-10T15:45:00+00:00,84.51200000000003,84.57400000000003,84.43300000000002,84.49400000000003,853
2026-08-10T15:50:00+00:00,84.49400000000003,84.49400000000003,84.24300000000002,84.37300000000002,1173
2026-08-10T15:55:00+00:00,84.37300000000002,84.45400000000002,84.20200000000003,84.21700000000003,827
2026-08-10T16:00:00+00:00,84.21700000000003,84.25400000000002,84.12300000000002,84.14300000000003,1159
2026-08-10T16:05:00+00:00,84.14300000000003,84.16900000000003,83.98700000000002,84.14800000000002,886
2026-08-10T16:10:00+00:00,84.14800000000002,84.26400000000002,84.07700000000003,84.19700000000003,757
2026-08-10T16:15:00+00:00,84.19700000000003,84.20900000000003,84.08200000000002,84.15900000000002,725
2026-08-10T16:20:00+00:00,84.15900000000002,84.35800000000002,84.12200000000003,84.29800000000003,794
2026-08-10T16:25:00+00:00,84.29800000000003,84.36400000000002,84.26700000000002,84.28700000000002,598
2026-08-10T16:30:00+00:00,84.28700000000002,84.75400000000002,84.20800000000003,84.43700000000003,2034
2026-08-10T16:35:00+00:00,84.43700000000003,84.49900000000002,84.29200000000003,84.47700000000002,935
2026-08-10T16:40:00+00:00,84.47700000000002,84.69900000000003,84.43800000000003,84.66400000000003,765
2026-08-10T16:45:00+00:00,84.66400000000003,84.66900000000003,84.49300000000002,84.62200000000003,610
2026-08-10T16:50:00+00:00,84.62200000000003,84.70900000000003,84.54200000000003,84.69300000000003,690
2026-08-10T16:55:00+00:00,84.69300000000003,84.77800000000002,84.64200000000002,84.66700000000003,728
2026-08-10T17:00:00+00:00,84.66700000000003,84.86400000000002,84.66700000000003,84.84400000000002,805
2026-08-10T17:05:00+00:00,84.84400000000002,84.89400000000002,84.62800000000003,84.70200000000003,758
2026-08-10T17:10:00+00:00,84.70200000000003,84.81300000000003,84.65800000000003,84.73800000000003,708
2026-08-10T17:15:00+00:00,84.73800000000003,84.77400000000003,84.64200000000002,84.71800000000002,723
2026-08-10T17:20:00+00:00,84.71800000000002,84.77700000000003,84.65300000000002,84.65800000000003,546
2026-08-10T17:25:00+00:00,84.65800000000003,84.78700000000002,84.65800000000003,84.76400000000002,570
2026-08-10T17:30:00+00:00,84.76400000000002,84.95400000000002,84.68300000000002,84.93800000000003,813
2026-08-10T17:35:00+00:00,84.93800000000003,84.97900000000003,84.87700000000002,84.94800000000002,741
2026-08-10T17:40:00+00:00,84.94800000000002,85.04400000000003,84.93700000000003,85.01800000000003,597
2026-08-10T17:45:00+00:00,85.01800000000003,85.10400000000003,84.97200000000002,85.06900000000003,806
2026-08-10T17:50:00+00:00,85.06900000000003,85.15400000000002,84.96200000000002,85.01700000000002,769
2026-08-10T17:55:00+00:00,85.01700000000002,85.16300000000003,84.97700000000002,85.15200000000003,450
2026-08-10T18:00:00+00:00,85.15200000000003,85.16400000000003,85.03700000000002,85.04700000000003,744
2026-08-10T18:05:00+00:00,85.04700000000003,85.06400000000002,84.97400000000002,85.04200000000003,531
2026-08-10T18:10:00+00:00,85.04200000000003,85.08800000000002,84.98300000000002,85.07900000000002,455
2026-08-10T18:15:00+00:00,85.07900000000002,85.53900000000003,85.05700000000003,85.44200000000002,1449
2026-08-10T18:20:00+00:00,85.44200000000002,85.52900000000002,85.35700000000003,85.41700000000003,1280
2026-08-10T18:25:00+00:00,85.41700000000003,85.46900000000002,85.25200000000002,85.35400000000003,2644
2026-08-10T18:30:00+00:00,85.35400000000003,85.50400000000002,85.34200000000003,85.47300000000003,839
2026-08-10T18:35:00+00:00,85.47300000000003,85.47800000000002,85.32200000000003,85.37300000000002,450
2026-08-10T18:40:00+00:00,85.37300000000002,85.41400000000003,85.30200000000002,85.33400000000003,362
2026-08-10T18:45:00+00:00,85.33400000000003,85.33400000000003,85.20200000000003,85.23400000000002,339
2026-08-10T18:50:00+00:00,85.23400000000002,85.27900000000002,85.13800000000002,85.15800000000003,470
2026-08-10T18:55:00+00:00,85.15800000000003,85.18400000000003,84.98900000000002,84.99800000000002,537
2026-08-10T19:00:00+00:00,84.99800000000002,85.02900000000002,84.77800000000002,84.85700000000003,690
2026-08-10T19:05:00+00:00,84.85700000000003,84.88900000000002,84.77400000000003,84.78200000000002,646
2026-08-10T19:10:00+00:00,84.78200000000002,84.97800000000002,84.78200000000002,84.86700000000002,591
2026-08-10T19:15:00+00:00,84.86700000000002,84.98300000000002,84.86400000000002,84.95700000000002,326
2026-08-10T19:20:00+00:00,84.95700000000002,85.02900000000002,84.93800000000003,85.02200000000002,434
2026-08-10T19:25:00+00:00,85.02200000000002,85.12900000000002,84.99700000000003,85.12400000000002,481
2026-08-10T19:30:00+00:00,85.12400000000002,85.22400000000002,85.09900000000002,85.19800000000002,553
2026-08-10T19:35:00+00:00,85.19800000000002,85.20900000000003,85.07200000000003,85.15900000000002,380
2026-08-10T19:40:00+00:00,85.15900000000002,85.20700000000002,85.12700000000002,85.14800000000002,349
2026-08-10T19:45:00+00:00,85.14800000000002,85.19900000000003,85.10700000000003,85.17800000000003,270
2026-08-10T19:50:00+00:00,85.17800000000003,85.25400000000002,85.13700000000003,85.22700000000002,306
2026-08-10T19:55:00+00:00,85.22700000000002,85.27900000000002,85.17800000000003,85.26900000000002,377
2026-08-10T20:00:00+00:00,85.26900000000002,85.30400000000003,85.21700000000003,85.28700000000002,404
2026-08-10T20:05:00+00:00,85.28700000000002,85.33400000000003,85.25200000000002,85.32200000000003,270
2026-08-10T20:10:00+00:00,85.32200000000003,85.40400000000002,85.32200000000003,85.37400000000002,279
2026-08-10T20:15:00+00:00,85.37400000000002,85.39800000000002,85.30300000000003,85.32900000000002,195
2026-08-10T20:20:00+00:00,85.32900000000002,85.41900000000003,85.31200000000003,85.38900000000002,217
2026-08-10T20:25:00+00:00,85.38900000000002,85.51200000000003,85.38200000000002,85.44700000000003,312
2026-08-10T20:30:00+00:00,85.44700000000003,85.50400000000002,85.43200000000003,85.44700000000003,194
2026-08-10T20:35:00+00:00,85.44700000000003,85.48900000000002,85.36800000000002,85.44700000000003,239
2026-08-10T20:40:00+00:00,85.44700000000003,85.49900000000002,85.44700000000003,85.49700000000003,253
2026-08-10T20:45:00+00:00,85.49700000000003,85.51400000000002,85.40900000000002,85.43900000000002,416
2026-08-10T20:50:00+00:00,85.43900000000002,85.51400000000002,85.43200000000003,85.44700000000003,437
2026-08-10T20:55:00+00:00,85.44700000000003,85.49400000000003,85.41700000000003,85.47900000000003,199
2026-08-11T00:00:00+00:00,85.47900000000003,85.47900000000003,85.16700000000003,85.23300000000003,260.8371137159385
2026-08-11T00:05:00+00:00,85.23300000000003,85.46900000000002,85.22900000000003,85.46900000000002,211
2026-08-11T00:10:00+00:00,85.46900000000002,85.49900000000002,85.32700000000003,85.37200000000003,315
2026-08-11T00:15:00+00:00,85.37200000000003,85.37900000000003,85.29200000000003,85.35200000000003,215
2026-08-11T00:20:00+00:00,85.35200000000003,85.37400000000002,85.26700000000002,85.36800000000002,222
2026-08-11T00:25:00+00:00,85.36800000000002,85.52800000000003,85.35800000000003,85.40300000000003,307
2026-08-11T00:30:00+00:00,85.40300000000003,85.45800000000003,85.38400000000003,85.41400000000003,186
2026-08-11T00:35:00+00:00,85.41400000000003,85.41900000000003,85.38300000000002,85.39900000000003,127
2026-08-11T00:40:00+00:00,85.39900000000003,85.41900000000003,85.33200000000002,85.36300000000003,157
2026-08-11T00:45:00+00:00,85.36300000000003,85.58900000000003,85.36300000000003,85.56900000000003,314
2026-08-11T00:50:00+00:00,85.56900000000003,85.59400000000002,85.43900000000004,85.45700000000002,375
2026-08-11T00:55:00+00:00,85.45700000000002,85.47800000000002,85.34400000000002,85.34900000000003,317
2026-08-11T01:00:00+00:00,85.34900000000003,85.36700000000003,85.15900000000003,85.20700000000002,1161
2026-08-11T01:05:00+00:00,85.20700000000002,85.57400000000003,85.20700000000002,85.55900000000003,900
2026-08-11T01:10:00+00:00,85.55900000000003,85.58800000000002,85.41300000000003,85.44700000000003,689
2026-08-11T01:15:00+00:00,85.44700000000003,85.46900000000002,85.34700000000002,85.40400000000002,509
2026-08-11T01:20:00+00:00,85.40400000000002,85.40400000000002,85.24800000000003,85.38300000000002,445
2026-08-11T01:25:00+00:00,85.38300000000002,85.41900000000003,85.30200000000004,85.34300000000003,358
2026-08-11T01:30:00+00:00,85.34300000000003,85.41800000000003,85.32700000000003,85.40800000000003,424
2026-08-11T01:35:00+00:00,85.40800000000003,85.50900000000003,85.35200000000003,85.44800000000002,458
2026-08-11T01:40:00+00:00,85.44800000000002,85.68300000000004,85.39700000000003,85.54800000000003,504
2026-08-11T01:45:00+00:00,85.54800000000003,85.64900000000003,85.53900000000003,85.63300000000002,348
2026-08-11T01:50:00+00:00,85.63300000000002,85.67900000000003,85.57700000000003,85.57700000000003,458
2026-08-11T01:55:00+00:00,85.57700000000003,85.61400000000003,85.51200000000003,85.54300000000003,405
2026-08-11T02:00:00+00:00,85.54300000000003,85.54400000000003,85.43700000000003,85.43700000000003,476
2026-08-11T02:05:00+00:00,85.43700000000003,85.51900000000003,85.40700000000002,85.47900000000003,426
2026-08-11T02:10:00+00:00,85.47900000000003,85.55900000000003,85.45700000000002,85.54400000000003,500
2026-08-11T02:15:00+00:00,85.54400000000003,85.55900000000003,85.50700000000003,85.50800000000002,116
2026-08-11T02:20:00+00:00,85.50800000000002,85.63400000000003,85.45700000000002,85.47700000000003,227
2026-08-11T02:25:00+00:00,85.47700000000003,85.50400000000003,85.39700000000003,85.46200000000003,274
2026-08-11T02:30:00+00:00,85.46200000000003,85.46300000000002,85.32400000000003,85.39200000000002,563
2026-08-11T02:35:00+00:00,85.39200000000002,85.44900000000003,85.32700000000003,85.36300000000003,361
2026-08-11T02:40:00+00:00,85.36300000000003,85.40300000000003,85.32300000000002,85.35200000000003,291
2026-08-11T02:45:00+00:00,85.35200000000003,85.58800000000002,85.31200000000003,85.54800000000003,467
2026-08-11T02:50:00+00:00,85.54800000000003,85.59400000000002,85.48800000000003,85.56200000000003,378
2026-08-11T02:55:00+00:00,85.56200000000003,85.58900000000003,85.44200000000002,85.50200000000002,340
2026-08-11T03:00:00+00:00,85.50200000000002,85.56400000000004,85.48700000000002,85.53800000000003,419
2026-08-11T03:05:00+00:00,85.53800000000003,85.55400000000003,85.45700000000002,85.45800000000003,266
2026-08-11T03:10:00+00:00,85.45800000000003,85.47300000000003,85.39200000000002,85.42800000000003,340
2026-08-11T03:15:00+00:00,85.42800000000003,85.55400000000003,85.41700000000003,85.53700000000003,274
2026-08-11T03:20:00+00:00,85.53700000000003,85.54400000000003,85.44700000000003,85.46300000000002,452
2026-08-11T03:25:00+00:00,85.46300000000002,85.49800000000003,85.38700000000003,85.38900000000002,385
2026-08-11T03:30:00+00:00,85.38900000000002,85.38900000000002,85.26700000000002,85.26900000000003,224
2026-08-11T03:35:00+00:00,85.26900000000003,85.37900000000003,85.25300000000003,85.35900000000002,125
2026-08-11T03:40:00+00:00,85.35900000000002,85.35900000000002,85.30700000000003,85.31800000000003,94
2026-08-11T03:45:00+00:00,85.31800000000003,85.32800000000003,85.28700000000003,85.30800000000004,92
2026-08-11T03:50:00+00:00,85.30800000000004,85.34900000000003,85.29300000000003,85.34700000000002,80
2026-08-11T03:55:00+00:00,85.34700000000002,85.34900000000003,85.23200000000003,85.23400000000002,116
2026-08-11T04:00:00+00:00,85.23400000000002,85.25800000000002,85.17200000000003,85.21300000000002,171
2026-08-11T04:05:00+00:00,85.21300000000002,85.22900000000003,85.12800000000003,85.13700000000003,130
2026-08-11T04:10:00+00:00,85.13700000000003,85.17400000000004,85.12300000000003,85.15400000000002,111
2026-08-11T04:15:00+00:00,85.15400000000002,85.17300000000003,85.05400000000003,85.15200000000003,206
2026-08-11T04:20:00+00:00,85.15200000000003,85.17400000000004,85.10900000000002,85.13700000000003,130
2026-08-11T04:25:00+00:00,85.13700000000003,85.14400000000003,85.04400000000003,85.11700000000003,187
2026-08-11T04:30:00+00:00,85.11700000000003,85.14400000000003,85.07200000000003,85.13700000000003,299
2026-08-11T04:35:00+00:00,85.13700000000003,85.33800000000002,85.12700000000002,85.27800000000003,345
2026-08-11T04:40:00+00:00,85.27800000000003,85.41800000000003,85.27200000000003,85.40200000000003,343
2026-08-11T04:45:00+00:00,85.40200000000003,85.47300000000003,85.35700000000003,85.37900000000003,371
2026-08-11T04:50:00+00:00,85.37900000000003,85.37900000000003,85.30700000000003,85.32800000000003,195
2026-08-11T04:55:00+00:00,85.32800000000003,85.39300000000003,85.32200000000003,85.38200000000003,167
2026-08-11T05:00:00+00:00,85.38200000000003,85.44300000000003,85.35800000000003,85.35900000000002,223
2026-08-11T05:05:00+00:00,85.35900000000002,85.45400000000002,85.35900000000002,85.41700000000003,173
2026-08-11T05:10:00+00:00,85.41700000000003,85.51900000000003,85.39700000000003,85.49700000000003,307
2026-08-11T05:15:00+00:00,85.49700000000003,85.65800000000003,85.45700000000002,85.56900000000003,442
2026-08-11T05:20:00+00:00,85.56900000000003,85.68800000000003,85.54200000000003,85.59400000000002,381
2026-08-11T05:25:00+00:00,85.59400000000002,85.59400000000002,85.50700000000003,85.52400000000003,393
2026-08-11T05:30:00+00:00,85.52400000000003,85.69400000000003,85.50800000000002,85.63800000000003,916
2026-08-11T05:35:00+00:00,85.63800000000003,85.63800000000003,85.41700000000003,85.45300000000003,742
2026-08-11T05:40:00+00:00,85.45300000000003,85.45800000000003,85.30700000000003,85.40800000000003,748
2026-08-11T05:45:00+00:00,85.40800000000003,85.57900000000002,85.40700000000002,85.57800000000003,529
2026-08-11T05:50:00+00:00,85.57800000000003,85.65900000000003,85.55800000000004,85.61800000000002,670
2026-08-11T05:55:00+00:00,85.61800000000002,85.63300000000002,85.51800000000003,85.57900000000002,520
2026-08-11T06:00:00+00:00,85.57900000000002,85.65900000000003,85.42200000000003,85.47900000000003,990
2026-08-11T06:05:00+00:00,85.47900000000003,85.54900000000004,85.44900000000003,85.51900000000003,497
2026-08-11T06:10:00+00:00,85.51900000000003,85.68900000000004,85.49200000000003,85.65200000000003,667
2026-08-11T06:15:00+00:00,85.65200000000003,85.88900000000002,85.61200000000002,85.87800000000003,622
2026-08-11T06:20:00+00:00,85.87800000000003,85.87800000000003,85.59200000000003,85.67800000000003,719
2026-08-11T06:25:00+00:00,85.67800000000003,85.92300000000003,85.67700000000004,85.91700000000003,630
2026-08-11T06:30:00+00:00,85.91700000000003,86.56900000000003,85.85200000000003,86.44300000000003,1623
2026-08-11T06:35:00+00:00,86.44300000000003,86.65900000000003,86.39700000000003,86.48900000000003,1516
2026-08-11T06:40:00+00:00,86.48900000000003,86.79400000000003,86.37300000000003,86.74800000000003,1205
2026-08-11T06:45:00+00:00,86.74800000000003,86.87400000000002,86.63700000000003,86.80300000000003,1153
2026-08-11T06:50:00+00:00,86.80300000000003,86.96200000000003,86.70200000000003,86.85300000000002,1095
2026-08-11T06:55:00+00:00,86.85300000000002,86.99300000000002,86.66700000000003,86.67900000000003,1147
2026-08-11T07:00:00+00:00,86.67900000000003,86.90800000000003,86.60800000000003,86.67900000000003,1441
2026-08-11T07:05:00+00:00,86.67900000000003,86.92900000000003,86.49700000000003,86.76400000000002,1253
2026-08-11T07:10:00+00:00,86.76400000000002,86.93900000000004,86.68800000000003,86.87300000000003,936
2026-08-11T07:15:00+00:00,86.87300000000003,87.05400000000003,86.78200000000002,86.91800000000003,804
2026-08-11T07:20:00+00:00,86.91800000000003,87.26400000000002,86.90800000000003,87.22400000000003,1042
2026-08-11T07:25:00+00:00,87.22400000000003,87.22800000000002,86.83800000000002,86.96700000000003,990
2026-08-11T07:30:00+00:00,86.96700000000003,87.23400000000002,86.95700000000002,87.15400000000002,850
2026-08-11T07:35:00+00:00,87.15400000000002,87.17300000000003,86.88200000000003,86.97900000000003,851
2026-08-11T07:40:00+00:00,86.97900000000003,87.02900000000002,86.84700000000002,86.86700000000003,606
2026-08-11T07:45:00+00:00,86.86700000000003,87.14900000000003,86.85400000000003,87.11200000000002,757
2026-08-11T07:50:00+00:00,87.11200000000002,87.29400000000003,87.11200000000002,87.20700000000002,803
2026-08-11T07:55:00+00:00,87.20700000000002,87.29400000000003,87.16700000000003,87.20900000000003,612
2026-08-11T08:00:00+00:00,87.20900000000003,87.23300000000003,86.92300000000003,87.15900000000003,1253
2026-08-11T08:05:00+00:00,87.15900000000003,87.32800000000003,87.05700000000003,87.25700000000003,1270
2026-08-11T08:10:00+00:00,87.25700000000003,87.46400000000003,87.20800000000003,87.42400000000004,962
2026-08-11T08:15:00+00:00,87.42400000000004,87.56200000000003,87.32800000000003,87.47900000000003,887
2026-08-11T08:20:00+00:00,87.47900000000003,87.61400000000003,87.42400000000004,87.59300000000003,958
2026-08-11T08:25:00+00:00,87.59300000000003,87.59300000000003,87.38400000000003,87.53900000000003,1914
2026-08-11T08:30:00+00:00,87.53900000000003,87.61400000000003,87.41700000000003,87.50700000000003,1152
2026-08-11T08:35:00+00:00,87.50700000000003,87.52400000000003,87.29400000000003,87.32900000000002,955
2026-08-11T08:40:00+00:00,87.32900000000002,87.50400000000003,87.20300000000003,87.21900000000002,987
2026-08-11T08:45:00+00:00,87.21900000000002,87.42900000000003,87.21900000000002,87.38700000000003,764
2026-08-11T08:50:00+00:00,87.38700000000003,87.43900000000004,87.28300000000003,87.34900000000003,895
2026-08-11T08:55:00+00:00,87.34900000000003,87.57400000000003,87.30700000000003,87.54200000000003,757
2026-08-11T09:00:00+00:00,87.54200000000003,87.59400000000002,87.36200000000002,87.48400000000002,888
2026-08-11T09:05:00+00:00,87.48400000000002,87.59400000000002,87.31200000000003,87.58400000000003,866
2026-08-11T09:10:00+00:00,87.58400000000003,87.62400000000002,87.50700000000003,87.59400000000002,507
2026-08-11T09:15:00+00:00,87.59400000000002,87.62200000000003,87.44700000000003,87.57800000000003,525
2026-08-11T09:20:00+00:00,87.57800000000003,87.58200000000002,87.40700000000002,87.46700000000003,604
2026-08-11T09:25:00+00:00,87.46700000000003,87.54900000000004,87.25200000000002,87.25300000000003,637
2026-08-11T09:30:00+00:00,87.25300000000003,87.25300000000003,86.98200000000003,87.09900000000003,888
2026-08-11T09:35:00+00:00,87.09900000000003,87.31200000000003,87.07200000000003,87.29900000000004,589
2026-08-11T09:40:00+00:00,87.29900000000004,87.57900000000002,87.17900000000003,87.57800000000003,700
2026-08-11T09:45:00+00:00,87.57800000000003,87.57800000000003,87.32700000000003,87.42300000000003,781
2026-08-11T09:50:00+00:00,87.42300000000003,87.49400000000003,87.37300000000003,87.37900000000003,675
2026-08-11T09:55:00+00:00,87.37900000000003,87.38300000000002,87.18700000000003,87.32900000000002,600
2026-08-11T10:00:00+00:00,87.32900000000002,87.47400000000003,87.19800000000002,87.34800000000003,725
2026-08-11T10:05:00+00:00,87.34800000000003,87.34800000000003,87.16400000000003,87.19800000000002,688
2026-08-11T10:10:00+00:00,87.19800000000002,87.27900000000002,87.16200000000003,87.22900000000003,535
2026-08-11T10:15:00+00:00,87.22900000000003,87.33400000000003,87.21700000000003,87.29400000000003,526
2026-08-11T10:20:00+00:00,87.29400000000003,87.29900000000004,86.98200000000003,87.06400000000004,1229
2026-08-11T10:25:00+00:00,87.06400000000004,87.13400000000003,86.44300000000003,86.76900000000003,1957
2026-08-11T10:30:00+00:00,86.76900000000003,86.98800000000003,86.70700000000002,86.72400000000003,1077
2026-08-11T10:35:00+00:00,86.72400000000003,86.82400000000003,86.68200000000003,86.80800000000004,527
2026-08-11T10:40:00+00:00,86.80800000000004,86.87300000000003,86.74900000000002,86.77700000000003,465
2026-08-11T10:45:00+00:00,86.77700000000003,86.78400000000003,86.43400000000003,86.43800000000003,759
2026-08-11T10:50:00+00:00,86.43800000000003,86.54400000000003,86.31200000000003,86.53400000000003,744
2026-08-11T10:55:00+00:00,86.53400000000003,86.68900000000004,86.48900000000003,86.50900000000003,754
2026-08-11T11:00:00+00:00,86.50900000000003,86.53900000000003,84.84900000000003,84.93200000000003,5780
2026-08-11T11:05:00+00:00,84.93200000000003,85.09400000000002,84.69200000000002,84.91800000000003,3097
2026-08-11T11:10:00+00:00,84.91800000000003,85.09400000000002,84.74300000000002,84.93300000000004,2321
2026-08-11T11:15:00+00:00,84.93300000000004,85.17900000000003,84.81300000000003,85.08800000000002,1746
2026-08-11T11:20:00+00:00,85.08800000000002,85.34900000000003,84.93800000000003,85.28800000000003,1614
2026-08-11T11:25:00+00:00,85.28800000000003,85.42200000000003,85.17200000000003,85.39900000000003,1114
2026-08-11T11:30:00+00:00,85.39900000000003,85.54400000000003,85.19200000000002,85.27700000000003,1313
2026-08-11T11:35:00+00:00,85.27700000000003,85.31800000000003,84.82700000000003,84.84900000000003,1175
2026-08-11T11:40:00+00:00,84.84900000000003,84.98400000000002,84.81700000000002,84.97400000000003,822
2026-08-11T11:45:00+00:00,84.97400000000003,85.30900000000003,84.95700000000002,85.27300000000002,856
2026-08-11T11:50:00+00:00,85.27300000000002,85.29400000000003,85.15700000000002,85.21700000000003,884
2026-08-11T11:55:00+00:00,85.21700000000003,85.26800000000003,85.11700000000003,85.16300000000003,711
2026-08-11T12:00:00+00:00,85.16300000000003,85.43400000000003,85.15800000000003,85.35900000000002,1009
2026-08-11T12:05:00+00:00,85.35900000000002,85.36900000000003,85.04700000000003,85.07900000000002,983
2026-08-11T12:10:00+00:00,85.07900000000002,85.17400000000004,84.79800000000003,85.15700000000002,1505
2026-08-11T12:15:00+00:00,85.15700000000002,85.35700000000003,85.10700000000003,85.22900000000003,900
2026-08-11T12:20:00+00:00,85.22900000000003,85.87900000000003,85.21200000000003,85.87400000000002,2029
2026-08-11T12:25:00+00:00,85.87400000000002,85.87900000000003,85.57200000000003,85.57900000000002,1300
2026-08-11T12:30:00+00:00,85.57900000000002,85.58200000000002,85.41700000000003,85.46400000000003,1001
2026-08-11T12:35:00+00:00,85.46400000000003,85.51800000000003,85.34700000000002,85.42900000000003,765
2026-08-11T12:40:00+00:00,85.42900000000003,85.56400000000004,85.40200000000003,85.47300000000003,738
2026-08-11T12:45:00+00:00,85.47300000000003,85.56400000000004,85.34300000000003,85.40900000000003,969
2026-08-11T12:50:00+00:00,85.40900000000003,85.67800000000003,85.35700000000003,85.59200000000003,812
2026-08-11T12:55:00+00:00,85.59200000000003,85.73900000000003,85.59200000000003,85.65900000000003,757
2026-08-11T13:00:00+00:00,85.65900000000003,85.67400000000004,84.88700000000003,85.11900000000003,2672
2026-08-11T13:05:00+00:00,85.11900000000003,85.11900000000003,84.82700000000003,84.99200000000003,1938
2026-08-11T13:10:00+00:00,84.99200000000003,85.06300000000003,84.83700000000003,84.91900000000003,1242
2026-08-11T13:15:00+00:00,84.91900000000003,84.98400000000002,84.21400000000003,84.88200000000003,2846
2026-08-11T13:20:00+00:00,84.88200000000003,85.04400000000003,84.82200000000003,84.84900000000003,1465
2026-08-11T13:25:00+00:00,84.84900000000003,84.86900000000003,84.41800000000003,84.52300000000002,1369
2026-08-11T13:30:00+00:00,84.52300000000002,84.80400000000003,84.48200000000003,84.77300000000002,1934
2026-08-11T13:35:00+00:00,84.77300000000002,84.90200000000003,84.59700000000002,84.70300000000003,1583
2026-08-11T13:40:00+00:00,84.70300000000003,84.75900000000003,84.53700000000003,84.59900000000003,1253
2026-08-11T13:45:00+00:00,84.59900000000003,84.60700000000003,84.35200000000003,84.47700000000003,1548
2026-08-11T13:50:00+00:00,84.47700000000003,84.76400000000002,84.43700000000003,84.74900000000002,1351
2026-08-11T13:55:00+00:00,84.74900000000002,84.75700000000003,84.54300000000003,84.72800000000002,1073
2026-08-11T14:00:00+00:00,84.72800000000002,84.98800000000003,84.66200000000003,84.98800000000003,1513
2026-08-11T14:05:00+00:00,84.98800000000003,85.10900000000002,84.93200000000003,85.07400000000003,1226
2026-08-11T14:10:00+00:00,85.07400000000003,85.24900000000002,85.05800000000004,85.18800000000003,1125
2026-08-11T14:15:00+00:00,85.18800000000003,85.52800000000003,85.16700000000003,85.36700000000003,1259
2026-08-11T14:20:00+00:00,85.36700000000003,85.37900000000003,85.17800000000003,85.25400000000003,1025
2026-08-11T14:25:00+00:00,85.25400000000003,85.45400000000002,85.20700000000002,85.44800000000002,972
2026-08-11T14:30:00+00:00,85.44800000000002,85.59400000000002,85.36200000000002,85.45800000000003,890
2026-08-11T14:35:00+00:00,85.45800000000003,85.49400000000003,85.37700000000002,85.47200000000002,963
2026-08-11T14:40:00+00:00,85.47200000000002,85.68900000000004,85.44400000000003,85.58200000000002,1091
2026-08-11T14:45:00+00:00,85.58200000000002,85.60400000000003,85.47700000000003,85.58200000000002,1109
2026-08-11T14:50:00+00:00,85.58200000000002,85.84400000000002,85.54700000000003,85.76700000000002,1532
2026-08-11T14:55:00+00:00,85.76700000000002,85.99200000000003,85.69400000000003,85.87200000000003,1556
2026-08-11T15:00:00+00:00,85.87200000000003,85.92900000000003,85.74200000000003,85.91400000000003,1527
2026-08-11T15:05:00+00:00,85.91400000000003,86.08900000000003,85.79200000000003,85.82700000000003,1433
2026-08-11T15:10:00+00:00,85.82700000000003,85.84900000000003,85.55800000000004,85.73400000000002,1380
2026-08-11T15:15:00+00:00,85.73400000000002,85.95900000000003,85.71700000000003,85.84800000000003,1259
2026-08-11T15:20:00+00:00,85.84800000000003,85.93900000000004,85.77700000000003,85.79900000000004,1212
2026-08-11T15:25:00+00:00,85.79900000000004,85.89700000000003,85.62700000000002,85.81900000000003,2379
2026-08-11T15:30:00+00:00,85.81900000000003,86.52800000000003,85.80800000000004,86.47700000000003,2198
2026-08-11T15:35:00+00:00,86.47700000000003,86.58400000000003,86.18800000000003,86.31900000000003,2203
2026-08-11T15:40:00+00:00,86.31900000000003,86.56400000000004,86.31200000000003,86.43200000000003,1502
2026-08-11T15:45:00+00:00,86.43200000000003,86.45800000000003,86.26200000000003,86.36900000000003,1054
2026-08-11T15:50:00+00:00,86.36900000000003,86.52900000000002,86.32300000000002,86.34900000000003,1054
2026-08-11T15:55:00+00:00,86.34900000000003,86.46200000000003,86.28700000000003,86.41800000000003,1042
2026-08-11T16:00:00+00:00,86.41800000000003,86.42900000000003,86.06200000000003,86.15200000000003,880
2026-08-11T16:05:00+00:00,86.15200000000003,86.18900000000004,86.06400000000004,86.08800000000002,690
2026-08-11T16:10:00+00:00,86.08800000000002,86.28400000000003,85.98800000000003,86.22800000000002,963
2026-08-11T16:15:00+00:00,86.22800000000002,86.24900000000002,86.08200000000002,86.16200000000003,723
2026-08-11T16:20:00+00:00,86.16200000000003,86.16300000000003,85.92400000000004,85.96800000000003,911
2026-08-11T16:25:00+00:00,85.96800000000003,86.14400000000003,85.86200000000002,85.86800000000002,941
2026-08-11T16:30:00+00:00,85.86800000000002,86.09900000000003,85.86800000000002,85.99800000000003,953
2026-08-11T16:35:00+00:00,85.99800000000003,86.08400000000003,85.93900000000004,86.00800000000002,744
2026-08-11T16:40:00+00:00,86.00800000000002,86.18900000000004,85.99700000000003,86.09800000000003,823
2026-08-11T16:45:00+00:00,86.09800000000003,86.25300000000003,86.03700000000003,86.19900000000003,766
2026-08-11T16:50:00+00:00,86.19900000000003,86.33200000000002,86.18700000000003,86.27700000000003,667
2026-08-11T16:55:00+00:00,86.27700000000003,86.30900000000003,86.17200000000003,86.25800000000002,825
2026-08-11T17:00:00+00:00,86.25800000000002,86.27300000000002,86.09200000000003,86.20900000000003,606
2026-08-11T17:05:00+00:00,86.20900000000003,86.36900000000003,86.20200000000003,86.28700000000003,796
2026-08-11T17:10:00+00:00,86.28700000000003,86.34400000000002,86.21700000000003,86.24800000000003,615
2026-08-11T17:15:00+00:00,86.24800000000003,86.28900000000003,86.19700000000003,86.23800000000003,629
2026-08-11T17:20:00+00:00,86.23800000000003,86.40900000000003,86.11200000000002,86.33900000000003,913
2026-08-11T17:25:00+00:00,86.33900000000003,86.43900000000004,86.32700000000003,86.36900000000003,612
2026-08-11T17:30:00+00:00,86.36900000000003,86.43400000000003,86.27800000000003,86.28700000000003,824
2026-08-11T17:35:00+00:00,86.28700000000003,86.38900000000002,86.17700000000004,86.30700000000003,812
2026-08-11T17:40:00+00:00,86.30700000000003,86.41400000000003,86.27700000000003,86.32900000000002,714
2026-08-11T17:45:00+00:00,86.32900000000002,86.40900000000003,86.26700000000002,86.28700000000003,850
2026-08-11T17:50:00+00:00,86.28700000000003,86.47400000000003,86.28700000000003,86.42800000000003,780
2026-08-11T17:55:00+00:00,86.42800000000003,86.49400000000003,86.37200000000003,86.48900000000003,620
2026-08-11T18:00:00+00:00,86.48900000000003,86.55300000000003,86.31300000000003,86.32900000000002,905
2026-08-11T18:05:00+00:00,86.32900000000002,86.34900000000003,86.18200000000003,86.34700000000002,875
2026-08-11T18:10:00+00:00,86.34700000000002,86.41900000000003,86.25900000000003,86.27800000000003,900
2026-08-11T18:15:00+00:00,86.27800000000003,86.39300000000003,86.24400000000003,86.25300000000003,819
2026-08-11T18:20:00+00:00,86.25300000000003,86.42400000000004,86.17400000000004,86.41300000000003,869
2026-08-11T18:25:00+00:00,86.41300000000003,86.57200000000003,86.35200000000003,86.45200000000003,2216
2026-08-11T18:30:00+00:00,86.45200000000003,86.55900000000003,86.25700000000003,86.26300000000003,949
2026-08-11T18:35:00+00:00,86.26300000000003,86.48800000000003,86.23800000000003,86.48800000000003,547
2026-08-11T18:40:00+00:00,86.48800000000003,86.49400000000003,86.35700000000003,86.37900000000003,538
2026-08-11T18:45:00+00:00,86.37900000000003,86.43400000000003,86.35700000000003,86.37300000000003,313
2026-08-11T18:50:00+00:00,86.37300000000003,86.49400000000003,86.36200000000002,86.44900000000003,338
2026-08-11T18:55:00+00:00,86.44900000000003,86.46800000000003,86.38200000000003,86.42900000000003,266
2026-08-11T19:00:00+00:00,86.42900000000003,86.53400000000003,86.39700000000003,86.51900000000003,311
2026-08-11T19:05:00+00:00,86.51900000000003,86.56300000000003,86.48300000000003,86.50300000000003,358
2026-08-11T19:10:00+00:00,86.50300000000003,86.55200000000004,86.46800000000003,86.53800000000003,291
2026-08-11T19:15:00+00:00,86.53800000000003,86.68900000000004,86.51900000000003,86.67700000000004,357
2026-08-11T19:20:00+00:00,86.67700000000004,86.71300000000002,86.61200000000002,86.65200000000003,365
2026-08-11T19:25:00+00:00,86.65200000000003,86.72900000000003,86.64400000000003,86.72700000000003,325
2026-08-11T19:30:00+00:00,86.72700000000003,86.92200000000003,86.72700000000003,86.80700000000003,521
2026-08-11T19:35:00+00:00,86.80700000000003,86.80700000000003,86.61200000000002,86.61300000000003,466
2026-08-11T19:40:00+00:00,86.61300000000003,86.69900000000003,86.59200000000003,86.63700000000003,429
2026-08-11T19:45:00+00:00,86.63700000000003,86.72900000000003,86.63300000000002,86.72900000000003,290
2026-08-11T19:50:00+00:00,86.72900000000003,86.77200000000003,86.69200000000002,86.70900000000003,407
2026-08-11T19:55:00+00:00,86.70900000000003,86.79400000000003,86.70200000000003,86.72700000000003,453
2026-08-11T20:00:00+00:00,86.72700000000003,86.75800000000002,86.60800000000003,86.70800000000003,569
2026-08-11T20:05:00+00:00,86.70800000000003,86.84900000000003,86.70200000000003,86.78900000000003,486
2026-08-11T20:10:00+00:00,86.78900000000003,86.82800000000003,86.74700000000003,86.82400000000003,371
2026-08-11T20:15:00+00:00,86.82400000000003,86.83900000000003,86.70800000000003,86.73900000000003,380
2026-08-11T20:20:00+00:00,86.73900000000003,86.76900000000003,86.71700000000003,86.74700000000003,337
2026-08-11T20:25:00+00:00,86.74700000000003,86.74700000000003,86.68200000000003,86.72400000000003,256
2026-08-11T20:30:00+00:00,86.72400000000003,86.76300000000003,86.69200000000002,86.72700000000003,765
2026-08-11T20:35:00+00:00,86.72700000000003,86.76300000000003,86.68700000000003,86.72200000000002,272
2026-08-11T20:40:00+00:00,86.72200000000002,86.82900000000002,86.72200000000002,86.78900000000003,359
2026-08-11T20:45:00+00:00,86.78900000000003,86.82200000000003,86.77200000000003,86.77800000000003,334
2026-08-11T20:50:00+00:00,86.77800000000003,86.78800000000003,86.64300000000003,86.64700000000003,367
2026-08-11T20:55:00+00:00,86.64700000000003,86.66800000000003,86.47200000000002,86.57800000000003,606
2026-08-12T00:00:00+00:00,86.57800000000003,86.89900000000003,86.57400000000003,86.81700000000002,382.27208153180976
2026-08-12T00:05:00+00:00,86.81700000000002,87.04700000000003,86.79700000000003,86.91300000000003,655
2026-08-12T00:10:00+00:00,86.91300000000003,86.94900000000003,86.84800000000003,86.92700000000004,486
2026-08-12T00:15:00+00:00,86.92700000000004,87.04400000000003,86.88800000000003,86.98300000000003,851
2026-08-12T00:20:00+00:00,86.98300000000003,87.05700000000003,86.91800000000003,87.04800000000003,677
2026-08-12T00:25:00+00:00,87.04800000000003,87.12800000000003,86.99700000000003,87.03800000000003,783
2026-08-12T00:30:00+00:00,87.03800000000003,87.08900000000003,86.97300000000003,87.06900000000003,852
2026-08-12T00:35:00+00:00,87.06900000000003,87.08900000000003,86.95200000000003,87.06400000000004,1058
2026-08-12T00:40:00+00:00,87.06400000000004,87.08900000000003,87.00300000000003,87.05900000000003,357
2026-08-12T00:45:00+00:00,87.05900000000003,87.14400000000003,87.05800000000004,87.10300000000002,575
2026-08-12T00:50:00+00:00,87.10300000000002,87.24900000000002,87.08700000000003,87.20700000000002,716
2026-08-12T00:55:00+00:00,87.20700000000002,87.21400000000003,87.05700000000003,87.09700000000002,772
2026-08-12T01:00:00+00:00,87.09700000000002,87.18900000000004,87.01200000000003,87.13300000000002,2199
2026-08-12T01:05:00+00:00,87.13300000000002,87.32900000000002,87.07300000000002,87.20300000000003,1342
2026-08-12T01:10:00+00:00,87.20300000000003,87.29900000000004,87.06200000000003,87.10200000000003,1233
2026-08-12T01:15:00+00:00,87.10200000000003,87.30900000000003,87.09700000000002,87.24800000000003,1124
2026-08-12T01:20:00+00:00,87.24800000000003,87.30900000000003,87.17300000000003,87.24900000000002,1162
2026-08-12T01:25:00+00:00,87.24900000000002,87.29200000000003,87.15700000000002,87.17700000000004,1551
2026-08-12T01:30:00+00:00,87.17700000000004,87.22900000000003,87.11900000000003,87.22300000000003,1350
2026-08-12T01:35:00+00:00,87.22300000000003,87.23700000000002,87.08200000000002,87.11300000000003,1281
2026-08-12T01:40:00+00:00,87.11300000000003,87.19400000000003,87.05200000000004,87.07800000000003,1108
2026-08-12T01:45:00+00:00,87.07800000000003,87.07800000000003,86.96700000000003,86.97300000000003,924
2026-08-12T01:50:00+00:00,86.97300000000003,87.04400000000003,86.93200000000003,86.99800000000003,855
2026-08-12T01:55:00+00:00,86.99800000000003,87.04400000000003,86.99200000000003,87.00400000000003,705
2026-08-12T02:00:00+00:00,87.00400000000003,87.15900000000003,87.00400000000003,87.11300000000003,1181
2026-08-12T02:05:00+00:00,87.11300000000003,87.13900000000002,87.05700000000003,87.10200000000003,882
2026-08-12T02:10:00+00:00,87.10200000000003,87.12900000000003,86.98900000000003,87.03300000000003,971
2026-08-12T02:15:00+00:00,87.03300000000003,87.09400000000002,87.02700000000003,87.07800000000003,534
2026-08-12T02:20:00+00:00,87.07800000000003,87.09900000000003,87.05400000000003,87.05700000000003,155
2026-08-12T02:25:00+00:00,87.05700000000003,87.07900000000002,87.01700000000002,87.04800000000003,443
2026-08-12T02:30:00+00:00,87.04800000000003,87.08400000000003,86.99700000000003,87.01800000000003,772
2026-08-12T02:35:00+00:00,87.01800000000003,87.22900000000003,87.01700000000002,87.19800000000002,844
2026-08-12T02:40:00+00:00,87.19800000000002,87.26900000000003,87.19300000000003,87.22900000000003,1141
2026-08-12T02:45:00+00:00,87.22900000000003,87.36400000000003,87.20800000000003,87.20900000000003,1138
2026-08-12T02:50:00+00:00,87.20900000000003,87.27300000000002,87.18200000000003,87.25900000000003,1419
2026-08-12T02:55:00+00:00,87.25900000000003,87.36300000000003,87.23700000000002,87.28700000000003,803
2026-08-12T03:00:00+00:00,87.28700000000003,87.37900000000003,87.28200000000002,87.33200000000002,929
2026-08-12T03:05:00+00:00,87.33200000000002,87.34200000000003,87.23700000000002,87.31200000000003,879
2026-08-12T03:10:00+00:00,87.31200000000003,87.35300000000002,87.27800000000003,87.32800000000003,1080
2026-08-12T03:15:00+00:00,87.32800000000003,87.43900000000004,87.32800000000003,87.42900000000003,914
2026-08-12T03:20:00+00:00,87.42900000000003,87.43400000000003,87.29700000000003,87.32800000000003,568
2026-08-12T03:25:00+00:00,87.32800000000003,87.35300000000002,87.22200000000002,87.29400000000003,594
2026-08-12T03:30:00+00:00,87.29400000000003,87.36900000000003,87.19700000000003,87.35200000000003,659
2026-08-12T03:35:00+00:00,87.35200000000003,87.41300000000003,87.29200000000003,87.40400000000002,588
2026-08-12T03:40:00+00:00,87.40400000000002,87.48400000000002,87.34700000000002,87.47300000000003,674
2026-08-12T03:45:00+00:00,87.47300000000003,87.60400000000003,87.43300000000004,87.56400000000004,393
2026-08-12T03:50:00+00:00,87.56400000000004,87.65800000000003,87.52700000000003,87.61400000000003,409
2026-08-12T03:55:00+00:00,87.61400000000003,87.63900000000002,87.57700000000003,87.63900000000002,366
2026-08-12T04:00:00+00:00,87.63900000000002,87.66900000000003,87.50200000000002,87.50800000000002,753
2026-08-12T04:05:00+00:00,87.50800000000002,87.54900000000004,87.45700000000002,87.48700000000002,782
2026-08-12T04:10:00+00:00,87.48700000000002,87.49900000000002,87.32700000000003,87.35400000000003,731
2026-08-12T04:15:00+00:00,87.35400000000003,87.40300000000003,87.32700000000003,87.33700000000003,659
2026-08-12T04:20:00+00:00,87.33700000000003,87.40400000000002,87.31800000000003,87.34900000000003,589
2026-08-12T04:25:00+00:00,87.34900000000003,87.36400000000003,87.25700000000003,87.28300000000003,618
2026-08-12T04:30:00+00:00,87.28300000000003,87.33400000000003,87.23800000000003,87.27300000000002,740
2026-08-12T04:35:00+00:00,87.27300000000002,87.30800000000004,87.21200000000003,87.22400000000003,424
2026-08-12T04:40:00+00:00,87.22400000000003,87.22900000000003,87.06200000000003,87.08900000000003,668
2026-08-12T04:45:00+00:00,87.08900000000003,87.11800000000002,87.01300000000003,87.03400000000003,671
2026-08-12T04:50:00+00:00,87.03400000000003,87.07200000000003,86.98200000000003,87.02300000000002,440
2026-08-12T04:55:00+00:00,87.02300000000002,87.08800000000002,86.98700000000002,87.00700000000003,303
2026-08-12T05:00:00+00:00,87.00700000000003,87.09900000000003,87.00700000000003,87.06400000000004,717
2026-08-12T05:05:00+00:00,87.06400000000004,87.15900000000003,87.03800000000003,87.15700000000002,685
2026-08-12T05:10:00+00:00,87.15700000000002,87.21400000000003,87.13700000000003,87.19300000000003,599
2026-08-12T05:15:00+00:00,87.19300000000003,87.19900000000003,87.14700000000003,87.18700000000003,335
2026-08-12T05:20:00+00:00,87.18700000000003,87.21400000000003,87.08800000000002,87.09900000000003,653
2026-08-12T05:25:00+00:00,87.09900000000003,87.10900000000002,87.05700000000003,87.09800000000003,419
2026-08-12T05:30:00+00:00,87.09800000000003,87.11300000000003,86.83400000000003,86.90400000000002,1729
2026-08-12T05:35:00+00:00,86.90400000000002,87.02400000000003,86.80700000000003,86.99900000000002,1204
2026-08-12T05:40:00+00:00,86.99900000000002,87.03300000000003,86.94700000000003,87.00200000000002,1032
2026-08-12T05:45:00+00:00,87.00200000000002,87.14400000000003,86.92200000000003,87.12200000000003,1358
2026-08-12T05:50:00+00:00,87.12200000000003,87.28900000000003,87.11200000000002,87.23400000000002,1418
2026-08-12T05:55:00+00:00,87.23400000000002,87.40400000000002,87.22300000000003,87.36700000000003,1507
2026-08-12T06:00:00+00:00,87.36700000000003,87.38900000000002,87.17200000000003,87.26900000000003,1399
2026-08-12T06:05:00+00:00,87.26900000000003,87.35200000000003,87.18800000000003,87.33300000000003,1118
2026-08-12T06:10:00+00:00,87.33300000000003,87.34900000000003,87.21200000000003,87.25400000000003,993
2026-08-12T06:15:00+00:00,87.25400000000003,87.27300000000002,87.09700000000002,87.13700000000003,1060
2026-08-12T06:20:00+00:00,87.13700000000003,87.28400000000003,87.02200000000003,87.27800000000003,876
2026-08-12T06:25:00+00:00,87.27800000000003,87.33700000000003,87.14200000000002,87.20700000000002,557
2026-08-12T06:30:00+00:00,87.20700000000002,87.25900000000003,86.86200000000002,86.87900000000003,826
2026-08-12T06:35:00+00:00,86.87900000000003,86.91400000000003,86.68900000000004,86.76700000000002,899
2026-08-12T06:40:00+00:00,86.76700000000002,87.17800000000003,86.74300000000002,87.09400000000002,1115
2026-08-12T06:45:00+00:00,87.09400000000002,87.13400000000003,86.74200000000003,86.80200000000004,1342
2026-08-12T06:50:00+00:00,86.80200000000004,86.88900000000002,86.66700000000003,86.88900000000002,1147
2026-08-12T06:55:00+00:00,86.88900000000002,87.03900000000003,86.83200000000002,87.03300000000003,1188
2026-08-12T07:00:00+00:00,87.03300000000003,87.34300000000003,86.99200000000003,87.20800000000003,1127
2026-08-12T07:05:00+00:00,87.20800000000003,87.35400000000003,87.15400000000002,87.30200000000004,889
2026-08-12T07:10:00+00:00,87.30200000000004,87.37200000000003,87.18700000000003,87.33200000000002,797
2026-08-12T07:15:00+00:00,87.33200000000002,87.35900000000002,87.17700000000004,87.21800000000003,734
2026-08-12T07:20:00+00:00,87.21800000000003,87.24400000000003,87.01700000000002,87.02700000000003,725
2026-08-12T07:25:00+00:00,87.02700000000003,87.15900000000003,86.96700000000003,87.06800000000003,877
2026-08-12T07:30:00+00:00,87.06800000000003,87.11400000000003,86.97200000000002,87.05800000000004,944
2026-08-12T07:35:00+00:00,87.05800000000004,87.13400000000003,86.99300000000002,87.02800000000003,765
2026-08-12T07:40:00+00:00,87.02800000000003,87.18900000000004,87.01200000000003,87.06700000000002,822
2026-08-12T07:45:00+00:00,87.06700000000002,87.20900000000003,87.00800000000002,87.08700000000003,811
2026-08-12T07:50:00+00:00,87.08700000000003,87.24900000000002,87.05300000000003,87.22400000000003,1296
2026-08-12T07:55:00+00:00,87.22400000000003,87.42300000000003,87.14700000000003,87.16200000000003,1258
2026-08-12T08:00:00+00:00,87.16200000000003,87.25300000000003,87.02700000000003,87.12700000000002,1596
2026-08-12T08:05:00+00:00,87.12700000000002,87.22300000000003,86.98700000000002,87.16900000000003,1221
2026-08-12T08:10:00+00:00,87.16900000000003,87.22800000000002,87.00400000000003,87.05400000000003,1046
2026-08-12T08:15:00+00:00,87.05400000000003,87.18900000000004,86.90200000000003,86.97700000000003,1393
2026-08-12T08:20:00+00:00,86.97700000000003,87.08300000000003,86.86800000000002,87.01300000000003,1354
2026-08-12T08:25:00+00:00,87.01300000000003,87.15900000000003,86.74800000000003,86.86900000000003,3144
2026-08-12T08:30:00+00:00,86.86900000000003,87.01900000000003,86.73400000000002,86.98400000000002,1629
2026-08-12T08:35:00+00:00,86.98400000000002,87.07900000000002,86.72800000000002,86.80400000000003,1251
2026-08-12T08:40:00+00:00,86.80400000000003,86.93900000000004,86.76200000000003,86.88200000000003,883
2026-08-12T08:45:00+00:00,86.88200000000003,86.93700000000003,86.83900000000003,86.88300000000002,731
2026-08-12T08:50:00+00:00,86.88300000000002,86.89400000000003,86.48700000000002,86.49900000000002,1070
2026-08-12T08:55:00+00:00,86.49900000000002,86.93400000000003,86.49900000000002,86.92800000000003,784
2026-08-12T09:00:00+00:00,86.92800000000003,86.93800000000003,86.60700000000003,86.62200000000003,834
2026-08-12T09:05:00+00:00,86.62200000000003,86.88900000000002,86.61200000000002,86.87900000000003,957
2026-08-12T09:10:00+00:00,86.87900000000003,86.93900000000004,86.74400000000003,86.75400000000003,931
2026-08-12T09:15:00+00:00,86.75400000000003,86.75900000000003,86.65300000000003,86.70200000000003,1038
2026-08-12T09:20:00+00:00,86.70200000000003,86.82900000000002,86.07200000000003,86.16800000000003,2280
2026-08-12T09:25:00+00:00,86.16800000000003,86.35700000000003,85.93800000000003,86.06900000000003,2418
2026-08-12T09:30:00+00:00,86.06900000000003,86.28400000000003,85.86700000000003,86.25800000000002,1491
2026-08-12T09:35:00+00:00,86.25800000000002,86.34400000000002,86.01700000000002,86.16900000000003,1431
2026-08-12T09:40:00+00:00,86.16900000000003,86.21400000000003,85.97200000000002,86.09200000000003,1103
2026-08-12T09:45:00+00:00,86.09200000000003,86.14700000000003,85.90900000000003,85.95800000000003,890
2026-08-12T09:50:00+00:00,85.95800000000003,86.50400000000003,85.69300000000003,86.45800000000003,2454
2026-08-12T09:55:00+00:00,86.45800000000003,86.62900000000003,86.27200000000003,86.33800000000002,1435
2026-08-12T10:00:00+00:00,86.33800000000002,86.44400000000003,86.30400000000003,86.41900000000003,926
2026-08-12T10:05:00+00:00,86.41900000000003,86.42700000000004,86.18700000000003,86.33300000000003,944
2026-08-12T10:10:00+00:00,86.33300000000003,86.39300000000003,86.22800000000002,86.36300000000003,755
2026-08-12T10:15:00+00:00,86.36300000000003,86.36900000000003,86.18700000000003,86.29300000000003,632
2026-08-12T10:20:00+00:00,86.29300000000003,86.43900000000004,86.27200000000003,86.36900000000003,1034
2026-08-12T10:25:00+00:00,86.36900000000003,86.54400000000003,86.31200000000003,86.53400000000003,895
2026-08-12T10:30:00+00:00,86.53400000000003,86.61900000000003,86.43700000000003,86.45300000000003,933
2026-08-12T10:35:00+00:00,86.45300000000003,86.52400000000003,86.40700000000002,86.40900000000003,600
2026-08-12T10:40:00+00:00,86.40900000000003,86.44800000000002,86.34200000000003,86.36200000000002,551
2026-08-12T10:45:00+00:00,86.36200000000002,86.98400000000002,86.23300000000003,86.78900000000003,2188
2026-08-12T10:50:00+00:00,86.78900000000003,86.90800000000003,86.61200000000002,86.68200000000003,2287
2026-08-12T10:55:00+00:00,86.68200000000003,86.75200000000002,86.55400000000003,86.61700000000003,1323
2026-08-12T11:00:00+00:00,86.61700000000003,86.78400000000003,86.44200000000002,86.57900000000002,1255
2026-08-12T11:05:00+00:00,86.57900000000002,86.71300000000002,86.56200000000003,86.66800000000003,855
2026-08-12T11:10:00+00:00,86.66800000000003,86.78300000000003,86.49700000000003,86.51800000000003,1073
2026-08-12T11:15:00+00:00,86.51800000000003,86.72900000000003,86.50200000000002,86.56900000000003,781
2026-08-12T11:20:00+00:00,86.56900000000003,86.59900000000003,86.48200000000003,86.57800000000003,400
2026-08-12T11:25:00+00:00,86.57800000000003,86.58400000000003,86.42200000000003,86.54400000000003,531
2026-08-12T11:30:00+00:00,86.54400000000003,86.55400000000003,86.31400000000004,86.33900000000003,553
2026-08-12T11:35:00+00:00,86.33900000000003,86.52800000000003,86.30800000000004,86.48300000000003,640
2026-08-12T11:40:00+00:00,86.48300000000003,86.58400000000003,86.43900000000004,86.54900000000004,603
2026-08-12T11:45:00+00:00,86.54900000000004,86.83400000000003,86.54900000000004,86.80800000000004,715
2026-08-12T11:50:00+00:00,86.80800000000004,86.90700000000002,86.74800000000003,86.82200000000003,798
2026-08-12T11:55:00+00:00,86.82200000000003,86.87900000000003,86.69200000000002,86.83900000000003,935
2026-08-12T12:00:00+00:00,86.83900000000003,86.87200000000003,86.65700000000002,86.78800000000003,878
2026-08-12T12:05:00+00:00,86.78800000000003,86.96900000000002,86.76700000000002,86.92200000000003,673
2026-08-12T12:10:00+00:00,86.92200000000003,86.93900000000004,86.77300000000002,86.80300000000003,1128
2026-08-12T12:15:00+00:00,86.80300000000003,86.88300000000002,86.76700000000002,86.84700000000002,1058
2026-08-12T12:20:00+00:00,86.84700000000002,86.85300000000002,86.71700000000003,86.84200000000003,896
2026-08-12T12:25:00+00:00,86.84200000000003,86.86200000000002,86.72700000000003,86.82200000000003,1684
2026-08-12T12:30:00+00:00,86.82200000000003,86.94900000000003,86.75200000000002,86.82700000000003,2323
2026-08-12T12:35:00+00:00,86.82700000000003,86.86400000000003,86.61700000000003,86.63700000000003,1523
2026-08-12T12:40:00+00:00,86.63700000000003,86.71900000000002,86.51200000000003,86.53300000000003,1359
2026-08-12T12:45:00+00:00,86.53300000000003,86.55900000000003,86.19400000000003,86.25400000000003,1265
2026-08-12T12:50:00+00:00,86.25400000000003,86.37900000000003,86.25400000000003,86.28800000000003,1189
2026-08-12T12:55:00+00:00,86.28800000000003,86.40900000000003,86.12700000000002,86.12700000000002,1446
2026-08-12T13:00:00+00:00,86.12700000000002,86.22900000000003,85.97700000000003,86.03700000000003,2368
2026-08-12T13:05:00+00:00,86.03700000000003,86.10900000000002,85.95700000000002,86.04700000000003,1674
2026-08-12T13:10:00+00:00,86.04700000000003,86.08900000000003,85.89700000000003,85.96700000000003,1423
2026-08-12T13:15:00+00:00,85.96700000000003,86.18300000000004,85.87900000000003,85.90800000000003,1958
2026-08-12T13:20:00+00:00,85.90800000000003,86.04800000000003,85.78200000000002,85.93400000000003,1282
2026-08-12T13:25:00+00:00,85.93400000000003,86.17200000000003,85.91700000000003,86.12800000000003,1084
2026-08-12T13:30:00+00:00,86.12800000000003,86.26900000000003,86.03200000000002,86.13800000000003,1426
2026-08-12T13:35:00+00:00,86.13800000000003,86.17800000000003,85.96700000000003,85.98800000000003,1045
2026-08-12T13:40:00+00:00,85.98800000000003,86.09300000000003,85.92400000000004,86.07800000000003,1090
2026-08-12T13:45:00+00:00,86.07800000000003,86.19400000000003,86.01800000000003,86.16700000000003,1166
2026-08-12T13:50:00+00:00,86.16700000000003,86.16700000000003,85.90700000000002,85.99900000000002,1246
2026-08-12T13:55:00+00:00,85.99900000000002,86.12400000000002,85.92400000000004,86.08200000000002,1176
2026-08-12T14:00:00+00:00,86.08200000000002,86.20400000000002,85.98200000000003,85.98800000000003,1577
2026-08-12T14:05:00+00:00,85.98800000000003,86.15800000000003,85.92700000000004,86.05800000000004,1329
2026-08-12T14:10:00+00:00,86.05800000000004,86.32200000000003,85.98200000000003,86.31900000000003,1251
2026-08-12T14:15:00+00:00,86.31900000000003,86.37700000000002,86.12700000000002,86.26300000000003,1072
2026-08-12T14:20:00+00:00,86.26300000000003,86.26900000000003,86.08400000000003,86.17900000000003,739
2026-08-12T14:25:00+00:00,86.17900000000003,86.48300000000003,86.15800000000003,86.47400000000003,794
2026-08-12T14:30:00+00:00,86.47400000000003,86.54200000000003,85.87800000000003,86.23400000000002,3961
2026-08-12T14:35:00+00:00,86.23400000000002,86.48300000000003,86.23200000000003,86.40800000000003,2194
2026-08-12T14:40:00+00:00,86.40800000000003,86.41900000000003,86.10700000000003,86.18200000000003,1710
2026-08-12T14:45:00+00:00,86.18200000000003,86.42800000000003,86.06700000000002,86.38900000000002,1732
2026-08-12T14:50:00+00:00,86.38900000000002,86.49200000000003,86.29200000000003,86.34700000000002,1186
2026-08-12T14:55:00+00:00,86.34700000000002,86.51900000000003,86.34700000000002,86.44400000000003,1200
2026-08-12T15:00:00+00:00,86.44400000000003,86.68900000000004,86.36700000000003,86.65900000000003,1747
2026-08-12T15:05:00+00:00,86.65900000000003,86.67400000000004,86.52700000000003,86.57400000000003,1059
2026-08-12T15:10:00+00:00,86.57400000000003,86.60900000000002,86.43700000000003,86.55800000000004,1389
2026-08-12T15:15:00+00:00,86.55800000000004,86.69400000000003,86.48200000000003,86.52400000000003,1293
2026-08-12T15:20:00+00:00,86.52400000000003,86.58800000000002,86.34700000000002,86.38700000000003,1537
2026-08-12T15:25:00+00:00,86.38700000000003,86.55900000000003,86.29300000000003,86.42700000000004,1879
2026-08-12T15:30:00+00:00,86.42700000000004,86.59400000000002,86.42700000000004,86.56400000000004,1039
2026-08-12T15:35:00+00:00,86.56400000000004,86.57400000000003,86.40200000000003,86.40800000000003,832
2026-08-12T15:40:00+00:00,86.40800000000003,86.49800000000003,86.33700000000003,86.46200000000003,697
2026-08-12T15:45:00+00:00,86.46200000000003,86.57400000000003,86.41700000000003,86.43800000000003,863
2026-08-12T15:50:00+00:00,86.43800000000003,86.59200000000003,86.43800000000003,86.51700000000002,845
2026-08-12T15:55:00+00:00,86.51700000000002,86.51900000000003,86.35700000000003,86.40700000000002,809.6207009902618
2026-08-12T16:00:00+00:00,86.40700000000002,86.42700000000002,86.16000000000003,86.26100000000002,1093
2026-08-12T16:05:00+00:00,86.26100000000002,86.48700000000002,86.25500000000002,86.47500000000002,795
2026-08-12T16:10:00+00:00,86.47500000000002,86.48100000000002,86.16500000000002,86.17500000000003,881
2026-08-12T16:15:00+00:00,86.17500000000003,86.39000000000001,86.11500000000002,86.33500000000002,1058
2026-08-12T16:20:00+00:00,86.33500000000002,86.40600000000002,86.29000000000002,86.38700000000001,733
2026-08-12T16:25:00+00:00,86.38700000000001,86.42200000000003,86.24000000000002,86.24500000000002,550
2026-08-12T16:30:00+00:00,86.24500000000002,86.40500000000002,86.21200000000002,86.38100000000001,648
2026-08-12T16:35:00+00:00,86.38100000000001,86.38100000000001,86.26500000000001,86.30100000000002,517
2026-08-12T16:40:00+00:00,86.30100000000002,86.30700000000002,86.19500000000002,86.29200000000002,555
2026-08-12T16:45:00+00:00,86.29200000000002,86.32200000000002,86.22100000000002,86.27600000000002,457
2026-08-12T16:50:00+00:00,86.27600000000002,86.32700000000001,86.23000000000002,86.25500000000002,413
2026-08-12T16:55:00+00:00,86.25500000000002,86.32000000000002,86.10500000000002,86.11700000000002,646
2026-08-12T17:00:00+00:00,86.11700000000002,86.14700000000002,86.01000000000002,86.08600000000001,738
2026-08-12T17:05:00+00:00,86.08600000000001,86.19600000000001,86.03700000000002,86.19000000000001,578
2026-08-12T17:10:00+00:00,86.19000000000001,86.25100000000002,86.13600000000002,86.20100000000002,595
2026-08-12T17:15:00+00:00,86.20100000000002,86.47600000000001,86.19600000000001,86.34500000000001,1309
2026-08-12T17:20:00+00:00,86.34500000000001,86.34500000000001,86.03000000000002,86.05500000000002,978
2026-08-12T17:25:00+00:00,86.05500000000002,86.26200000000001,86.04500000000002,86.25000000000001,717
2026-08-12T17:30:00+00:00,86.25000000000001,86.36700000000002,86.21500000000002,86.24500000000002,1075
2026-08-12T17:35:00+00:00,86.24500000000002,86.43600000000002,86.24500000000002,86.41700000000002,779
2026-08-12T17:40:00+00:00,86.41700000000002,86.54200000000002,86.35000000000002,86.42700000000002,748
2026-08-12T17:45:00+00:00,86.42700000000002,86.44600000000001,86.30500000000002,86.32600000000002,575
2026-08-12T17:50:00+00:00,86.32600000000002,86.54700000000003,86.25100000000002,86.49200000000002,952
2026-08-12T17:55:00+00:00,86.49200000000002,86.51700000000002,86.42000000000002,86.45500000000001,678
2026-08-12T18:00:00+00:00,86.45500000000001,86.50700000000002,86.27600000000002,86.28600000000002,841
2026-08-12T18:05:00+00:00,86.28600000000002,86.34700000000002,86.17100000000002,86.18500000000002,725
2026-08-12T18:10:00+00:00,86.18500000000002,86.31700000000002,86.16000000000003,86.28600000000002,632
2026-08-12T18:15:00+00:00,86.28600000000002,86.41600000000003,86.28600000000002,86.34500000000001,813
2026-08-12T18:20:00+00:00,86.34500000000001,86.40700000000002,86.31500000000001,86.33000000000001,765
2026-08-12T18:25:00+00:00,86.33000000000001,86.69200000000002,86.26500000000001,86.67200000000003,2802
2026-08-12T18:30:00+00:00,86.67200000000003,86.69200000000002,86.49000000000002,86.63100000000001,904
2026-08-12T18:35:00+00:00,86.63100000000001,86.63100000000001,86.53500000000003,86.61100000000002,412
2026-08-12T18:40:00+00:00,86.61100000000002,86.61700000000002,86.49000000000002,86.50200000000002,313
2026-08-12T18:45:00+00:00,86.50200000000002,86.53100000000002,86.45100000000002,86.46600000000002,240
2026-08-12T18:50:00+00:00,86.46600000000002,86.49700000000001,86.40200000000002,86.47500000000002,302
2026-08-12T18:55:00+00:00,86.47500000000002,86.50700000000002,86.45500000000001,86.48600000000002,207
2026-08-12T19:00:00+00:00,86.48600000000002,86.50000000000001,86.36500000000002,86.39500000000002,261
2026-08-12T19:05:00+00:00,86.39500000000002,86.40200000000002,86.34200000000001,86.37600000000002,265
2026-08-12T19:10:00+00:00,86.37600000000002,86.39700000000002,86.32500000000002,86.39100000000002,184
2026-08-12T19:15:00+00:00,86.39100000000002,86.41700000000002,86.36500000000002,86.36600000000001,156
2026-08-12T19:20:00+00:00,86.36600000000001,86.42200000000003,86.36000000000001,86.39700000000002,183
2026-08-12T19:25:00+00:00,86.39700000000002,86.43700000000003,86.33500000000002,86.39100000000002,349
2026-08-12T19:30:00+00:00,86.39100000000002,86.39100000000002,86.26000000000002,86.28500000000003,235
2026-08-12T19:35:00+00:00,86.28500000000003,86.32700000000001,86.16700000000002,86.27200000000002,362
2026-08-12T19:40:00+00:00,86.27200000000002,86.28700000000002,86.19700000000002,86.24700000000001,313
2026-08-12T19:45:00+00:00,86.24700000000001,86.27700000000002,86.20500000000001,86.22600000000001,201
2026-08-12T19:50:00+00:00,86.22600000000001,86.27700000000002,86.21500000000002,86.23700000000002,260
2026-08-12T19:55:00+00:00,86.23700000000002,86.31700000000002,86.23700000000002,86.31100000000002,480
2026-08-12T20:00:00+00:00,86.31100000000002,86.33700000000002,86.20500000000001,86.22600000000001,469
2026-08-12T20:05:00+00:00,86.22600000000001,86.23200000000001,86.17500000000003,86.18000000000002,544
2026-08-12T20:10:00+00:00,86.18000000000002,86.26600000000002,86.13600000000002,86.22500000000002,440
2026-08-12T20:15:00+00:00,86.22500000000002,86.23700000000002,86.20700000000002,86.21500000000002,244
2026-08-12T20:20:00+00:00,86.21500000000002,86.22200000000002,86.16500000000002,86.19600000000001,239
2026-08-12T20:25:00+00:00,86.19600000000001,86.23700000000002,86.18500000000002,86.22700000000002,341
2026-08-12T20:30:00+00:00,86.22700000000002,86.22700000000002,86.15500000000002,86.18000000000002,448
2026-08-12T20:35:00+00:00,86.18000000000002,86.19100000000002,85.93000000000002,85.93100000000003,1268
2026-08-12T20:40:00+00:00,85.93100000000003,86.02500000000002,85.93000000000002,86.01500000000001,1206
2026-08-12T20:45:00+00:00,86.01500000000001,86.02600000000002,85.92500000000003,86.01000000000002,1061
2026-08-12T20:50:00+00:00,86.01000000000002,86.02700000000002,85.94700000000002,85.99600000000002,927
2026-08-12T20:55:00+00:00,85.99600000000002,86.01700000000002,85.95000000000002,85.98200000000001,1487
2026-08-13T00:00:00+00:00,85.98200000000001,86.00800000000001,85.885,85.91700000000002,247.07938588279347
2026-08-13T00:05:00+00:00,85.91700000000002,86.001,85.84500000000001,85.90700000000001,528
2026-08-13T00:10:00+00:00,85.90700000000001,85.96100000000001,85.635,85.84,417
2026-08-13T00:15:00+00:00,85.84,85.897,85.73500000000001,85.885,515
2026-08-13T00:20:00+00:00,85.885,85.94500000000001,85.736,85.775,290
2026-08-13T00:25:00+00:00,85.775,85.79700000000001,85.70500000000001,85.775,333
2026-08-13T00:30:00+00:00,85.775,85.79700000000001,85.67200000000001,85.745,438
2026-08-13T00:35:00+00:00,85.745,85.757,85.66000000000001,85.69500000000001,252
2026-08-13T00:40:00+00:00,85.69500000000001,85.70700000000001,85.62700000000001,85.64200000000001,371
2026-08-13T00:45:00+00:00,85.64200000000001,85.68200000000002,85.56500000000001,85.67600000000002,218
2026-08-13T00:50:00+00:00,85.67600000000002,85.68100000000001,85.60000000000001,85.62200000000001,271
2026-08-13T00:55:00+00:00,85.62200000000001,85.697,85.415,85.43200000000002,453
2026-08-13T01:00:00+00:00,85.43200000000002,85.55700000000002,85.26200000000001,85.456,1467
2026-08-13T01:05:00+00:00,85.456,85.522,85.382,85.41100000000002,824
2026-08-13T01:10:00+00:00,85.41100000000002,85.54200000000002,85.29,85.50600000000001,672
2026-08-13T01:15:00+00:00,85.50600000000001,85.55100000000002,85.436,85.477,435
2026-08-13T01:20:00+00:00,85.477,85.64200000000001,85.477,85.617,600
2026-08-13T01:25:00+00:00,85.617,85.70200000000001,85.59500000000001,85.697,543
2026-08-13T01:30:00+00:00,85.697,85.78200000000001,85.58500000000001,85.64500000000001,622
2026-08-13T01:35:00+00:00,85.64500000000001,85.68,85.61000000000001,85.63600000000001,436
2026-08-13T01:40:00+00:00,85.63600000000001,85.686,85.58500000000001,85.60100000000001,779
2026-08-13T01:45:00+00:00,85.60100000000001,85.62200000000001,85.49600000000001,85.51200000000001,651
2026-08-13T01:50:00+00:00,85.51200000000001,85.662,85.47500000000001,85.63100000000001,559
2026-08-13T01:55:00+00:00,85.63100000000001,85.63700000000001,85.525,85.60000000000001,464
2026-08-13T02:00:00+00:00,85.60000000000001,85.662,85.54100000000001,85.59,683
2026-08-13T02:05:00+00:00,85.59,85.596,85.46100000000001,85.54500000000002,499
2026-08-13T02:10:00+00:00,85.54500000000002,85.566,85.45,85.456,339
2026-08-13T02:15:00+00:00,85.456,85.46700000000001,85.41000000000001,85.43,126
2026-08-13T02:20:00+00:00,85.43,85.48200000000001,85.41000000000001,85.47000000000001,164
2026-08-13T02:25:00+00:00,85.47000000000001,85.51700000000001,85.44500000000001,85.51100000000001,158
2026-08-13T02:30:00+00:00,85.51100000000001,85.59500000000001,85.46000000000001,85.48500000000001,745
2026-08-13T02:35:00+00:00,85.48500000000001,85.537,85.45,85.52600000000001,501
2026-08-13T02:40:00+00:00,85.52600000000001,85.54200000000002,85.44500000000001,85.537,409
2026-08-13T02:45:00+00:00,85.537,85.62100000000001,85.53600000000002,85.57100000000001,447
2026-08-13T02:50:00+00:00,85.57100000000001,85.572,85.50500000000001,85.54700000000001,338
2026-08-13T02:55:00+00:00,85.54700000000001,85.68700000000001,85.54100000000001,85.62500000000001,501
2026-08-13T03:00:00+00:00,85.62500000000001,85.64200000000001,85.516,85.56500000000001,600
2026-08-13T03:05:00+00:00,85.56500000000001,85.57100000000001,85.44500000000001,85.47600000000001,674
2026-08-13T03:10:00+00:00,85.47600000000001,85.48200000000001,85.38100000000001,85.42500000000001,585
2026-08-13T03:15:00+00:00,85.42500000000001,85.59200000000001,85.41600000000001,85.59200000000001,357
2026-08-13T03:20:00+00:00,85.59200000000001,85.78200000000001,85.58500000000001,85.77100000000002,468
2026-08-13T03:25:00+00:00,85.77100000000002,85.83600000000001,85.70500000000001,85.831,453
2026-08-13T03:30:00+00:00,85.831,85.977,85.81,85.90100000000001,428
2026-08-13T03:35:00+00:00,85.90100000000001,85.90700000000001,85.79,85.84700000000001,281
2026-08-13T03:40:00+00:00,85.84700000000001,85.87700000000001,85.81500000000001,85.83200000000001,211
2026-08-13T03:45:00+00:00,85.83200000000001,85.90200000000002,85.81500000000001,85.84500000000001,223
2026-08-13T03:50:00+00:00,85.84500000000001,85.962,85.82100000000001,85.96100000000001,287
2026-08-13T03:55:00+00:00,85.96100000000001,86.10700000000001,85.96000000000001,86.03000000000002,368
2026-08-13T04:00:00+00:00,86.03000000000002,86.162,86.03000000000002,86.156,367
2026-08-13T04:05:00+00:00,86.156,86.19200000000001,86.08600000000001,86.18100000000001,288
2026-08-13T04:10:00+00:00,86.18100000000001,86.29100000000001,86.16600000000001,86.28000000000002,299
2026-08-13T04:15:00+00:00,86.28000000000002,86.35700000000001,86.28000000000002,86.322,340
2026-08-13T04:20:00+00:00,86.322,86.36200000000001,86.31500000000001,86.35600000000001,206
2026-08-13T04:25:00+00:00,86.35600000000001,86.397,86.32000000000001,86.391,225
2026-08-13T04:30:00+00:00,86.391,86.42200000000001,86.37500000000001,86.41000000000001,215
2026-08-13T04:35:00+00:00,86.41000000000001,86.412,86.32000000000001,86.361,292
2026-08-13T04:40:00+00:00,86.361,86.382,86.296,86.37100000000001,197
2026-08-13T04:45:00+00:00,86.37100000000001,86.37100000000001,86.325,86.34500000000001,178
2026-08-13T04:50:00+00:00,86.34500000000001,86.37700000000001,86.33000000000001,86.35600000000001,135
2026-08-13T04:55:00+00:00,86.35600000000001,86.44200000000001,86.31500000000001,86.44200000000001,253
2026-08-13T05:00:00+00:00,86.44200000000001,86.52600000000001,86.42000000000002,86.51200000000001,284
2026-08-13T05:05:00+00:00,86.51200000000001,86.51200000000001,86.44000000000001,86.501,138
2026-08-13T05:10:00+00:00,86.501,86.54200000000002,86.42000000000002,86.43200000000002,179
2026-08-13T05:15:00+00:00,86.43200000000002,86.51700000000001,86.41100000000002,86.47200000000001,194
2026-08-13T05:20:00+00:00,86.47200000000001,86.501,86.397,86.40700000000001,290
2026-08-13T05:25:00+00:00,86.40700000000001,86.45700000000001,86.33500000000001,86.39600000000002,270
2026-08-13T05:30:00+00:00,86.39600000000002,86.662,86.37,86.477,1607
2026-08-13T05:35:00+00:00,86.477,86.48700000000001,86.31500000000001,86.34500000000001,790
2026-08-13T05:40:00+00:00,86.34500000000001,86.441,86.34500000000001,86.35700000000001,655
2026-08-13T05:45:00+00:00,86.35700000000001,86.50200000000001,86.352,86.391,654
2026-08-13T05:50:00+00:00,86.391,86.59700000000001,86.391,86.581,532
2026-08-13T05:55:00+00:00,86.581,86.626,86.42000000000002,86.50000000000001,677
2026-08-13T06:00:00+00:00,86.50000000000001,86.575,86.38600000000001,86.49700000000001,708
2026-08-13T06:05:00+00:00,86.49700000000001,86.52700000000002,86.42000000000002,86.46100000000001,490
2026-08-13T06:10:00+00:00,86.46100000000001,86.46700000000001,86.36500000000001,86.42000000000002,531
2026-08-13T06:15:00+00:00,86.42000000000002,86.48100000000001,86.32000000000001,86.41000000000001,625
2026-08-13T06:20:00+00:00,86.41000000000001,86.495,86.36600000000001,86.441,406
2026-08-13T06:25:00+00:00,86.441,86.46700000000001,86.34100000000001,86.39500000000001,437
2026-08-13T06:30:00+00:00,86.39500000000001,86.59200000000001,86.391,86.58200000000001,534
2026-08-13T06:35:00+00:00,86.58200000000001,86.64200000000001,86.52000000000001,86.561,575
2026-08-13T06:40:00+00:00,86.561,86.561,86.186,86.221,682
2026-08-13T06:45:00+00:00,86.221,86.35700000000001,86.17600000000002,86.35100000000001,595
2026-08-13T06:50:00+00:00,86.35100000000001,86.36200000000001,86.14500000000001,86.15500000000002,667
2026-08-13T06:55:00+00:00,86.15500000000002,86.20200000000001,85.99000000000001,86.025,756
2026-08-13T07:00:00+00:00,86.025,86.162,85.98,86.14000000000001,728
2026-08-13T07:05:00+00:00,86.14000000000001,86.18200000000002,86.08000000000001,86.135,442
2026-08-13T07:10:00+00:00,86.135,86.27700000000002,86.07700000000001,86.272,515
2026-08-13T07:15:00+00:00,86.272,86.45100000000001,86.23,86.29200000000002,588
2026-08-13T07:20:00+00:00,86.29200000000002,86.29200000000002,86.105,86.12500000000001,661
2026-08-13T07:25:00+00:00,86.12500000000001,86.20200000000001,85.89600000000002,85.96100000000001,947
2026-08-13T07:30:00+00:00,85.96100000000001,85.96100000000001,85.54100000000001,85.57100000000001,929
2026-08-13T07:35:00+00:00,85.57100000000001,85.70200000000001,85.52000000000001,85.52700000000002,902
2026-08-13T07:40:00+00:00,85.52700000000002,85.58200000000001,85.111,85.14600000000002,1211
2026-08-13T07:45:00+00:00,85.14600000000002,85.441,85.12500000000001,85.40200000000002,826
2026-08-13T07:50:00+00:00,85.40200000000002,85.41600000000001,85.26200000000001,85.272,563
2026-08-13T07:55:00+00:00,85.272,85.58600000000001,85.2,85.537,858
2026-08-13T08:00:00+00:00,85.537,85.81200000000001,85.52000000000001,85.58600000000001,1285
2026-08-13T08:05:00+00:00,85.58600000000001,85.647,85.32000000000001,85.492,1049
2026-08-13T08:10:00+00:00,85.492,85.587,85.40700000000001,85.45200000000001,947
2026-08-13T08:15:00+00:00,85.45200000000001,85.46600000000001,85.30700000000002,85.44000000000001,752
2026-08-13T08:20:00+00:00,85.44000000000001,85.56200000000001,85.36500000000001,85.37,1208
2026-08-13T08:25:00+00:00,85.37,85.45200000000001,85.12200000000001,85.37100000000001,2622
2026-08-13T08:30:00+00:00,85.37100000000001,85.46600000000001,84.935,84.99600000000001,1396
2026-08-13T08:35:00+00:00,84.99600000000001,85.14600000000002,84.94500000000001,85.08600000000001,1137
2026-08-13T08:40:00+00:00,85.08600000000001,85.12200000000001,84.89000000000001,85.10700000000001,735
2026-08-13T08:45:00+00:00,85.10700000000001,85.18700000000001,85.055,85.10000000000001,613
2026-08-13T08:50:00+00:00,85.10000000000001,85.17200000000001,85.09500000000001,85.105,521
2026-08-13T08:55:00+00:00,85.105,85.15200000000002,85.02000000000001,85.11200000000001,548
2026-08-13T09:00:00+00:00,85.11200000000001,85.12500000000001,84.85100000000001,84.88600000000001,887
2026-08-13T09:05:00+00:00,84.88600000000001,84.98700000000001,84.71700000000001,84.962,909
2026-08-13T09:10:00+00:00,84.962,84.962,84.435,84.566,1059
2026-08-13T09:15:00+00:00,84.566,84.79700000000001,84.55000000000001,84.742,949
2026-08-13T09:20:00+00:00,84.742,84.75200000000001,84.596,84.742,774
2026-08-13T09:25:00+00:00,84.742,85.07700000000001,84.67000000000002,84.97600000000001,736
2026-08-13T09:30:00+00:00,84.97600000000001,84.992,84.81500000000001,84.96000000000001,768
2026-08-13T09:35:00+00:00,84.96000000000001,85.05600000000001,84.88100000000001,85.02600000000001,497
2026-08-13T09:40:00+00:00,85.02600000000001,85.13700000000001,85.00000000000001,85.05700000000002,522
2026-08-13T09:45:00+00:00,85.05700000000002,85.087,84.97000000000001,85.05600000000001,412
2026-08-13T09:50:00+00:00,85.05600000000001,85.05600000000001,84.91000000000001,84.941,684
2026-08-13T09:55:00+00:00,84.941,85.12700000000001,84.86000000000001,85.10600000000001,687
2026-08-13T10:00:00+00:00,85.10600000000001,85.305,85.09,85.227,792
2026-08-13T10:05:00+00:00,85.227,85.37700000000001,85.19600000000001,85.37100000000001,444
2026-08-13T10:10:00+00:00,85.37100000000001,85.42500000000001,85.19600000000001,85.36000000000001,785
2026-08-13T10:15:00+00:00,85.36000000000001,85.415,85.27600000000001,85.31200000000001,589
2026-08-13T10:20:00+00:00,85.31200000000001,85.316,84.90500000000002,84.90700000000001,683
2026-08-13T10:25:00+00:00,84.90700000000001,84.986,84.766,84.831,779
2026-08-13T10:30:00+00:00,84.831,84.91000000000001,84.66600000000001,84.86200000000001,893
2026-08-13T10:35:00+00:00,84.86200000000001,84.93200000000002,84.74600000000001,84.81500000000001,643
2026-08-13T10:40:00+00:00,84.81500000000001,84.92200000000001,84.79,84.79200000000002,458
2026-08-13T10:45:00+00:00,84.79200000000002,84.91700000000002,84.72000000000001,84.72200000000001,441
2026-08-13T10:50:00+00:00,84.72200000000001,84.93200000000002,84.69500000000001,84.90100000000001,572
2026-08-13T10:55:00+00:00,84.90100000000001,84.90100000000001,84.79,84.81,407
2026-08-13T11:00:00+00:00,84.81,84.90700000000001,84.73100000000001,84.89200000000001,595
2026-08-13T11:05:00+00:00,84.89200000000001,84.897,84.74000000000001,84.745,510
2026-08-13T11:10:00+00:00,84.745,84.822,84.63000000000001,84.79,474
2026-08-13T11:15:00+00:00,84.79,84.92200000000001,84.745,84.83500000000001,587
2026-08-13T11:20:00+00:00,84.83500000000001,84.98100000000001,84.81500000000001,84.92000000000002,705
2026-08-13T11:25:00+00:00,84.92000000000002,85.025,84.89200000000001,84.94000000000001,586
2026-08-13T11:30:00+00:00,84.94000000000001,84.97200000000001,84.79,84.88700000000001,506
2026-08-13T11:35:00+00:00,84.88700000000001,85.052,84.86000000000001,85.03000000000002,468
2026-08-13T11:40:00+00:00,85.03000000000002,85.102,84.99000000000001,84.99100000000001,445
2026-08-13T11:45:00+00:00,84.99100000000001,85.01200000000001,84.9,84.986,372
2026-08-13T11:50:00+00:00,84.986,85.037,84.885,84.97000000000001,585
2026-08-13T11:55:00+00:00,84.97000000000001,85.06,84.95500000000001,85.04200000000002,423
2026-08-13T12:00:00+00:00,85.04200000000002,85.07000000000001,84.84500000000001,84.88000000000001,654
2026-08-13T12:05:00+00:00,84.88000000000001,84.882,84.42500000000001,84.58200000000001,1234
2026-08-13T12:10:00+00:00,84.58200000000001,84.962,84.47600000000001,84.93700000000001,1270
2026-08-13T12:15:00+00:00,84.93700000000001,85.022,84.87200000000001,84.96700000000001,827
2026-08-13T12:20:00+00:00,84.96700000000001,85.03600000000002,84.91000000000001,84.93200000000002,595
2026-08-13T12:25:00+00:00,84.93200000000002,84.95200000000001,84.831,84.93,553
2026-08-13T12:30:00+00:00,84.93,84.95100000000001,84.63000000000001,84.64600000000002,1120
2026-08-13T12:35:00+00:00,84.64600000000002,84.74100000000001,84.54500000000002,84.55600000000001,1031
2026-08-13T12:40:00+00:00,84.55600000000001,84.76700000000001,84.495,84.665,1062
2026-08-13T12:45:00+00:00,84.665,84.75200000000001,84.56,84.75000000000001,787
2026-08-13T12:50:00+00:00,84.75000000000001,84.76100000000001,84.671,84.706,661
2026-08-13T12:55:00+00:00,84.706,84.76200000000001,84.64000000000001,84.68200000000002,586
2026-08-13T13:00:00+00:00,84.68200000000002,84.76200000000001,84.52700000000002,84.742,1706
2026-08-13T13:05:00+00:00,84.742,84.82700000000001,84.245,84.337,2102
2026-08-13T13:10:00+00:00,84.337,84.49100000000001,84.22600000000001,84.311,1480
2026-08-13T13:15:00+00:00,84.311,84.537,84.27000000000001,84.492,1089
2026-08-13T13:20:00+00:00,84.492,84.51700000000001,84.275,84.352,999
2026-08-13T13:25:00+00:00,84.352,84.47600000000001,84.28500000000001,84.45100000000001,1275
2026-08-13T13:30:00+00:00,84.45100000000001,84.56,84.27000000000001,84.43100000000001,1730
2026-08-13T13:35:00+00:00,84.43100000000001,84.63700000000001,84.41100000000002,84.59700000000001,1396
2026-08-13T13:40:00+00:00,84.59700000000001,84.71700000000001,84.59,84.64000000000001,989
2026-08-13T13:45:00+00:00,84.64000000000001,84.64200000000001,84.44500000000001,84.47000000000001,878
2026-08-13T13:50:00+00:00,84.47000000000001,84.56,83.861,84.01,1975
2026-08-13T13:55:00+00:00,84.01,84.11200000000001,83.85000000000001,83.87100000000001,1580
2026-08-13T14:00:00+00:00,83.87100000000001,83.876,83.53500000000001,83.69000000000001,1938
2026-08-13T14:05:00+00:00,83.69000000000001,83.72200000000001,83.45,83.47000000000001,1677
2026-08-13T14:10:00+00:00,83.47000000000001,83.70500000000001,83.45500000000001,83.70200000000001,1433
2026-08-13T14:15:00+00:00,83.70200000000001,83.91100000000002,83.66600000000001,83.78200000000001,1500
2026-08-13T14:20:00+00:00,83.78200000000001,84.081,83.751,83.941,1467
2026-08-13T14:25:00+00:00,83.941,84.18700000000001,83.9,84.18100000000001,1144
2026-08-13T14:30:00+00:00,84.18100000000001,84.30700000000002,84.09500000000001,84.23200000000001,1464
2026-08-13T14:35:00+00:00,84.23200000000001,84.352,84.14500000000001,84.25000000000001,1139
2026-08-13T14:40:00+00:00,84.25000000000001,84.34200000000001,84.2,84.27600000000001,1077
2026-08-13T14:45:00+00:00,84.27600000000001,84.397,84.23500000000001,84.355,858
2026-08-13T14:50:00+00:00,84.355,84.52700000000002,84.316,84.501,1331
2026-08-13T14:55:00+00:00,84.501,84.58600000000001,84.436,84.52000000000001,1189
2026-08-13T15:00:00+00:00,84.52000000000001,84.837,84.50000000000001,84.78200000000001,1648
2026-08-13T15:05:00+00:00,84.78200000000001,84.90700000000001,84.68,84.76100000000001,1702
2026-08-13T15:10:00+00:00,84.76100000000001,85.45700000000001,84.72500000000001,85.44000000000001,2444
2026-08-13T15:15:00+00:00,85.44000000000001,85.822,85.39500000000001,85.56200000000001,2728
2026-08-13T15:20:00+00:00,85.56200000000001,85.73200000000001,85.47000000000001,85.69200000000001,2127
2026-08-13T15:25:00+00:00,85.69200000000001,86.147,85.66000000000001,86.00500000000001,3441
2026-08-13T15:30:00+00:00,86.00500000000001,86.031,85.66000000000001,85.84,2026
2026-08-13T15:35:00+00:00,85.84,85.846,85.42500000000001,85.49100000000001,1245
2026-08-13T15:40:00+00:00,85.49100000000001,85.69200000000001,85.37100000000001,85.68100000000001,1303
2026-08-13T15:45:00+00:00,85.68100000000001,85.77700000000002,85.61000000000001,85.772,1010
2026-08-13T15:50:00+00:00,85.772,85.962,85.671,85.822,1259
2026-08-13T15:55:00+00:00,85.822,85.93700000000001,85.805,85.861,735
2026-08-13T16:00:00+00:00,85.861,86.00200000000001,85.805,86.001,890
2026-08-13T16:05:00+00:00,86.001,86.01700000000001,85.79,85.81500000000001,748
2026-08-13T16:10:00+00:00,85.81500000000001,86.016,85.79500000000002,85.91600000000001,739
2026-08-13T16:15:00+00:00,85.91600000000001,85.927,85.72000000000001,85.74600000000001,716
2026-08-13T16:20:00+00:00,85.74600000000001,85.757,85.59,85.602,771
2026-08-13T16:25:00+00:00,85.602,85.76200000000001,85.54500000000002,85.61000000000001,623
2026-08-13T16:30:00+00:00,85.61000000000001,85.65200000000002,85.31500000000001,85.36600000000001,866
2026-08-13T16:35:00+00:00,85.36600000000001,85.45,85.27000000000001,85.31200000000001,1014
2026-08-13T16:40:00+00:00,85.31200000000001,85.36200000000001,85.21000000000001,85.251,808
2026-08-13T16:45:00+00:00,85.251,85.35700000000001,85.19600000000001,85.21100000000001,698
2026-08-13T16:50:00+00:00,85.21100000000001,85.33200000000001,85.156,85.29100000000001,758
2026-08-13T16:55:00+00:00,85.29100000000001,85.43200000000002,85.27100000000002,85.32700000000001,641
2026-08-13T17:00:00+00:00,85.32700000000001,85.38700000000001,85.23500000000001,85.272,716
2026-08-13T17:05:00+00:00,85.272,85.40200000000002,85.23700000000001,85.37700000000001,527
2026-08-13T17:10:00+00:00,85.37700000000001,85.546,85.37,85.456,828
2026-08-13T17:15:00+00:00,85.456,85.47200000000001,85.30600000000001,85.43200000000002,570
2026-08-13T17:20:00+00:00,85.43200000000002,85.45700000000001,85.26,85.281,708
2026-08-13T17:25:00+00:00,85.281,85.29700000000001,85.20500000000001,85.251,559
2026-08-13T17:30:00+00:00,85.251,85.39200000000001,85.21000000000001,85.37100000000001,533
2026-08-13T17:35:00+00:00,85.37100000000001,85.43200000000002,85.20100000000001,85.31,540
2026-08-13T17:40:00+00:00,85.31,85.382,85.30000000000001,85.36600000000001,569
2026-08-13T17:45:00+00:00,85.36600000000001,85.39200000000001,85.245,85.26,624
2026-08-13T17:50:00+00:00,85.26,85.352,85.24000000000001,85.31,650
2026-08-13T17:55:00+00:00,85.31,85.31700000000001,85.21000000000001,85.221,575
2026-08-13T18:00:00+00:00,85.221,85.221,84.73,84.73500000000001,1443
2026-08-13T18:05:00+00:00,84.73500000000001,84.91000000000001,84.64000000000001,84.671,1372
2026-08-13T18:10:00+00:00,84.671,84.686,84.51,84.64600000000002,1118
2026-08-13T18:15:00+00:00,84.64600000000002,84.802,84.59700000000001,84.74100000000001,972
2026-08-13T18:20:00+00:00,84.74100000000001,84.992,84.73500000000001,84.89200000000001,1338
2026-08-13T18:25:00+00:00,84.89200000000001,84.93200000000002,84.50500000000001,84.62,2986
2026-08-13T18:30:00+00:00,84.62,84.62700000000001,84.43700000000001,84.57700000000001,1076
2026-08-13T18:35:00+00:00,84.57700000000001,84.65200000000002,84.376,84.382,744
2026-08-13T18:40:00+00:00,84.382,84.47500000000001,84.355,84.45200000000001,573
2026-08-13T18:45:00+00:00,84.45200000000001,84.51200000000001,84.37,84.47600000000001,444
2026-08-13T18:50:00+00:00,84.47600000000001,84.617,84.44000000000001,84.56700000000001,429
2026-08-13T18:55:00+00:00,84.56700000000001,84.61600000000001,84.50500000000001,84.55100000000002,372
2026-08-13T19:00:00+00:00,84.55100000000002,84.57100000000001,84.46000000000001,84.50000000000001,514
2026-08-13T19:05:00+00:00,84.50000000000001,84.54200000000002,84.46000000000001,84.49100000000001,302
2026-08-13T19:10:00+00:00,84.49100000000001,84.64200000000001,84.48200000000001,84.63600000000001,381
2026-08-13T19:15:00+00:00,84.63600000000001,84.71100000000001,84.62500000000001,84.67500000000001,297
2026-08-13T19:20:00+00:00,84.67500000000001,84.73200000000001,84.64000000000001,84.665,328
2026-08-13T19:25:00+00:00,84.665,84.66700000000002,84.59,84.63600000000001,242
2026-08-13T19:30:00+00:00,84.63600000000001,84.69600000000001,84.61500000000001,84.632,264
2026-08-13T19:35:00+00:00,84.632,84.67200000000001,84.60000000000001,84.62,179
2026-08-13T19:40:00+00:00,84.62,84.65700000000001,84.59,84.635,185
2026-08-13T19:45:00+00:00,84.635,84.65700000000001,84.56,84.581,355
2026-08-13T19:50:00+00:00,84.581,84.58200000000001,84.46100000000001,84.54200000000002,324
2026-08-13T19:55:00+00:00,84.54200000000002,84.66700000000002,84.51500000000001,84.62700000000001,491
2026-08-13T20:00:00+00:00,84.62700000000001,84.62700000000001,84.45500000000001,84.55000000000001,425
2026-08-13T20:05:00+00:00,84.55000000000001,84.587,84.44500000000001,84.58500000000001,409
2026-08-13T20:10:00+00:00,84.58500000000001,84.605,84.51500000000001,84.51700000000001,239
2026-08-13T20:15:00+00:00,84.51700000000001,84.54500000000002,84.50000000000001,84.52600000000001,123
2026-08-13T20:20:00+00:00,84.52600000000001,84.59500000000001,84.51,84.56200000000001,196
2026-08-13T20:25:00+00:00,84.56200000000001,84.66700000000002,84.53200000000001,84.665,213
2026-08-13T20:30:00+00:00,84.665,84.69600000000001,84.48100000000001,84.52600000000001,371
2026-08-13T20:35:00+00:00,84.52600000000001,84.56700000000001,84.47500000000001,84.48100000000001,281
2026-08-13T20:40:00+00:00,84.48100000000001,84.63700000000001,84.48100000000001,84.605,391
2026-08-13T20:45:00+00:00,84.605,84.61200000000001,84.57000000000001,84.60700000000001,239
2026-08-13T20:50:00+00:00,84.60700000000001,84.61200000000001,84.52000000000001,84.555,314
2026-08-13T20:55:00+00:00,84.555,84.56700000000001,84.462,84.561,391
2026-08-14T00:00:00+00:00,84.561,84.82600000000001,84.561,84.79100000000001,207.49526774595267
2026-08-14T00:05:00+00:00,84.79100000000001,84.82600000000001,84.67600000000002,84.727,404
2026-08-14T00:10:00+00:00,84.727,84.822,84.71000000000001,84.74700000000001,239
2026-08-14T00:15:00+00:00,84.74700000000001,84.78000000000002,84.55600000000001,84.62200000000001,318
2026-08-14T00:20:00+00:00,84.62200000000001,84.665,84.575,84.662,104
2026-08-14T00:25:00+00:00,84.662,84.74700000000001,84.58500000000001,84.58500000000001,165
2026-08-14T00:30:00+00:00,84.58500000000001,84.632,84.575,84.60100000000001,154
2026-08-14T00:35:00+00:00,84.60100000000001,84.617,84.561,84.57700000000001,193
2026-08-14T00:40:00+00:00,84.57700000000001,84.60100000000001,84.531,84.54,253
2026-08-14T00:45:00+00:00,84.54,84.58200000000001,84.525,84.537,187
2026-08-14T00:50:00+00:00,84.537,84.54200000000002,84.47000000000001,84.51700000000001,263
2026-08-14T00:55:00+00:00,84.51700000000001,84.54100000000001,84.44500000000001,84.462,280
2026-08-14T01:00:00+00:00,84.462,84.75600000000001,84.43100000000001,84.75000000000001,1187
2026-08-14T01:05:00+00:00,84.75000000000001,84.811,84.69500000000001,84.78600000000002,644
2026-08-14T01:10:00+00:00,84.78600000000002,84.79700000000001,84.63600000000001,84.686,709
2026-08-14T01:15:00+00:00,84.686,84.80100000000002,84.64500000000001,84.79700000000001,612
2026-08-14T01:20:00+00:00,84.79700000000001,84.86200000000001,84.56500000000001,84.60700000000001,505
2026-08-14T01:25:00+00:00,84.60700000000001,84.76700000000001,84.59500000000001,84.75500000000001,566
2026-08-14T01:30:00+00:00,84.75500000000001,84.77000000000001,84.48,84.522,689
2026-08-14T01:35:00+00:00,84.522,84.552,84.325,84.391,436
2026-08-14T01:40:00+00:00,84.391,84.45,84.311,84.415,538
2026-08-14T01:45:00+00:00,84.415,84.46700000000001,84.33600000000001,84.36500000000001,350
2026-08-14T01:50:00+00:00,84.36500000000001,84.37100000000001,84.275,84.322,341
2026-08-14T01:55:00+00:00,84.322,84.406,84.29,84.37500000000001,479
2026-08-14T02:00:00+00:00,84.37500000000001,84.37700000000001,83.99600000000001,84.21700000000001,647
2026-08-14T02:05:00+00:00,84.21700000000001,84.36200000000001,84.18200000000002,84.30600000000001,397
2026-08-14T02:10:00+00:00,84.30600000000001,84.32700000000001,84.23500000000001,84.29500000000002,342
2026-08-14T02:15:00+00:00,84.29500000000002,84.337,84.23100000000001,84.23100000000001,120
2026-08-14T02:20:00+00:00,84.23100000000001,84.266,84.20100000000001,84.20200000000001,114
2026-08-14T02:25:00+00:00,84.20200000000001,84.212,84.12100000000001,84.18,219
2026-08-14T02:30:00+00:00,84.18,84.43700000000001,84.165,84.43,631
2026-08-14T02:35:00+00:00,84.43,84.516,84.43,84.486,366
2026-08-14T02:40:00+00:00,84.486,84.65100000000001,84.47000000000001,84.61500000000001,421
2026-08-14T02:45:00+00:00,84.61500000000001,84.76200000000001,84.605,84.665,493
2026-08-14T02:50:00+00:00,84.665,84.72600000000001,84.61500000000001,84.715,389
2026-08-14T02:55:00+00:00,84.715,84.76200000000001,84.68,84.73700000000001,387
2026-08-14T03:00:00+00:00,84.73700000000001,84.742,84.56,84.59,299
2026-08-14T03:05:00+00:00,84.59,84.662,84.56,84.662,278
2026-08-14T03:10:00+00:00,84.662,84.72200000000001,84.641,84.7,264
2026-08-14T03:15:00+00:00,84.7,84.70200000000001,84.64500000000001,84.65500000000002,207
2026-08-14T03:20:00+00:00,84.65500000000002,84.66700000000002,84.596,84.632,247
2026-08-14T03:25:00+00:00,84.632,84.73200000000001,84.59500000000001,84.706,250
2026-08-14T03:30:00+00:00,84.706,84.81200000000001,84.70500000000001,84.79500000000002,254
2026-08-14T03:35:00+00:00,84.79500000000002,84.84200000000001,84.78000000000002,84.78500000000001,136
2026-08-14T03:40:00+00:00,84.78500000000001,84.79100000000001,84.71000000000001,84.73100000000001,170
2026-08-14T03:45:00+00:00,84.73100000000001,84.79200000000002,84.71000000000001,84.73500000000001,109
2026-08-14T03:50:00+00:00,84.73500000000001,84.76100000000001,84.691,84.76100000000001,120
2026-08-14T03:55:00+00:00,84.76100000000001,84.76700000000001,84.715,84.72000000000001,143
2026-08-14T04:00:00+00:00,84.72000000000001,84.82700000000001,84.71600000000001,84.82100000000001,202
2026-08-14T04:05:00+00:00,84.82100000000001,84.822,84.74000000000001,84.75500000000001,107
2026-08-14T04:10:00+00:00,84.75500000000001,84.772,84.7,84.71000000000001,111
2026-08-14T04:15:00+00:00,84.71000000000001,84.73200000000001,84.64500000000001,84.65100000000001,148
2026-08-14T04:20:00+00:00,84.65100000000001,84.677,84.635,84.64000000000001,186
2026-08-14T04:25:00+00:00,84.64000000000001,84.65200000000002,84.58000000000001,84.641,188
2026-08-14T04:30:00+00:00,84.641,84.697,84.62,84.67600000000002,141
2026-08-14T04:35:00+00:00,84.67600000000002,84.706,84.64000000000001,84.671,135
2026-08-14T04:40:00+00:00,84.671,84.7,84.63000000000001,84.685,148
2026-08-14T04:45:00+00:00,84.685,84.727,84.64600000000002,84.72600000000001,139
2026-08-14T04:50:00+00:00,84.72600000000001,84.77700000000002,84.685,84.691,174
2026-08-14T04:55:00+00:00,84.691,84.74600000000001,84.685,84.72600000000001,150
2026-08-14T05:00:00+00:00,84.72600000000001,84.77700000000002,84.67500000000001,84.74700000000001,216
2026-08-14T05:05:00+00:00,84.74700000000001,84.751,84.69000000000001,84.70700000000001,137
2026-08-14T05:10:00+00:00,84.70700000000001,84.76200000000001,84.635,84.66700000000002,271
2026-08-14T05:15:00+00:00,84.66700000000002,84.71700000000001,84.64200000000001,84.706,176
2026-08-14T05:20:00+00:00,84.706,84.77700000000002,84.685,84.74100000000001,235
2026-08-14T05:25:00+00:00,84.74100000000001,84.772,84.73700000000001,84.76,205
2026-08-14T05:30:00+00:00,84.76,84.93200000000002,84.76,84.85600000000001,898
2026-08-14T05:35:00+00:00,84.85600000000001,85.081,84.825,85.01100000000001,649
2026-08-14T05:40:00+00:00,85.01100000000001,85.03200000000001,84.94600000000001,84.99600000000001,607
2026-08-14T05:45:00+00:00,84.99600000000001,85.04100000000001,84.92500000000001,85.02700000000002,494
2026-08-14T05:50:00+00:00,85.02700000000002,85.147,85.01500000000001,85.12500000000001,403
2026-08-14T05:55:00+00:00,85.12500000000001,85.37700000000001,85.12500000000001,85.376,791
2026-08-14T06:00:00+00:00,85.376,85.46700000000001,85.33500000000001,85.412,537
2026-08-14T06:05:00+00:00,85.412,85.51200000000001,85.38100000000001,85.391,524
2026-08-14T06:10:00+00:00,85.391,85.40200000000002,85.22500000000001,85.28200000000001,498
2026-08-14T06:15:00+00:00,85.28200000000001,85.43100000000001,85.28000000000002,85.397,505
2026-08-14T06:20:00+00:00,85.397,85.46700000000001,85.331,85.352,540
2026-08-14T06:25:00+00:00,85.352,85.65200000000002,85.33200000000001,85.605,679
2026-08-14T06:30:00+00:00,85.605,85.617,85.495,85.54700000000001,428
2026-08-14T06:35:00+00:00,85.54700000000001,85.55700000000002,85.41000000000001,85.42000000000002,436
2026-08-14T06:40:00+00:00,85.42000000000002,85.632,85.42000000000002,85.49600000000001,563
2026-08-14T06:45:00+00:00,85.49600000000001,85.59700000000001,85.42000000000002,85.43700000000001,599
2026-08-14T06:50:00+00:00,85.43700000000001,85.56700000000001,85.42200000000001,85.50200000000001,459
2026-08-14T06:55:00+00:00,85.50200000000001,85.55700000000002,85.45,85.53500000000001,604
2026-08-14T07:00:00+00:00,85.53500000000001,85.98100000000001,85.53000000000002,85.92200000000001,850
2026-08-14T07:05:00+00:00,85.92200000000001,86.025,85.91000000000001,85.935,550
2026-08-14T07:10:00+00:00,85.935,86.22000000000001,85.915,86.191,673
2026-08-14T07:15:00+00:00,86.191,86.212,85.995,86.08200000000001,774
2026-08-14T07:20:00+00:00,86.08200000000001,86.09700000000001,85.90500000000002,85.91700000000002,537
2026-08-14T07:25:00+00:00,85.91700000000002,86.02700000000002,85.85700000000001,86.016,442
2026-08-14T07:30:00+00:00,86.016,86.117,86.01500000000001,86.03500000000001,380
2026-08-14T07:35:00+00:00,86.03500000000001,86.07700000000001,85.915,85.95100000000001,441
2026-08-14T07:40:00+00:00,85.95100000000001,86.10100000000001,85.95100000000001,86.05100000000002,415
2026-08-14T07:45:00+00:00,86.05100000000002,86.05700000000002,85.915,85.92500000000001,435
2026-08-14T07:50:00+00:00,85.92500000000001,86.18100000000001,85.92500000000001,86.12200000000001,459
2026-08-14T07:55:00+00:00,86.12200000000001,86.227,86.07000000000001,86.18,521
2026-08-14T08:00:00+00:00,86.18,86.20200000000001,85.962,86.01700000000001,747
2026-08-14T08:05:00+00:00,86.01700000000001,86.12100000000001,85.97000000000001,86.08200000000001,546
2026-08-14T08:10:00+00:00,86.08200000000001,86.27700000000002,86.08200000000001,86.19000000000001,828
2026-08-14T08:15:00+00:00,86.19000000000001,86.20700000000001,86.05000000000001,86.05000000000001,747
2026-08-14T08:20:00+00:00,86.05000000000001,86.15500000000002,85.97500000000001,86.096,805
2026-08-14T08:25:00+00:00,86.096,86.102,85.58500000000001,85.677,3409
2026-08-14T08:30:00+00:00,85.677,85.88600000000001,85.677,85.72000000000001,1156
2026-08-14T08:35:00+00:00,85.72000000000001,85.73200000000001,85.26500000000001,85.33500000000001,757
2026-08-14T08:40:00+00:00,85.33500000000001,85.587,85.33500000000001,85.546,569
2026-08-14T08:45:00+00:00,85.546,85.58200000000001,85.435,85.552,490
2026-08-14T08:50:00+00:00,85.552,85.572,85.43,85.53000000000002,384
2026-08-14T08:55:00+00:00,85.53000000000002,85.587,85.495,85.55700000000002,343
2026-08-14T09:00:00+00:00,85.55700000000002,85.587,85.421,85.54100000000001,720
2026-08-14T09:05:00+00:00,85.54100000000001,85.561,85.33200000000001,85.39000000000001,468
2026-08-14T09:10:00+00:00,85.39000000000001,85.495,85.28600000000002,85.42000000000002,435
2026-08-14T09:15:00+00:00,85.42000000000002,85.501,85.391,85.45200000000001,424
2026-08-14T09:20:00+00:00,85.45200000000001,85.45200000000001,85.16600000000001,85.221,621
2026-08-14T09:25:00+00:00,85.221,85.27700000000002,85.105,85.171,492
2026-08-14T09:30:00+00:00,85.171,85.26200000000001,85.01,85.26,447
2026-08-14T09:35:00+00:00,85.26,85.43200000000002,85.2,85.33500000000001,506
2026-08-14T09:40:00+00:00,85.33500000000001,85.35700000000001,85.11500000000001,85.242,517
2026-08-14T09:45:00+00:00,85.242,85.36200000000001,85.11600000000001,85.28200000000001,499
2026-08-14T09:50:00+00:00,85.28200000000001,85.33200000000001,85.01100000000001,85.022,519
2026-08-14T09:55:00+00:00,85.022,85.12200000000001,84.96000000000001,85.01200000000001,606
2026-08-14T10:00:00+00:00,85.01200000000001,85.04700000000001,84.92000000000002,85.01100000000001,436
2026-08-14T10:05:00+00:00,85.01100000000001,85.01100000000001,84.72500000000001,84.77100000000002,662
2026-08-14T10:10:00+00:00,84.77100000000002,84.816,84.69500000000001,84.802,607
2026-08-14T10:15:00+00:00,84.802,84.831,84.75000000000001,84.805,386
2026-08-14T10:20:00+00:00,84.805,84.882,84.78000000000002,84.81500000000001,392
2026-08-14T10:25:00+00:00,84.81500000000001,84.95200000000001,84.81500000000001,84.885,404
2026-08-14T10:30:00+00:00,84.885,84.93700000000001,84.76,84.831,407
2026-08-14T10:35:00+00:00,84.831,84.87100000000001,84.72000000000001,84.73,362
2026-08-14T10:40:00+00:00,84.73,84.86200000000001,84.73,84.78500000000001,382
2026-08-14T10:45:00+00:00,84.78500000000001,84.822,84.67000000000002,84.68,425
2026-08-14T10:50:00+00:00,84.68,84.68,84.42600000000002,84.44500000000001,700
2026-08-14T10:55:00+00:00,84.44500000000001,84.65,84.436,84.54,429
2026-08-14T11:00:00+00:00,84.54,84.92200000000001,84.53000000000002,84.84500000000001,682
2026-08-14T11:05:00+00:00,84.84500000000001,84.897,84.72600000000001,84.787,452
2026-08-14T11:10:00+00:00,84.787,84.927,84.75500000000001,84.802,418
2026-08-14T11:15:00+00:00,84.802,84.852,84.73,84.802,302
2026-08-14T11:20:00+00:00,84.802,84.86600000000001,84.70500000000001,84.802,393
2026-08-14T11:25:00+00:00,84.802,84.86200000000001,84.69000000000001,84.802,457
2026-08-14T11:30:00+00:00,84.802,84.85100000000001,84.7,84.76,453
2026-08-14T11:35:00+00:00,84.76,84.787,84.62500000000001,84.68200000000002,319
2026-08-14T11:40:00+00:00,84.68200000000002,84.712,84.587,84.66700000000002,379
2026-08-14T11:45:00+00:00,84.66700000000002,84.772,84.63000000000001,84.74000000000001,501
2026-08-14T11:50:00+00:00,84.74000000000001,84.742,84.60600000000001,84.7,453
2026-08-14T11:55:00+00:00,84.7,84.822,84.7,84.74000000000001,417
2026-08-14T12:00:00+00:00,84.74000000000001,84.941,84.691,84.92000000000002,611
2026-08-14T12:05:00+00:00,84.92000000000002,85.147,84.87,85.102,620
2026-08-14T12:10:00+00:00,85.102,85.33200000000001,84.99000000000001,85.052,966
2026-08-14T12:15:00+00:00,85.052,85.2,85.016,85.13600000000001,620
2026-08-14T12:20:00+00:00,85.13600000000001,85.16100000000002,84.962,85.03000000000002,593
2026-08-14T12:25:00+00:00,85.03000000000002,85.14200000000001,84.99000000000001,85.00000000000001,525
2026-08-14T12:30:00+00:00,85.00000000000001,85.01700000000001,84.64600000000002,84.68700000000001,963
2026-08-14T12:35:00+00:00,84.68700000000001,84.85100000000001,84.665,84.78000000000002,760
2026-08-14T12:40:00+00:00,84.78000000000002,84.90200000000002,84.685,84.691,617
2026-08-14T12:45:00+00:00,84.691,84.712,84.45100000000001,84.47500000000001,720
2026-08-14T12:50:00+00:00,84.47500000000001,84.57700000000001,84.42500000000001,84.552,595
2026-08-14T12:55:00+00:00,84.552,84.635,84.45100000000001,84.47500000000001,795
2026-08-14T13:00:00+00:00,84.47500000000001,84.70200000000001,84.41000000000001,84.60600000000001,1446
2026-08-14T13:05:00+00:00,84.60600000000001,84.66700000000002,84.46700000000001,84.59500000000001,1035
2026-08-14T13:10:00+00:00,84.59500000000001,84.641,84.47000000000001,84.60100000000001,885
2026-08-14T13:15:00+00:00,84.60100000000001,84.79200000000002,84.525,84.662,1018
2026-08-14T13:20:00+00:00,84.662,84.68200000000002,84.48,84.552,807
2026-08-14T13:25:00+00:00,84.552,84.587,84.38100000000001,84.58600000000001,944
2026-08-14T13:30:00+00:00,84.58600000000001,84.61200000000001,84.30000000000001,84.32100000000001,1346
2026-08-14T13:35:00+00:00,84.32100000000001,84.391,84.15200000000002,84.165,1459
2026-08-14T13:40:00+00:00,84.165,84.352,84.12700000000001,84.31200000000001,1063
2026-08-14T13:45:00+00:00,84.31200000000001,84.47200000000001,84.28500000000001,84.46000000000001,946
2026-08-14T13:50:00+00:00,84.46000000000001,84.54700000000001,84.36000000000001,84.53200000000001,887
2026-08-14T13:55:00+00:00,84.53200000000001,84.706,84.456,84.66600000000001,975
2026-08-14T14:00:00+00:00,84.66600000000001,84.936,84.665,84.846,1216
2026-08-14T14:05:00+00:00,84.846,85.01100000000001,84.846,84.99600000000001,983
2026-08-14T14:10:00+00:00,84.99600000000001,85.07700000000001,84.82700000000001,84.87200000000001,1136
2026-08-14T14:15:00+00:00,84.87200000000001,85.04700000000001,84.805,85.04,1035
2026-08-14T14:20:00+00:00,85.04,85.18200000000002,84.97000000000001,85.16100000000002,1042
2026-08-14T14:25:00+00:00,85.16100000000002,85.20700000000001,85.075,85.09,871
2026-08-14T14:30:00+00:00,85.09,85.23700000000001,85.09,85.18700000000001,1023
2026-08-14T14:35:00+00:00,85.18700000000001,85.31500000000001,85.08600000000001,85.20200000000001,699
2026-08-14T14:40:00+00:00,85.20200000000001,85.477,85.18200000000002,85.40100000000001,1122
2026-08-14T14:45:00+00:00,85.40100000000001,85.44200000000001,85.117,85.427,1271
2026-08-14T14:50:00+00:00,85.427,85.51700000000001,85.35600000000001,85.47600000000001,1057
2026-08-14T14:55:00+00:00,85.47600000000001,85.58000000000001,85.42000000000002,85.436,831
2026-08-14T15:00:00+00:00,85.436,85.647,85.37700000000001,85.632,954
2026-08-14T15:05:00+00:00,85.632,85.677,85.51200000000001,85.531,847
2026-08-14T15:10:00+00:00,85.531,85.561,85.34,85.46700000000001,1050
2026-08-14T15:15:00+00:00,85.46700000000001,85.51200000000001,85.09500000000001,85.272,1385
2026-08-14T15:20:00+00:00,85.272,85.51500000000001,85.22000000000001,85.492,864
2026-08-14T15:25:00+00:00,85.492,85.65200000000002,85.41600000000001,85.46100000000001,1731
2026-08-14T15:30:00+00:00,85.46100000000001,85.677,85.38700000000001,85.492,1137
2026-08-14T15:35:00+00:00,85.492,85.52700000000002,85.39000000000001,85.44200000000001,643
2026-08-14T15:40:00+00:00,85.44200000000001,85.492,85.275,85.385,625
2026-08-14T15:45:00+00:00,85.385,85.572,85.36000000000001,85.48100000000001,609
2026-08-14T15:50:00+00:00,85.48100000000001,85.49300000000001,85.248,85.385,641.9086906268919
2026-08-14T15:55:00+00:00,85.385,85.4,85.328,85.36000000000001,427
2026-08-14T16:00:00+00:00,85.36000000000001,85.37500000000001,85.28900000000002,85.34,461
2026-08-14T16:05:00+00:00,85.34,85.438,85.248,85.42800000000001,495
2026-08-14T16:10:00+00:00,85.42800000000001,85.57000000000001,85.373,85.46000000000001,590
2026-08-14T16:15:00+00:00,85.46000000000001,85.57900000000001,85.438,85.48800000000001,504
2026-08-14T16:20:00+00:00,85.48800000000001,85.605,85.43900000000001,85.548,433
2026-08-14T16:25:00+00:00,85.548,85.703,85.53900000000002,85.64000000000001,461
2026-08-14T16:30:00+00:00,85.64000000000001,85.66900000000001,85.528,85.58800000000001,365
2026-08-14T16:35:00+00:00,85.58800000000001,85.61000000000001,85.51800000000001,85.548,431
2026-08-14T16:40:00+00:00,85.548,85.683,85.51400000000001,85.668,377
2026-08-14T16:45:00+00:00,85.668,85.69300000000001,85.528,85.66300000000001,576
2026-08-14T16:50:00+00:00,85.66300000000001,85.69000000000001,85.57300000000001,85.599,686
2026-08-14T16:55:00+00:00,85.599,85.644,85.51800000000001,85.56,534
2026-08-14T17:00:00+00:00,85.56,85.69500000000001,85.513,85.644,707
2026-08-14T17:05:00+00:00,85.644,85.77300000000001,85.57300000000001,85.74900000000001,618
2026-08-14T17:10:00+00:00,85.74900000000001,85.938,85.74900000000001,85.84500000000001,1007
2026-08-14T17:15:00+00:00,85.84500000000001,85.909,85.72300000000001,85.79500000000002,566
2026-08-14T17:20:00+00:00,85.79500000000002,85.87,85.65800000000002,85.73500000000001,540
2026-08-14T17:25:00+00:00,85.73500000000001,85.825,85.688,85.82000000000001,401
2026-08-14T17:30:00+00:00,85.82000000000001,85.96000000000001,85.813,85.894,405
2026-08-14T17:35:00+00:00,85.894,85.97500000000001,85.84800000000001,85.85000000000001,501
2026-08-14T17:40:00+00:00,85.85000000000001,85.97500000000001,85.81800000000001,85.97000000000001,508
2026-08-14T17:45:00+00:00,85.97000000000001,86.01,85.90800000000002,85.99300000000001,440
2026-08-14T17:50:00+00:00,85.99300000000001,86.07400000000001,85.99300000000001,86.00500000000001,532
2026-08-14T17:55:00+00:00,86.00500000000001,86.00900000000001,85.918,85.933,482
2026-08-14T18:00:00+00:00,85.933,85.94000000000001,85.733,85.80000000000001,710
2026-08-14T18:05:00+00:00,85.80000000000001,85.84,85.733,85.80300000000001,468
2026-08-14T18:10:00+00:00,85.80300000000001,85.87,85.78800000000001,85.82400000000001,413
2026-08-14T18:15:00+00:00,85.82400000000001,85.92500000000001,85.82400000000001,85.89900000000002,502
2026-08-14T18:20:00+00:00,85.89900000000002,86.01500000000001,85.864,85.99300000000001,508
2026-08-14T18:25:00+00:00,85.99300000000001,86.14500000000001,85.903,86.075,1764
2026-08-14T18:30:00+00:00,86.075,86.37500000000001,86.03300000000002,86.32000000000001,826
2026-08-14T18:35:00+00:00,86.32000000000001,86.32000000000001,86.224,86.24300000000001,379
2026-08-14T18:40:00+00:00,86.24300000000001,86.35900000000001,86.23500000000001,86.30000000000001,313
2026-08-14T18:45:00+00:00,86.30000000000001,86.319,86.05900000000001,86.168,376
2026-08-14T18:50:00+00:00,86.168,86.203,86.138,86.17500000000001,254
2026-08-14T18:55:00+00:00,86.17500000000001,86.185,86.129,86.13300000000001,224
2026-08-14T19:00:00+00:00,86.13300000000001,86.15,86.05300000000001,86.09500000000001,533
2026-08-14T19:05:00+00:00,86.09500000000001,86.13400000000001,86.08300000000001,86.11000000000001,124
2026-08-14T19:10:00+00:00,86.11000000000001,86.15,86.07300000000001,86.12400000000001,274
2026-08-14T19:15:00+00:00,86.12400000000001,86.19500000000001,85.97800000000001,86.01500000000001,459
2026-08-14T19:20:00+00:00,86.01500000000001,86.08900000000001,85.97300000000001,86.069,331
2026-08-14T19:25:00+00:00,86.069,86.11000000000001,86.058,86.09800000000001,147
2026-08-14T19:30:00+00:00,86.09800000000001,86.135,86.03800000000001,86.06,210
2026-08-14T19:35:00+00:00,86.06,86.069,86.028,86.03800000000001,117
2026-08-14T19:40:00+00:00,86.03800000000001,86.105,86.028,86.07400000000001,126
2026-08-14T19:45:00+00:00,86.07400000000001,86.10000000000001,86.04400000000001,86.07900000000001,129
2026-08-14T19:50:00+00:00,86.07900000000001,86.13400000000001,85.96300000000001,86.099,318
2026-08-14T19:55:00+00:00,86.099,86.17000000000002,86.09,86.135,361
2026-08-14T20:00:00+00:00,86.135,86.159,86.00900000000001,86.10300000000001,335
2026-08-14T20:05:00+00:00,86.10300000000001,86.27000000000001,86.09800000000001,86.174,378
2026-08-14T20:10:00+00:00,86.174,86.2,86.138,86.19500000000001,184
2026-08-14T20:15:00+00:00,86.19500000000001,86.19500000000001,86.08300000000001,86.13300000000001,329
2026-08-14T20:20:00+00:00,86.13300000000001,86.13300000000001,86.019,86.049,205
2026-08-14T20:25:00+00:00,86.049,86.063,85.968,85.97900000000001,184
2026-08-14T20:30:00+00:00,85.97900000000001,86.054,85.953,86.048,212
2026-08-14T20:35:00+00:00,86.048,86.11000000000001,86.00800000000001,86.09,264
2026-08-14T20:40:00+00:00,86.09,86.12,86.058,86.07000000000001,216
2026-08-17T00:00:00+00:00,86.07000000000001,86.168,85.97800000000001,86.113,335.33066994468345
2026-08-17T00:05:00+00:00,86.113,86.159,86.013,86.029,257
2026-08-17T00:10:00+00:00,86.029,86.029,85.97200000000001,85.983,287
2026-08-17T00:15:00+00:00,85.983,86.063,85.97800000000001,86.063,211
2026-08-17T00:20:00+00:00,86.063,86.063,85.97200000000001,86.004,231
2026-08-17T00:25:00+00:00,86.004,86.11200000000001,85.992,86.104,241
2026-08-17T00:30:00+00:00,86.104,86.117,86.047,86.11200000000001,140
2026-08-17T00:35:00+00:00,86.11200000000001,86.193,86.093,86.188,186
2026-08-17T00:40:00+00:00,86.188,86.212,86.07300000000001,86.07300000000001,238
2026-08-17T00:45:00+00:00,86.07300000000001,86.07900000000001,86.023,86.07300000000001,122
2026-08-17T00:50:00+00:00,86.07300000000001,86.11200000000001,85.962,85.962,284
2026-08-17T00:55:00+00:00,85.962,85.973,85.733,85.752,322
2026-08-17T01:00:00+00:00,85.752,86.043,85.553,85.968,1759
2026-08-17T01:05:00+00:00,85.968,86.149,85.882,86.104,1214
2026-08-17T01:10:00+00:00,86.104,86.242,85.898,86.002,982
2026-08-17T01:15:00+00:00,86.002,86.07900000000001,85.907,85.943,624
2026-08-17T01:20:00+00:00,85.943,86.07900000000001,85.922,86.039,588
2026-08-17T01:25:00+00:00,86.039,86.269,85.97200000000001,86.262,912
2026-08-17T01:30:00+00:00,86.262,86.444,86.238,86.424,1081
2026-08-17T01:35:00+00:00,86.424,86.518,86.36200000000001,86.408,1004
2026-08-17T01:40:00+00:00,86.408,86.663,86.377,86.634,883
2026-08-17T01:45:00+00:00,86.634,86.773,86.489,86.549,922
2026-08-17T01:50:00+00:00,86.549,86.59400000000001,86.35300000000001,86.417,660
2026-08-17T01:55:00+00:00,86.417,86.504,86.308,86.489,584
2026-08-17T02:00:00+00:00,86.489,86.668,86.462,86.61200000000001,738
2026-08-17T02:05:00+00:00,86.61200000000001,86.794,86.598,86.69200000000001,672
2026-08-17T02:10:00+00:00,86.69200000000001,86.924,86.684,86.84700000000001,1052
2026-08-17T02:15:00+00:00,86.84700000000001,86.86200000000001,86.72200000000001,86.72200000000001,345
2026-08-17T02:20:00+00:00,86.72200000000001,86.73400000000001,86.672,86.72200000000001,159
2026-08-17T02:25:00+00:00,86.72200000000001,86.783,86.702,86.71900000000001,232
2026-08-17T02:30:00+00:00,86.71900000000001,86.863,86.702,86.73700000000001,1028
2026-08-17T02:35:00+00:00,86.73700000000001,86.747,86.572,86.583,789
2026-08-17T02:40:00+00:00,86.583,86.629,86.36200000000001,86.447,812
2026-08-17T02:45:00+00:00,86.447,86.513,86.293,86.46900000000001,753
2026-08-17T02:50:00+00:00,86.46900000000001,86.577,86.433,86.474,689
2026-08-17T02:55:00+00:00,86.474,86.474,86.23700000000001,86.378,636
2026-08-17T03:00:00+00:00,86.378,86.419,86.352,86.369,414
2026-08-17T03:05:00+00:00,86.369,86.404,86.244,86.284,424
2026-08-17T03:10:00+00:00,86.284,86.324,86.21300000000001,86.258,571
2026-08-17T03:15:00+00:00,86.258,86.392,86.218,86.392,549
2026-08-17T03:20:00+00:00,86.392,86.392,86.31700000000001,86.342,395
2026-08-17T03:25:00+00:00,86.342,86.413,86.32300000000001,86.35300000000001,535
2026-08-17T03:30:00+00:00,86.35300000000001,86.507,86.343,86.47200000000001,599
2026-08-17T03:35:00+00:00,86.47200000000001,86.48400000000001,86.423,86.462,191
2026-08-17T03:40:00+00:00,86.462,86.523,86.462,86.498,101
2026-08-17T03:45:00+00:00,86.498,86.498,86.392,86.393,141
2026-08-17T03:50:00+00:00,86.393,86.398,86.282,86.307,170
2026-08-17T03:55:00+00:00,86.307,86.309,86.122,86.144,322
2026-08-17T04:00:00+00:00,86.144,86.179,85.99300000000001,86.053,673
2026-08-17T04:05:00+00:00,86.053,86.138,86.012,86.127,386
2026-08-17T04:10:00+00:00,86.127,86.134,86.062,86.093,192
2026-08-17T04:15:00+00:00,86.093,86.239,86.06700000000001,86.209,268
2026-08-17T04:20:00+00:00,86.209,86.254,86.187,86.254,197
2026-08-17T04:25:00+00:00,86.254,86.284,86.23700000000001,86.263,234
2026-08-17T04:30:00+00:00,86.263,86.32900000000001,86.202,86.21300000000001,363
2026-08-17T04:35:00+00:00,86.21300000000001,86.274,86.167,86.178,373
2026-08-17T04:40:00+00:00,86.178,86.197,86.137,86.173,177
2026-08-17T04:45:00+00:00,86.173,86.209,86.123,86.183,305
2026-08-17T04:50:00+00:00,86.183,86.20700000000001,86.107,86.138,232
2026-08-17T04:55:00+00:00,86.138,86.178,86.077,86.098,208
2026-08-17T05:00:00+00:00,86.098,86.144,86.047,86.057,339
2026-08-17T05:05:00+00:00,86.057,86.138,86.053,86.108,161
2026-08-17T05:10:00+00:00,86.108,86.154,86.108,86.143,185
2026-08-17T05:15:00+00:00,86.143,86.152,86.063,86.063,223
2026-08-17T05:20:00+00:00,86.063,86.08200000000001,86.027,86.039,161
2026-08-17T05:25:00+00:00,86.039,86.104,86.037,86.098,160
2026-08-17T05:30:00+00:00,86.098,86.18900000000001,85.918,85.93900000000001,1122
2026-08-17T05:35:00+00:00,85.93900000000001,86.164,85.929,86.162,806
2026-08-17T05:40:00+00:00,86.162,86.183,86.019,86.078,665
2026-08-17T05:45:00+00:00,86.078,86.159,85.997,86.037,756
2026-08-17T05:50:00+00:00,86.037,86.049,85.842,85.889,821
2026-08-17T05:55:00+00:00,85.889,85.982,85.789,85.879,682
2026-08-17T06:00:00+00:00,85.879,85.899,85.693,85.899,1094
2026-08-17T06:05:00+00:00,85.899,86.003,85.872,85.958,797
2026-08-17T06:10:00+00:00,85.958,85.964,85.767,85.913,653
2026-08-17T06:15:00+00:00,85.913,85.98400000000001,85.767,85.803,753
2026-08-17T06:20:00+00:00,85.803,85.95400000000001,85.767,85.843,570
2026-08-17T06:25:00+00:00,85.843,85.908,85.792,85.904,539
2026-08-17T06:30:00+00:00,85.904,85.96300000000001,85.842,85.944,497
2026-08-17T06:35:00+00:00,85.944,85.974,85.852,85.878,499
2026-08-17T06:40:00+00:00,85.878,86.004,85.873,85.974,729
2026-08-17T06:45:00+00:00,85.974,85.974,85.843,85.894,690
2026-08-17T06:50:00+00:00,85.894,86.022,85.86200000000001,85.918,616
2026-08-17T06:55:00+00:00,85.918,85.99300000000001,85.87400000000001,85.973,686
2026-08-17T07:00:00+00:00,85.973,86.07900000000001,85.913,86.058,770
2026-08-17T07:05:00+00:00,86.058,86.123,85.892,85.959,698
2026-08-17T07:10:00+00:00,85.959,86.037,85.843,85.922,906
2026-08-17T07:15:00+00:00,85.922,85.95400000000001,85.732,85.783,748
2026-08-17T07:20:00+00:00,85.783,85.82300000000001,85.693,85.783,640
2026-08-17T07:25:00+00:00,85.783,85.934,85.747,85.893,569
2026-08-17T07:30:00+00:00,85.893,86.093,85.872,85.897,1018
2026-08-17T07:35:00+00:00,85.897,85.902,85.648,85.784,749
2026-08-17T07:40:00+00:00,85.784,85.813,85.688,85.782,621
2026-08-17T07:45:00+00:00,85.782,86.039,85.777,86.024,744
2026-08-17T07:50:00+00:00,86.024,86.34700000000001,86.003,86.333,940
2026-08-17T07:55:00+00:00,86.333,86.333,86.142,86.143,823
2026-08-17T08:00:00+00:00,86.143,86.459,85.992,86.443,1242
2026-08-17T08:05:00+00:00,86.443,86.443,86.232,86.298,1071
2026-08-17T08:10:00+00:00,86.298,86.34700000000001,86.199,86.324,757
2026-08-17T08:15:00+00:00,86.324,86.354,86.272,86.349,697
2026-08-17T08:20:00+00:00,86.349,86.519,86.24900000000001,86.502,1089
2026-08-17T08:25:00+00:00,86.502,86.584,86.303,86.339,1975
2026-08-17T08:30:00+00:00,86.339,86.539,86.24300000000001,86.462,1140
2026-08-17T08:35:00+00:00,86.462,86.46900000000001,86.34700000000001,86.422,629
2026-08-17T08:40:00+00:00,86.422,86.427,86.297,86.419,674
2026-08-17T08:45:00+00:00,86.419,86.518,86.223,86.413,823
2026-08-17T08:50:00+00:00,86.413,86.522,86.334,86.492,749
2026-08-17T08:55:00+00:00,86.492,86.59400000000001,86.437,86.58200000000001,654
2026-08-17T09:00:00+00:00,86.58200000000001,86.759,86.563,86.714,868
2026-08-17T09:05:00+00:00,86.714,86.87400000000001,86.708,86.85300000000001,714
2026-08-17T09:10:00+00:00,86.85300000000001,86.96900000000001,86.742,86.764,665
2026-08-17T09:15:00+00:00,86.764,86.764,86.488,86.672,822
2026-08-17T09:20:00+00:00,86.672,86.71900000000001,86.532,86.57900000000001,588
2026-08-17T09:25:00+00:00,86.57900000000001,86.663,86.539,86.663,394
2026-08-17T09:30:00+00:00,86.663,86.804,86.57300000000001,86.784,708
2026-08-17T09:35:00+00:00,86.784,87.068,86.723,87.049,897
2026-08-17T09:40:00+00:00,87.049,87.078,86.867,86.869,706
2026-08-17T09:45:00+00:00,86.869,87.002,86.723,86.943,702
2026-08-17T09:50:00+00:00,86.943,87.214,86.912,87.194,862
2026-08-17T09:55:00+00:00,87.194,87.202,86.994,87.004,672
2026-08-17T10:00:00+00:00,87.004,87.114,86.913,87.102,869
2026-08-17T10:05:00+00:00,87.102,87.147,87.048,87.092,623
2026-08-17T10:10:00+00:00,87.092,87.154,86.982,87.054,618
2026-08-17T10:15:00+00:00,87.054,87.074,86.937,86.953,697
2026-08-17T10:20:00+00:00,86.953,87.054,86.923,86.933,372
2026-08-17T10:25:00+00:00,86.933,87.12400000000001,85.922,86.049,1374
2026-08-17T10:30:00+00:00,86.049,86.783,85.899,86.762,3849
2026-08-17T10:35:00+00:00,86.762,86.952,86.73400000000001,86.929,940
2026-08-17T10:40:00+00:00,86.929,86.989,86.818,86.84400000000001,781
2026-08-17T10:45:00+00:00,86.84400000000001,86.944,86.797,86.822,599
2026-08-17T10:50:00+00:00,86.822,86.857,86.503,86.644,892
2026-08-17T10:55:00+00:00,86.644,86.902,86.584,86.839,810
2026-08-17T11:00:00+00:00,86.839,86.863,86.744,86.83200000000001,750
2026-08-17T11:05:00+00:00,86.83200000000001,86.834,86.518,86.604,915
2026-08-17T11:10:00+00:00,86.604,86.82900000000001,86.587,86.799,887
2026-08-17T11:15:00+00:00,86.799,86.799,86.637,86.693,552
2026-08-17T11:20:00+00:00,86.693,86.827,86.61200000000001,86.703,662
2026-08-17T11:25:00+00:00,86.703,86.799,86.622,86.659,502
2026-08-17T11:30:00+00:00,86.659,86.678,86.45700000000001,86.474,533
2026-08-17T11:35:00+00:00,86.474,86.504,86.32900000000001,86.409,636
2026-08-17T11:40:00+00:00,86.409,86.538,86.393,86.452,468
2026-08-17T11:45:00+00:00,86.452,86.593,86.402,86.592,291
2026-08-17T11:50:00+00:00,86.592,86.60300000000001,86.452,86.479,427
2026-08-17T11:55:00+00:00,86.479,86.48400000000001,86.287,86.322,626
2026-08-17T12:00:00+00:00,86.322,86.452,86.292,86.449,467
2026-08-17T12:05:00+00:00,86.449,86.45400000000001,86.244,86.32300000000001,692
2026-08-17T12:10:00+00:00,86.32300000000001,86.354,86.172,86.173,599
2026-08-17T12:15:00+00:00,86.173,86.218,86.08200000000001,86.202,643
2026-08-17T12:20:00+00:00,86.202,86.324,86.127,86.244,617
2026-08-17T12:25:00+00:00,86.244,86.96900000000001,86.182,86.709,3053
2026-08-17T12:30:00+00:00,86.709,86.714,86.373,86.49900000000001,1388
2026-08-17T12:35:00+00:00,86.49900000000001,86.769,86.488,86.682,1112
2026-08-17T12:40:00+00:00,86.682,86.932,86.61200000000001,86.768,1138
2026-08-17T12:45:00+00:00,86.768,87.004,86.744,86.894,970
2026-08-17T12:50:00+00:00,86.894,86.964,86.857,86.883,829
2026-08-17T12:55:00+00:00,86.883,86.934,86.827,86.839,707
2026-08-17T13:00:00+00:00,86.839,86.953,86.613,86.663,1799
2026-08-17T13:05:00+00:00,86.663,86.73400000000001,86.519,86.577,966
2026-08-17T13:10:00+00:00,86.577,86.613,86.422,86.483,667
2026-08-17T13:15:00+00:00,86.483,86.504,86.263,86.333,782
2026-08-17T13:20:00+00:00,86.333,86.854,86.32300000000001,86.679,1306
2026-08-17T13:25:00+00:00,86.679,86.724,86.58200000000001,86.602,905
2026-08-17T13:30:00+00:00,86.602,86.724,86.512,86.532,1338
2026-08-17T13:35:00+00:00,86.532,86.694,86.473,86.602,1163
2026-08-17T13:40:00+00:00,86.602,86.674,86.528,86.623,989
2026-08-17T13:45:00+00:00,86.623,86.664,86.554,86.619,850
2026-08-17T13:50:00+00:00,86.619,86.619,86.453,86.514,1240
2026-08-17T13:55:00+00:00,86.514,86.599,86.462,86.503,1047
2026-08-17T14:00:00+00:00,86.503,86.60300000000001,86.263,86.34400000000001,1211
2026-08-17T14:05:00+00:00,86.34400000000001,86.432,86.292,86.293,987
2026-08-17T14:10:00+00:00,86.293,86.444,86.262,86.372,1009
2026-08-17T14:15:00+00:00,86.372,86.422,86.294,86.35300000000001,854
2026-08-17T14:20:00+00:00,86.35300000000001,86.404,86.042,86.322,1261
2026-08-17T14:25:00+00:00,86.322,86.409,86.24900000000001,86.303,943
2026-08-17T14:30:00+00:00,86.303,86.504,86.254,86.384,1182
2026-08-17T14:35:00+00:00,86.384,86.504,86.273,86.422,1137
2026-08-17T14:40:00+00:00,86.422,86.433,86.232,86.33200000000001,994
2026-08-17T14:45:00+00:00,86.33200000000001,86.333,86.172,86.229,957
2026-08-17T14:50:00+00:00,86.229,86.229,85.962,86.114,1289
2026-08-17T14:55:00+00:00,86.114,86.144,85.97200000000001,86.058,1041
2026-08-17T15:00:00+00:00,86.058,86.337,86.058,86.179,1818
2026-08-17T15:05:00+00:00,86.179,86.21900000000001,86.06400000000001,86.193,1024
2026-08-17T15:10:00+00:00,86.193,86.268,86.143,86.232,1086
2026-08-17T15:15:00+00:00,86.232,86.378,86.217,86.328,1025
2026-08-17T15:20:00+00:00,86.328,86.62400000000001,86.288,86.58200000000001,1463
2026-08-17T15:25:00+00:00,86.58200000000001,86.647,86.282,86.424,2592
2026-08-17T15:30:00+00:00,86.424,86.599,86.414,86.459,1216
2026-08-17T15:35:00+00:00,86.459,86.508,86.307,86.33200000000001,939
2026-08-17T15:40:00+00:00,86.33200000000001,86.569,86.262,86.532,935
2026-08-17T15:45:00+00:00,86.532,86.684,86.47200000000001,86.622,842
2026-08-17T15:50:00+00:00,86.622,86.677,86.473,86.482,769
2026-08-17T15:55:00+00:00,86.482,86.693,86.452,86.628,739
2026-08-17T16:00:00+00:00,86.628,86.699,86.443,86.46300000000001,944
2026-08-17T16:05:00+00:00,86.46300000000001,86.574,86.44200000000001,86.489,623
2026-08-17T16:10:00+00:00,86.489,86.509,86.313,86.313,664
2026-08-17T16:15:00+00:00,86.313,86.378,86.242,86.273,635
2026-08-17T16:20:00+00:00,86.273,86.403,86.23400000000001,86.383,587
2026-08-17T16:25:00+00:00,86.383,86.422,86.343,86.408,348
2026-08-17T16:30:00+00:00,86.408,86.563,86.403,86.563,710
2026-08-17T16:35:00+00:00,86.563,86.677,86.482,86.638,859
2026-08-17T16:40:00+00:00,86.638,86.654,86.578,86.654,545
2026-08-17T16:45:00+00:00,86.654,86.74900000000001,86.637,86.678,614
2026-08-17T16:50:00+00:00,86.678,86.834,86.653,86.82300000000001,548
2026-08-17T16:55:00+00:00,86.82300000000001,86.84400000000001,86.712,86.842,505
2026-08-17T17:00:00+00:00,86.842,87.029,86.788,87.019,789
2026-08-17T17:05:00+00:00,87.019,87.379,87.019,87.102,1685
2026-08-17T17:10:00+00:00,87.102,87.35300000000001,87.083,87.328,912
2026-08-17T17:15:00+00:00,87.328,87.60900000000001,87.328,87.59700000000001,1383
2026-08-17T17:20:00+00:00,87.59700000000001,87.73700000000001,87.547,87.70700000000001,1173
2026-08-17T17:25:00+00:00,87.70700000000001,87.96300000000001,87.667,87.882,1326
2026-08-17T17:30:00+00:00,87.882,88.259,87.834,88.172,1579
2026-08-17T17:35:00+00:00,88.172,88.308,88.142,88.298,1255
2026-08-17T17:40:00+00:00,88.298,88.309,87.86800000000001,87.982,1239
2026-08-17T17:45:00+00:00,87.982,88.09400000000001,87.919,87.982,1084
2026-08-17T17:50:00+00:00,87.982,88.404,87.982,88.403,1240
2026-08-17T17:55:00+00:00,88.403,88.727,88.382,88.642,1620
2026-08-17T18:00:00+00:00,88.642,88.642,88.342,88.369,1593
2026-08-17T18:05:00+00:00,88.369,88.69800000000001,88.36200000000001,88.682,1040
2026-08-17T18:10:00+00:00,88.682,88.684,88.398,88.497,1435
2026-08-17T18:15:00+00:00,88.497,88.529,88.422,88.459,1213
2026-08-17T18:20:00+00:00,88.459,88.643,88.422,88.574,1344
2026-08-17T18:25:00+00:00,88.574,88.574,88.32300000000001,88.363,2395
2026-08-17T18:30:00+00:00,88.363,88.388,88.172,88.177,974
2026-08-17T18:35:00+00:00,88.177,88.279,88.144,88.172,660
2026-08-17T18:40:00+00:00,88.172,88.224,88.017,88.053,803
2026-08-17T18:45:00+00:00,88.053,88.143,88.022,88.104,563
2026-08-17T18:50:00+00:00,88.104,88.174,88.062,88.148,516
2026-08-17T18:55:00+00:00,88.148,88.148,88.077,88.09400000000001,498
2026-08-17T19:00:00+00:00,88.09400000000001,88.20400000000001,88.037,88.197,547
2026-08-17T19:05:00+00:00,88.197,88.309,88.19200000000001,88.277,468
2026-08-17T19:10:00+00:00,88.277,88.294,88.142,88.154,453
2026-08-17T19:15:00+00:00,88.154,88.23400000000001,88.148,88.199,455
2026-08-17T19:20:00+00:00,88.199,88.269,88.19200000000001,88.22200000000001,388
2026-08-17T19:25:00+00:00,88.22200000000001,88.254,88.188,88.217,349
2026-08-17T19:30:00+00:00,88.217,88.253,88.10900000000001,88.223,335
2026-08-17T19:35:00+00:00,88.223,88.239,88.172,88.232,337
2026-08-17T19:40:00+00:00,88.232,88.24900000000001,88.169,88.202,214
2026-08-17T19:45:00+00:00,88.202,88.259,88.173,88.173,245
2026-08-17T19:50:00+00:00,88.173,88.34400000000001,88.163,88.313,379
2026-08-17T19:55:00+00:00,88.313,88.378,88.292,88.343,544
2026-08-17T20:00:00+00:00,88.343,88.432,88.217,88.247,562
2026-08-17T20:05:00+00:00,88.247,88.33800000000001,88.212,88.33800000000001,313
2026-08-17T20:10:00+00:00,88.33800000000001,88.434,88.33200000000001,88.357,415
2026-08-17T20:15:00+00:00,88.357,88.404,88.337,88.343,406
2026-08-17T20:20:00+00:00,88.343,88.479,88.327,88.443,530
2026-08-17T20:25:00+00:00,88.443,88.527,88.417,88.522,303
2026-08-17T20:30:00+00:00,88.522,88.599,88.513,88.548,271
2026-08-17T20:35:00+00:00,88.548,88.639,88.482,88.619,403
2026-08-17T20:40:00+00:00,88.619,88.669,88.602,88.61800000000001,469
2026-08-17T20:45:00+00:00,88.61800000000001,88.633,88.559,88.578,574
2026-08-17T20:50:00+00:00,88.578,88.637,88.549,88.589,474
2026-08-17T20:55:00+00:00,88.589,88.639,88.547,88.61800000000001,418
2026-08-18T00:00:00+00:00,88.61800000000001,88.68400000000001,88.602,88.61800000000001,219.69013698630135
2026-08-18T00:05:00+00:00,88.61800000000001,88.703,88.58200000000001,88.703,414
2026-08-18T00:10:00+00:00,88.703,88.709,88.57400000000001,88.63300000000001,209
2026-08-18T00:15:00+00:00,88.63300000000001,88.694,88.572,88.62400000000001,270
2026-08-18T00:20:00+00:00,88.62400000000001,88.709,88.62400000000001,88.70700000000001,144
2026-08-18T00:25:00+00:00,88.70700000000001,88.709,88.59200000000001,88.62400000000001,205
2026-08-18T00:30:00+00:00,88.62400000000001,88.673,88.587,88.59800000000001,207
2026-08-18T00:35:00+00:00,88.59800000000001,88.61800000000001,88.552,88.55300000000001,282
2026-08-18T00:40:00+00:00,88.55300000000001,88.569,88.527,88.54700000000001,160
2026-08-18T00:45:00+00:00,88.54700000000001,88.659,88.51700000000001,88.62800000000001,250
2026-08-18T00:50:00+00:00,88.62800000000001,88.632,88.519,88.55900000000001,449
2026-08-18T00:55:00+00:00,88.55900000000001,88.60400000000001,88.43700000000001,88.44200000000001,438
2026-08-18T01:00:00+00:00,88.44200000000001,88.793,88.277,88.71700000000001,1387
2026-08-18T01:05:00+00:00,88.71700000000001,88.73800000000001,88.432,88.43900000000001,788
2026-08-18T01:10:00+00:00,88.43900000000001,88.46900000000001,88.313,88.447,732
2026-08-18T01:15:00+00:00,88.447,88.653,88.42800000000001,88.653,662
2026-08-18T01:20:00+00:00,88.653,88.69300000000001,88.58900000000001,88.59800000000001,746
2026-08-18T01:25:00+00:00,88.59800000000001,88.63900000000001,88.55300000000001,88.61800000000001,512
2026-08-18T01:30:00+00:00,88.61800000000001,88.62200000000001,88.49400000000001,88.57300000000001,659
2026-08-18T01:35:00+00:00,88.57300000000001,88.813,88.557,88.81200000000001,575
2026-08-18T01:40:00+00:00,88.81200000000001,88.909,88.682,88.682,756
2026-08-18T01:45:00+00:00,88.682,88.799,88.658,88.748,508
2026-08-18T01:50:00+00:00,88.748,88.799,88.572,88.632,437
2026-08-18T01:55:00+00:00,88.632,88.679,88.59200000000001,88.673,423
2026-08-18T02:00:00+00:00,88.673,88.83900000000001,88.664,88.757,459
2026-08-18T02:05:00+00:00,88.757,88.80300000000001,88.70700000000001,88.754,329
2026-08-18T02:10:00+00:00,88.754,88.80900000000001,88.727,88.748,380
2026-08-18T02:15:00+00:00,88.748,88.754,88.668,88.70700000000001,227
2026-08-18T02:20:00+00:00,88.70700000000001,88.70800000000001,88.644,88.662,173
2026-08-18T02:25:00+00:00,88.662,88.72800000000001,88.653,88.72300000000001,235
2026-08-18T02:30:00+00:00,88.72300000000001,88.79700000000001,88.64800000000001,88.76700000000001,589
2026-08-18T02:35:00+00:00,88.76700000000001,88.82400000000001,88.74300000000001,88.802,352
2026-08-18T02:40:00+00:00,88.802,88.908,88.783,88.86200000000001,337
2026-08-18T02:45:00+00:00,88.86200000000001,88.909,88.757,88.757,442
2026-08-18T02:50:00+00:00,88.757,88.81800000000001,88.74700000000001,88.81200000000001,396
2026-08-18T02:55:00+00:00,88.81200000000001,88.85900000000001,88.792,88.834,310
2026-08-18T03:00:00+00:00,88.834,88.909,88.807,88.902,487
2026-08-18T03:05:00+00:00,88.902,88.903,88.787,88.83900000000001,355
2026-08-18T03:10:00+00:00,88.83900000000001,89.039,88.813,88.95700000000001,561
2026-08-18T03:15:00+00:00,88.95700000000001,88.97800000000001,88.87700000000001,88.908,384
2026-08-18T03:20:00+00:00,88.908,88.959,88.902,88.94300000000001,290
2026-08-18T03:25:00+00:00,88.94300000000001,88.94900000000001,88.86200000000001,88.882,280
2026-08-18T03:30:00+00:00,88.882,89.00900000000001,88.882,88.947,362
2026-08-18T03:35:00+00:00,88.947,88.974,88.84200000000001,88.902,250
2026-08-18T03:40:00+00:00,88.902,88.974,88.85700000000001,88.879,242
2026-08-18T03:45:00+00:00,88.879,88.92800000000001,88.852,88.924,171
2026-08-18T03:50:00+00:00,88.924,88.97800000000001,88.912,88.97800000000001,181
2026-08-18T03:55:00+00:00,88.97800000000001,89.084,88.97300000000001,89.084,204
2026-08-18T04:00:00+00:00,89.084,89.164,89.033,89.06800000000001,313
2026-08-18T04:05:00+00:00,89.06800000000001,89.07900000000001,89.012,89.07300000000001,208
2026-08-18T04:10:00+00:00,89.07300000000001,89.10300000000001,89.03200000000001,89.03200000000001,174
2026-08-18T04:15:00+00:00,89.03200000000001,89.037,88.908,88.947,276
2026-08-18T04:20:00+00:00,88.947,89.052,88.947,89.01400000000001,242
2026-08-18T04:25:00+00:00,89.01400000000001,89.04700000000001,88.99700000000001,89.019,183
2026-08-18T04:30:00+00:00,89.019,89.05300000000001,89.01700000000001,89.028,151
2026-08-18T04:35:00+00:00,89.028,89.034,88.95200000000001,88.959,219
2026-08-18T04:40:00+00:00,88.959,88.99300000000001,88.94800000000001,88.95800000000001,130
2026-08-18T04:45:00+00:00,88.95800000000001,88.998,88.94800000000001,88.96700000000001,123
2026-08-18T04:50:00+00:00,88.96700000000001,89.004,88.947,88.95200000000001,99
2026-08-18T04:55:00+00:00,88.95200000000001,88.98700000000001,88.947,88.959,127
2026-08-18T05:00:00+00:00,88.959,89.08800000000001,88.953,89.084,155
2026-08-18T05:05:00+00:00,89.084,89.08900000000001,89.022,89.034,162
2026-08-18T05:10:00+00:00,89.034,89.04400000000001,88.97900000000001,89.043,213
2026-08-18T05:15:00+00:00,89.043,89.05300000000001,89.007,89.05300000000001,125
2026-08-18T05:20:00+00:00,89.05300000000001,89.17800000000001,89.043,89.07300000000001,290
2026-08-18T05:25:00+00:00,89.07300000000001,89.07300000000001,88.974,89.043,313
2026-08-18T05:30:00+00:00,89.043,89.152,88.89800000000001,88.932,583
2026-08-18T05:35:00+00:00,88.932,88.932,88.804,88.89800000000001,531
2026-08-18T05:40:00+00:00,88.89800000000001,88.95800000000001,88.882,88.902,479
2026-08-18T05:45:00+00:00,88.902,88.90700000000001,88.74900000000001,88.774,493
2026-08-18T05:50:00+00:00,88.774,88.85400000000001,88.74700000000001,88.82400000000001,450
2026-08-18T05:55:00+00:00,88.82400000000001,88.93900000000001,88.81700000000001,88.88400000000001,454
2026-08-18T06:00:00+00:00,88.88400000000001,89.173,88.88400000000001,89.14200000000001,744
2026-08-18T06:05:00+00:00,89.14200000000001,89.272,89.07300000000001,89.23700000000001,898
2026-08-18T06:10:00+00:00,89.23700000000001,89.268,89.13300000000001,89.15700000000001,554
2026-08-18T06:15:00+00:00,89.15700000000001,89.18900000000001,89.07400000000001,89.13300000000001,580
2026-08-18T06:20:00+00:00,89.13300000000001,89.21300000000001,89.11300000000001,89.179,358
2026-08-18T06:25:00+00:00,89.179,89.30900000000001,89.164,89.21900000000001,457
2026-08-18T06:30:00+00:00,89.21900000000001,89.26400000000001,89.19200000000001,89.21300000000001,351
2026-08-18T06:35:00+00:00,89.21300000000001,89.30900000000001,89.212,89.302,459
2026-08-18T06:40:00+00:00,89.302,89.379,89.21700000000001,89.25200000000001,551
2026-08-18T06:45:00+00:00,89.25200000000001,89.26400000000001,89.102,89.132,550
2026-08-18T06:50:00+00:00,89.132,89.13900000000001,88.98800000000001,89.012,560
2026-08-18T06:55:00+00:00,89.012,89.12400000000001,88.88400000000001,88.897,612
2026-08-18T07:00:00+00:00,88.897,89.03200000000001,88.86200000000001,88.903,742
2026-08-18T07:05:00+00:00,88.903,88.914,88.70400000000001,88.72200000000001,623
2026-08-18T07:10:00+00:00,88.72200000000001,88.75300000000001,88.593,88.70400000000001,674
2026-08-18T07:15:00+00:00,88.70400000000001,88.72800000000001,88.543,88.62200000000001,647
2026-08-18T07:20:00+00:00,88.62200000000001,88.66300000000001,88.542,88.572,481
2026-08-18T07:25:00+00:00,88.572,88.58300000000001,88.45700000000001,88.483,540
2026-08-18T07:30:00+00:00,88.483,88.72300000000001,88.47200000000001,88.62200000000001,610
2026-08-18T07:35:00+00:00,88.62200000000001,88.629,88.49700000000001,88.58900000000001,551
2026-08-18T07:40:00+00:00,88.58900000000001,88.69900000000001,88.558,88.69300000000001,418
2026-08-18T07:45:00+00:00,88.69300000000001,88.75300000000001,88.593,88.60400000000001,473
2026-08-18T07:50:00+00:00,88.60400000000001,88.86300000000001,88.60400000000001,88.71700000000001,579
2026-08-18T07:55:00+00:00,88.71700000000001,88.85400000000001,88.677,88.81400000000001,486
2026-08-18T08:00:00+00:00,88.81400000000001,88.87400000000001,88.72300000000001,88.84400000000001,657
2026-08-18T08:05:00+00:00,88.84400000000001,89.10300000000001,88.83300000000001,88.84800000000001,779
2026-08-18T08:10:00+00:00,88.84800000000001,88.87400000000001,88.769,88.79400000000001,347
2026-08-18T08:15:00+00:00,88.79400000000001,88.94200000000001,88.683,88.742,627
2026-08-18T08:20:00+00:00,88.742,88.99900000000001,88.742,88.84200000000001,901
2026-08-18T08:25:00+00:00,88.84200000000001,88.90400000000001,88.72200000000001,88.774,1848
2026-08-18T08:30:00+00:00,88.774,88.80900000000001,88.492,88.552,1207
2026-08-18T08:35:00+00:00,88.552,88.584,88.38900000000001,88.49700000000001,730
2026-08-18T08:40:00+00:00,88.49700000000001,88.57300000000001,88.42200000000001,88.47800000000001,449
2026-08-18T08:45:00+00:00,88.47800000000001,88.79700000000001,88.46900000000001,88.768,565
2026-08-18T08:50:00+00:00,88.768,88.787,88.554,88.554,351
2026-08-18T08:55:00+00:00,88.554,88.61800000000001,88.527,88.53200000000001,561
2026-08-18T09:00:00+00:00,88.53200000000001,88.55900000000001,88.45200000000001,88.483,468
2026-08-18T09:05:00+00:00,88.483,88.623,88.45400000000001,88.61300000000001,400
2026-08-18T09:10:00+00:00,88.61300000000001,88.63400000000001,88.47800000000001,88.54700000000001,313
2026-08-18T09:15:00+00:00,88.54700000000001,88.54700000000001,88.477,88.50200000000001,282
2026-08-18T09:20:00+00:00,88.50200000000001,88.638,88.477,88.614,345
2026-08-18T09:25:00+00:00,88.614,88.66900000000001,88.533,88.62200000000001,412
2026-08-18T09:30:00+00:00,88.62200000000001,88.664,88.424,88.64800000000001,473
2026-08-18T09:35:00+00:00,88.64800000000001,88.65400000000001,88.397,88.56800000000001,530
2026-08-18T09:40:00+00:00,88.56800000000001,88.62800000000001,88.42200000000001,88.45800000000001,419
2026-08-18T09:45:00+00:00,88.45800000000001,88.59400000000001,88.44200000000001,88.552,345
2026-08-18T09:50:00+00:00,88.552,88.63400000000001,88.38400000000001,88.39800000000001,490
2026-08-18T09:55:00+00:00,88.39800000000001,88.41900000000001,88.30300000000001,88.403,525
2026-08-18T10:00:00+00:00,88.403,88.429,88.33200000000001,88.382,471
2026-08-18T10:05:00+00:00,88.382,88.513,88.382,88.48200000000001,315
2026-08-18T10:10:00+00:00,88.48200000000001,88.62400000000001,88.45700000000001,88.51400000000001,521
2026-08-18T10:15:00+00:00,88.51400000000001,88.59800000000001,88.47200000000001,88.58800000000001,464
2026-08-18T10:20:00+00:00,88.58800000000001,88.688,88.587,88.61300000000001,576
2026-08-18T10:25:00+00:00,88.61300000000001,88.652,88.512,88.533,404
2026-08-18T10:30:00+00:00,88.533,88.584,88.37400000000001,88.42800000000001,560
2026-08-18T10:35:00+00:00,88.42800000000001,88.48800000000001,88.19300000000001,88.20800000000001,724
2026-08-18T10:40:00+00:00,88.20800000000001,88.25800000000001,88.16900000000001,88.227,645
2026-08-18T10:45:00+00:00,88.227,88.379,88.16900000000001,88.292,706
2026-08-18T10:50:00+00:00,88.292,88.31400000000001,88.242,88.29400000000001,453
2026-08-18T10:55:00+00:00,88.29400000000001,88.35400000000001,88.25300000000001,88.304,488
2026-08-18T11:00:00+00:00,88.304,88.334,88.224,88.233,486
2026-08-18T11:05:00+00:00,88.233,88.28200000000001,88.18900000000001,88.262,583
2026-08-18T11:10:00+00:00,88.262,88.364,88.262,88.36200000000001,396
2026-08-18T11:15:00+00:00,88.36200000000001,88.45200000000001,88.293,88.44300000000001,399
2026-08-18T11:20:00+00:00,88.44300000000001,88.492,88.39800000000001,88.47800000000001,421
2026-08-18T11:25:00+00:00,88.47800000000001,88.51400000000001,88.382,88.42200000000001,454
2026-08-18T11:30:00+00:00,88.42200000000001,88.504,88.35900000000001,88.37400000000001,421
2026-08-18T11:35:00+00:00,88.37400000000001,88.438,88.32300000000001,88.38300000000001,368
2026-08-18T11:40:00+00:00,88.38300000000001,88.49400000000001,88.36300000000001,88.37200000000001,383
2026-08-18T11:45:00+00:00,88.37200000000001,88.584,88.35900000000001,88.534,449
2026-08-18T11:50:00+00:00,88.534,88.652,88.504,88.60300000000001,382
2026-08-18T11:55:00+00:00,88.60300000000001,88.66900000000001,88.56700000000001,88.59400000000001,345
2026-08-18T12:00:00+00:00,88.59400000000001,88.70400000000001,88.44200000000001,88.44200000000001,873
2026-08-18T12:05:00+00:00,88.44200000000001,88.932,88.42200000000001,88.912,978
2026-08-18T12:10:00+00:00,88.912,88.914,88.802,88.83800000000001,539
2026-08-18T12:15:00+00:00,88.83800000000001,88.909,88.754,88.77900000000001,488
2026-08-18T12:20:00+00:00,88.77900000000001,88.84200000000001,88.662,88.70400000000001,641
2026-08-18T12:25:00+00:00,88.70400000000001,88.769,88.65400000000001,88.68400000000001,444
2026-08-18T12:30:00+00:00,88.68400000000001,88.68400000000001,88.53200000000001,88.569,703
2026-08-18T12:35:00+00:00,88.569,88.66300000000001,88.552,88.662,537
2026-08-18T12:40:00+00:00,88.662,88.769,88.653,88.70700000000001,643
2026-08-18T12:45:00+00:00,88.70700000000001,88.77900000000001,88.623,88.673,438
2026-08-18T12:50:00+00:00,88.673,88.748,88.647,88.73400000000001,442
2026-08-18T12:55:00+00:00,88.73400000000001,88.79400000000001,88.66300000000001,88.754,542
2026-08-18T13:00:00+00:00,88.754,88.89800000000001,88.667,88.72200000000001,1558
2026-08-18T13:05:00+00:00,88.72200000000001,88.83300000000001,88.682,88.69300000000001,852
2026-08-18T13:10:00+00:00,88.69300000000001,88.76400000000001,88.543,88.543,861
2026-08-18T13:15:00+00:00,88.543,88.694,88.537,88.638,858
2026-08-18T13:20:00+00:00,88.638,88.94300000000001,88.58200000000001,88.94300000000001,983
2026-08-18T13:25:00+00:00,88.94300000000001,89.034,88.81200000000001,88.95400000000001,1124
2026-08-18T13:30:00+00:00,88.95400000000001,89.30900000000001,88.59200000000001,88.61300000000001,2197
2026-08-18T13:35:00+00:00,88.61300000000001,88.94900000000001,88.61300000000001,88.763,1181
2026-08-18T13:40:00+00:00,88.763,88.837,88.49300000000001,88.60400000000001,1140
2026-08-18T13:45:00+00:00,88.60400000000001,88.65400000000001,88.28200000000001,88.308,1331
2026-08-18T13:50:00+00:00,88.308,88.80300000000001,88.299,88.77900000000001,1125
2026-08-18T13:55:00+00:00,88.77900000000001,88.834,88.70800000000001,88.792,792
2026-08-18T14:00:00+00:00,88.792,88.834,88.46700000000001,88.534,1346
2026-08-18T14:05:00+00:00,88.534,88.674,88.402,88.512,1096
2026-08-18T14:10:00+00:00,88.512,88.65400000000001,88.424,88.45200000000001,802
2026-08-18T14:15:00+00:00,88.45200000000001,88.51400000000001,88.39200000000001,88.433,823
2026-08-18T14:20:00+00:00,88.433,88.47300000000001,88.33200000000001,88.42200000000001,811
2026-08-18T14:25:00+00:00,88.42200000000001,88.534,88.29700000000001,88.33200000000001,934
2026-08-18T14:30:00+00:00,88.33200000000001,88.518,88.272,88.337,1134
2026-08-18T14:35:00+00:00,88.337,88.41300000000001,88.292,88.302,762
2026-08-18T14:40:00+00:00,88.302,88.47900000000001,88.25800000000001,88.46300000000001,971
2026-08-18T14:45:00+00:00,88.46300000000001,88.50300000000001,88.352,88.408,1096
2026-08-18T14:50:00+00:00,88.408,88.95700000000001,88.36900000000001,88.85400000000001,1562
2026-08-18T14:55:00+00:00,88.85400000000001,89.07400000000001,88.61200000000001,89.042,2419
2026-08-18T15:00:00+00:00,89.042,89.087,88.59700000000001,88.724,1900
2026-08-18T15:05:00+00:00,88.724,88.87400000000001,88.70700000000001,88.802,1351
2026-08-18T15:10:00+00:00,88.802,88.813,88.58800000000001,88.74300000000001,1104
2026-08-18T15:15:00+00:00,88.74300000000001,89.13900000000001,88.74300000000001,89.09400000000001,1387
2026-08-18T15:20:00+00:00,89.09400000000001,89.284,88.95200000000001,89.24300000000001,1203
2026-08-18T15:25:00+00:00,89.24300000000001,89.34400000000001,89.13300000000001,89.322,1714
2026-08-18T15:30:00+00:00,89.322,89.537,89.302,89.537,1796
2026-08-18T15:35:00+00:00,89.537,89.539,89.31200000000001,89.349,849
2026-08-18T15:40:00+00:00,89.349,89.47200000000001,89.18700000000001,89.40700000000001,969
2026-08-18T15:45:00+00:00,89.40700000000001,89.418,89.24700000000001,89.31200000000001,982
2026-08-18T15:50:00+00:00,89.31200000000001,89.418,89.149,89.174,1025
2026-08-18T15:55:00+00:00,89.174,89.21300000000001,89.037,89.152,1071
2026-08-18T16:00:00+00:00,89.152,89.152,88.953,89.04400000000001,940
2026-08-18T16:05:00+00:00,89.04400000000001,89.049,88.938,89.013,701
2026-08-18T16:10:00+00:00,89.013,89.013,88.893,88.95800000000001,610
2026-08-18T16:15:00+00:00,88.95800000000001,89.10400000000001,88.882,88.909,989
2026-08-18T16:20:00+00:00,88.909,88.909,88.733,88.83200000000001,706
2026-08-18T16:25:00+00:00,88.83200000000001,89.04400000000001,88.813,89.03800000000001,640
2026-08-18T16:30:00+00:00,89.03800000000001,89.174,88.98700000000001,89.153,651
2026-08-18T16:35:00+00:00,89.153,89.209,89.057,89.05900000000001,704
2026-08-18T16:40:00+00:00,89.05900000000001,89.07300000000001,88.94200000000001,88.962,691
2026-08-18T16:45:00+00:00,88.962,88.992,88.902,88.962,404
2026-08-18T16:50:00+00:00,88.962,88.962,88.682,88.69300000000001,575
2026-08-18T16:55:00+00:00,88.69300000000001,88.80300000000001,88.69300000000001,88.802,371
2026-08-18T17:00:00+00:00,88.802,88.87200000000001,88.742,88.78200000000001,462
2026-08-18T17:05:00+00:00,88.78200000000001,88.84400000000001,88.72300000000001,88.73400000000001,475
2026-08-18T17:10:00+00:00,88.73400000000001,88.84400000000001,88.69200000000001,88.83800000000001,482
2026-08-18T17:15:00+00:00,88.83800000000001,88.90400000000001,88.69900000000001,88.718,680
2026-08-18T17:20:00+00:00,88.718,88.73400000000001,88.60300000000001,88.67200000000001,535
2026-08-18T17:25:00+00:00,88.67200000000001,88.837,88.629,88.75200000000001,764
2026-08-18T17:30:00+00:00,88.75200000000001,88.85400000000001,88.71300000000001,88.75900000000001,736
2026-08-18T17:35:00+00:00,88.75900000000001,88.77300000000001,88.70200000000001,88.72200000000001,465
2026-08-18T17:40:00+00:00,88.72200000000001,88.787,88.697,88.75900000000001,477
2026-08-18T17:45:00+00:00,88.75900000000001,88.75900000000001,88.63300000000001,88.653,396
2026-08-18T17:50:00+00:00,88.653,88.748,88.602,88.662,753
2026-08-18T17:55:00+00:00,88.662,88.73700000000001,88.59200000000001,88.614,621
2026-08-18T18:00:00+00:00,88.614,88.71700000000001,88.57900000000001,88.70200000000001,652
2026-08-18T18:05:00+00:00,88.70200000000001,88.72200000000001,88.47200000000001,88.48800000000001,670
2026-08-18T18:10:00+00:00,88.48800000000001,88.56400000000001,88.424,88.46300000000001,670
2026-08-18T18:15:00+00:00,88.46300000000001,88.62700000000001,88.42800000000001,88.62700000000001,814
2026-08-18T18:20:00+00:00,88.62700000000001,88.66300000000001,88.533,88.658,691
2026-08-18T18:25:00+00:00,88.658,88.688,88.46700000000001,88.50900000000001,1515
2026-08-18T18:30:00+00:00,88.50900000000001,88.59800000000001,88.408,88.524,714
2026-08-18T18:35:00+00:00,88.524,88.62400000000001,88.524,88.56400000000001,371
2026-08-18T18:40:00+00:00,88.56400000000001,88.60700000000001,88.50800000000001,88.587,405
2026-08-18T18:45:00+00:00,88.587,88.623,88.528,88.55900000000001,368
2026-08-18T18:50:00+00:00,88.55900000000001,88.599,88.543,88.55900000000001,458
2026-08-18T18:55:00+00:00,88.55900000000001,88.57700000000001,88.51700000000001,88.533,262
2026-08-18T19:00:00+00:00,88.533,88.593,88.51700000000001,88.56200000000001,345
2026-08-18T19:05:00+00:00,88.56200000000001,88.65400000000001,88.543,88.62700000000001,215
2026-08-18T19:10:00+00:00,88.62700000000001,88.629,88.533,88.563,259
2026-08-18T19:15:00+00:00,88.563,88.57400000000001,88.46700000000001,88.53800000000001,460
2026-08-18T19:20:00+00:00,88.53800000000001,88.543,88.462,88.49300000000001,209
2026-08-18T19:25:00+00:00,88.49300000000001,88.534,88.48200000000001,88.51400000000001,275
2026-08-18T19:30:00+00:00,88.51400000000001,88.51400000000001,88.48200000000001,88.504,170
2026-08-18T19:35:00+00:00,88.504,88.504,88.433,88.44300000000001,337
2026-08-18T19:40:00+00:00,88.44300000000001,88.49400000000001,88.429,88.47300000000001,302
2026-08-18T19:45:00+00:00,88.47300000000001,88.554,88.462,88.542,243
2026-08-18T19:50:00+00:00,88.542,88.57400000000001,88.518,88.522,397
2026-08-18T19:55:00+00:00,88.522,88.54400000000001,88.468,88.474,313
2026-08-18T20:00:00+00:00,88.474,88.49400000000001,88.433,88.47200000000001,166
2026-08-18T20:05:00+00:00,88.47200000000001,88.563,88.47200000000001,88.55300000000001,238
2026-08-18T20:10:00+00:00,88.55300000000001,88.62400000000001,88.512,88.61300000000001,299
2026-08-18T20:15:00+00:00,88.61300000000001,88.64200000000001,88.59200000000001,88.623,203
2026-08-18T20:20:00+00:00,88.623,88.644,88.602,88.61900000000001,154
2026-08-18T20:25:00+00:00,88.61900000000001,88.644,88.60300000000001,88.61800000000001,320
2026-08-18T20:30:00+00:00,88.61800000000001,88.83200000000001,88.593,88.709,669
2026-08-18T20:35:00+00:00,88.709,88.73400000000001,88.69200000000001,88.70400000000001,398
2026-08-18T20:40:00+00:00,88.70400000000001,88.87400000000001,88.67200000000001,88.864,491
2026-08-18T20:45:00+00:00,88.864,88.962,88.807,88.897,291
2026-08-18T20:50:00+00:00,88.897,88.923,88.86200000000001,88.879,373
2026-08-18T20:55:00+00:00,88.879,88.894,88.81700000000001,88.864,355
2026-08-19T00:00:00+00:00,88.864,88.864,88.796,88.827,324.8993077407174
2026-08-19T00:05:00+00:00,88.827,88.873,88.767,88.843,812
2026-08-19T00:10:00+00:00,88.843,88.913,88.836,88.902,670
2026-08-19T00:15:00+00:00,88.902,88.96300000000001,88.896,88.96300000000001,402
2026-08-19T00:20:00+00:00,88.96300000000001,88.997,88.927,88.976,306
2026-08-19T00:25:00+00:00,88.976,89.278,88.967,89.227,592
2026-08-19T00:30:00+00:00,89.227,89.383,89.156,89.343,1051
2026-08-19T00:35:00+00:00,89.343,89.372,89.048,89.053,1267
2026-08-19T00:40:00+00:00,89.053,89.188,89.013,89.141,900
2026-08-19T00:45:00+00:00,89.141,89.193,89.081,89.08200000000001,1125
2026-08-19T00:50:00+00:00,89.08200000000001,89.19800000000001,89.046,89.186,443
2026-08-19T00:55:00+00:00,89.186,89.20700000000001,89.116,89.147,711
2026-08-19T01:00:00+00:00,89.147,89.378,89.10600000000001,89.242,1820
2026-08-19T01:05:00+00:00,89.242,89.278,89.171,89.246,1054
2026-08-19T01:10:00+00:00,89.246,89.387,89.246,89.303,1252
2026-08-19T01:15:00+00:00,89.303,89.47800000000001,89.236,89.262,1093
2026-08-19T01:20:00+00:00,89.262,89.438,89.177,89.358,1109
2026-08-19T01:25:00+00:00,89.358,89.48700000000001,89.321,89.348,1166
2026-08-19T01:30:00+00:00,89.348,89.421,89.32600000000001,89.376,1450
2026-08-19T01:35:00+00:00,89.376,89.383,89.19200000000001,89.221,1044
2026-08-19T01:40:00+00:00,89.221,89.328,89.208,89.32300000000001,1379
2026-08-19T01:45:00+00:00,89.32300000000001,89.47800000000001,89.31700000000001,89.456,967
2026-08-19T01:50:00+00:00,89.456,89.57300000000001,89.406,89.45100000000001,697
2026-08-19T01:55:00+00:00,89.45100000000001,89.473,89.34700000000001,89.467,808
2026-08-19T02:00:00+00:00,89.467,89.542,89.392,89.531,1027
2026-08-19T02:05:00+00:00,89.531,89.538,89.346,89.357,985
2026-08-19T02:10:00+00:00,89.357,89.403,89.306,89.402,997
2026-08-19T02:15:00+00:00,89.402,89.483,89.382,89.398,792
2026-08-19T02:20:00+00:00,89.398,89.403,89.312,89.331,658
2026-08-19T02:25:00+00:00,89.331,89.383,89.291,89.293,576
2026-08-19T02:30:00+00:00,89.293,89.363,89.23100000000001,89.33800000000001,1288
2026-08-19T02:35:00+00:00,89.33800000000001,89.383,89.186,89.208,1039
2026-08-19T02:40:00+00:00,89.208,89.217,89.043,89.132,1084
2026-08-19T02:45:00+00:00,89.132,89.137,89.06700000000001,89.10600000000001,1359
2026-08-19T02:50:00+00:00,89.10600000000001,89.293,89.086,89.197,770
2026-08-19T02:55:00+00:00,89.197,89.24300000000001,89.111,89.181,970
2026-08-19T03:00:00+00:00,89.181,89.24300000000001,89.166,89.218,744
2026-08-19T03:05:00+00:00,89.218,89.33800000000001,89.191,89.318,1333
2026-08-19T03:10:00+00:00,89.318,89.35300000000001,89.246,89.271,602
2026-08-19T03:15:00+00:00,89.271,89.288,89.176,89.23700000000001,744
2026-08-19T03:20:00+00:00,89.23700000000001,89.278,89.156,89.253,466
2026-08-19T03:25:00+00:00,89.253,89.313,89.227,89.241,627
2026-08-19T03:30:00+00:00,89.241,89.258,89.156,89.173,427
2026-08-19T03:35:00+00:00,89.173,89.178,89.092,89.111,374
2026-08-19T03:40:00+00:00,89.111,89.158,89.036,89.063,560
2026-08-19T03:45:00+00:00,89.063,89.168,89.058,89.161,280
2026-08-19T03:50:00+00:00,89.161,89.173,89.127,89.142,435
2026-08-19T03:55:00+00:00,89.142,89.147,89.11200000000001,89.136,157
2026-08-19T04:00:00+00:00,89.136,89.218,89.136,89.181,308
2026-08-19T04:05:00+00:00,89.181,89.286,89.166,89.286,530
2026-08-19T04:10:00+00:00,89.286,89.336,89.236,89.246,372
2026-08-19T04:15:00+00:00,89.246,89.248,89.167,89.197,349
2026-08-19T04:20:00+00:00,89.197,89.208,89.096,89.102,446
2026-08-19T04:25:00+00:00,89.102,89.163,89.096,89.153,303
2026-08-19T04:30:00+00:00,89.153,89.188,89.116,89.156,452
2026-08-19T04:35:00+00:00,89.156,89.177,89.11200000000001,89.147,319
2026-08-19T04:40:00+00:00,89.147,89.148,89.116,89.128,246
2026-08-19T04:45:00+00:00,89.128,89.138,89.111,89.138,166
2026-08-19T04:50:00+00:00,89.138,89.153,89.111,89.141,245
2026-08-19T04:55:00+00:00,89.141,89.146,88.998,89.056,442
2026-08-19T05:00:00+00:00,89.056,89.078,89.006,89.053,517
2026-08-19T05:05:00+00:00,89.053,89.098,88.998,89.052,431
2026-08-19T05:10:00+00:00,89.052,89.153,88.997,89.036,437
2026-08-19T05:15:00+00:00,89.036,89.06700000000001,88.991,89.051,318
2026-08-19T05:20:00+00:00,89.051,89.133,89.051,89.102,491
2026-08-19T05:25:00+00:00,89.102,89.138,89.036,89.047,508
2026-08-19T05:30:00+00:00,89.047,89.137,88.96600000000001,89.096,799
2026-08-19T05:35:00+00:00,89.096,89.171,89.046,89.122,568
2026-08-19T05:40:00+00:00,89.122,89.21300000000001,89.111,89.196,579
2026-08-19T05:45:00+00:00,89.196,89.241,89.101,89.156,853
2026-08-19T05:50:00+00:00,89.156,89.197,89.10600000000001,89.146,676
2026-08-19T05:55:00+00:00,89.146,89.238,89.146,89.22200000000001,551
2026-08-19T06:00:00+00:00,89.22200000000001,89.473,89.186,89.44800000000001,1001
2026-08-19T06:05:00+00:00,89.44800000000001,89.44800000000001,89.20100000000001,89.298,880
2026-08-19T06:10:00+00:00,89.298,89.358,89.181,89.197,928
2026-08-19T06:15:00+00:00,89.197,89.19800000000001,89.033,89.086,812
2026-08-19T06:20:00+00:00,89.086,89.108,88.956,89.102,821
2026-08-19T06:25:00+00:00,89.102,89.11800000000001,88.952,88.982,789
2026-08-19T06:30:00+00:00,88.982,89.028,88.852,88.958,841
2026-08-19T06:35:00+00:00,88.958,89.178,88.917,89.178,861
2026-08-19T06:40:00+00:00,89.178,89.196,88.946,89.057,830
2026-08-19T06:45:00+00:00,89.057,89.158,89.026,89.058,661
2026-08-19T06:50:00+00:00,89.058,89.138,89.043,89.10600000000001,745
2026-08-19T06:55:00+00:00,89.10600000000001,89.148,88.97200000000001,88.998,891
2026-08-19T07:00:00+00:00,88.998,89.248,88.996,89.196,910
2026-08-19T07:05:00+00:00,89.196,89.32300000000001,89.166,89.218,823
2026-08-19T07:10:00+00:00,89.218,89.261,89.156,89.21600000000001,606
2026-08-19T07:15:00+00:00,89.21600000000001,89.308,89.121,89.302,510
2026-08-19T07:20:00+00:00,89.302,89.421,89.033,89.108,925
2026-08-19T07:25:00+00:00,89.108,89.116,88.86200000000001,88.907,742
2026-08-19T07:30:00+00:00,88.907,89.002,88.82600000000001,88.907,940
2026-08-19T07:35:00+00:00,88.907,88.973,88.736,88.83200000000001,806
2026-08-19T07:40:00+00:00,88.83200000000001,88.883,88.806,88.811,645
2026-08-19T07:45:00+00:00,88.811,89.06700000000001,88.806,89.038,787
2026-08-19T07:50:00+00:00,89.038,89.176,88.927,89.092,828
2026-08-19T07:55:00+00:00,89.092,89.208,89.037,89.167,905
2026-08-19T08:00:00+00:00,89.167,89.193,88.992,89.062,1015
2026-08-19T08:05:00+00:00,89.062,89.162,89.006,89.056,996
2026-08-19T08:10:00+00:00,89.056,89.108,88.997,89.107,942
2026-08-19T08:15:00+00:00,89.107,89.157,88.961,89.146,1000
2026-08-19T08:20:00+00:00,89.146,89.172,88.922,88.983,951
2026-08-19T08:25:00+00:00,88.983,89.003,88.718,88.73100000000001,2279
2026-08-19T08:30:00+00:00,88.73100000000001,88.893,88.681,88.86200000000001,1250
2026-08-19T08:35:00+00:00,88.86200000000001,88.902,88.786,88.816,735
2026-08-19T08:40:00+00:00,88.816,88.86800000000001,88.812,88.836,407
2026-08-19T08:45:00+00:00,88.836,89.052,88.831,89.018,707
2026-08-19T08:50:00+00:00,89.018,89.21300000000001,88.973,89.047,784
2026-08-19T08:55:00+00:00,89.047,89.502,89.047,89.441,1309
2026-08-19T09:00:00+00:00,89.441,89.658,89.297,89.411,1444
2026-08-19T09:05:00+00:00,89.411,89.767,89.361,89.732,1172
2026-08-19T09:10:00+00:00,89.732,89.897,89.647,89.757,1164
2026-08-19T09:15:00+00:00,89.757,89.833,89.681,89.717,921
2026-08-19T09:20:00+00:00,89.717,89.773,89.426,89.438,903
2026-08-19T09:25:00+00:00,89.438,89.496,89.307,89.358,1042
2026-08-19T09:30:00+00:00,89.358,89.437,89.162,89.19200000000001,790
2026-08-19T09:35:00+00:00,89.19200000000001,89.383,89.156,89.377,821
2026-08-19T09:40:00+00:00,89.377,89.563,89.377,89.536,696
2026-08-19T09:45:00+00:00,89.536,89.557,89.236,89.253,813
2026-08-19T09:50:00+00:00,89.253,89.57300000000001,89.246,89.543,1026
2026-08-19T09:55:00+00:00,89.543,89.601,89.47800000000001,89.528,612
2026-08-19T10:00:00+00:00,89.528,89.611,89.461,89.497,777
2026-08-19T10:05:00+00:00,89.497,89.598,89.402,89.45100000000001,645
2026-08-19T10:10:00+00:00,89.45100000000001,89.59100000000001,89.411,89.587,668
2026-08-19T10:15:00+00:00,89.587,89.59700000000001,89.381,89.47800000000001,736
2026-08-19T10:20:00+00:00,89.47800000000001,89.562,89.407,89.47200000000001,594
2026-08-19T10:25:00+00:00,89.47200000000001,89.638,89.438,89.617,656
2026-08-19T10:30:00+00:00,89.617,89.70700000000001,89.596,89.607,630
2026-08-19T10:35:00+00:00,89.607,89.703,89.596,89.607,342
2026-08-19T10:40:00+00:00,89.607,89.613,89.461,89.461,498
2026-08-19T10:45:00+00:00,89.461,89.482,89.34700000000001,89.396,368
2026-08-19T10:50:00+00:00,89.396,89.508,89.35600000000001,89.437,554
2026-08-19T10:55:00+00:00,89.437,89.46300000000001,89.376,89.387,472
2026-08-19T11:00:00+00:00,89.387,89.388,89.247,89.313,654
2026-08-19T11:05:00+00:00,89.313,89.488,89.313,89.476,435
2026-08-19T11:10:00+00:00,89.476,89.482,89.287,89.312,549
2026-08-19T11:15:00+00:00,89.312,89.361,89.196,89.227,508
2026-08-19T11:20:00+00:00,89.227,89.253,89.07300000000001,89.138,707
2026-08-19T11:25:00+00:00,89.138,89.202,89.10600000000001,89.138,498
2026-08-19T11:30:00+00:00,89.138,89.253,89.123,89.137,407
2026-08-19T11:35:00+00:00,89.137,89.411,89.133,89.352,448
2026-08-19T11:40:00+00:00,89.352,89.467,89.303,89.33800000000001,640
2026-08-19T11:45:00+00:00,89.33800000000001,89.36800000000001,89.208,89.22800000000001,402
2026-08-19T11:50:00+00:00,89.22800000000001,89.22800000000001,89.053,89.09700000000001,496
2026-08-19T11:55:00+00:00,89.09700000000001,89.123,89.007,89.116,454
2026-08-19T12:00:00+00:00,89.116,89.158,89.046,89.147,587
2026-08-19T12:05:00+00:00,89.147,89.22200000000001,89.086,89.151,680
2026-08-19T12:10:00+00:00,89.151,89.171,88.971,89.10600000000001,890
2026-08-19T12:15:00+00:00,89.10600000000001,89.168,88.896,88.903,806
2026-08-19T12:20:00+00:00,88.903,88.923,88.786,88.83800000000001,1129
2026-08-19T12:25:00+00:00,88.83800000000001,88.923,88.833,88.902,463
2026-08-19T12:30:00+00:00,88.902,88.99300000000001,88.666,88.702,1328
2026-08-19T12:35:00+00:00,88.702,88.782,88.016,88.072,2302
2026-08-19T12:40:00+00:00,88.072,88.542,87.95700000000001,88.497,2093
2026-08-19T12:45:00+00:00,88.497,88.622,88.34100000000001,88.342,1270
2026-08-19T12:50:00+00:00,88.342,88.476,88.177,88.177,1367
2026-08-19T12:55:00+00:00,88.177,88.501,88.161,88.498,1346
2026-08-19T13:00:00+00:00,88.498,88.94800000000001,88.45100000000001,88.937,1844
2026-08-19T13:05:00+00:00,88.937,88.938,88.556,88.657,1547
2026-08-19T13:10:00+00:00,88.657,88.726,88.616,88.70700000000001,949
2026-08-19T13:15:00+00:00,88.70700000000001,88.758,88.621,88.726,983
2026-08-19T13:20:00+00:00,88.726,89.018,88.687,88.916,1310
2026-08-19T13:25:00+00:00,88.916,88.997,88.786,88.887,1067
2026-08-19T13:30:00+00:00,88.887,89.063,88.811,88.888,1286
2026-08-19T13:35:00+00:00,88.888,88.926,88.746,88.792,1147
2026-08-19T13:40:00+00:00,88.792,89.06700000000001,88.792,88.918,1116
2026-08-19T13:45:00+00:00,88.918,89.028,88.876,88.992,1083
2026-08-19T13:50:00+00:00,88.992,89.10600000000001,88.97200000000001,89.058,864
2026-08-19T13:55:00+00:00,89.058,89.138,88.947,88.956,964
2026-08-19T14:00:00+00:00,88.956,89.003,88.816,88.84700000000001,1422
2026-08-19T14:05:00+00:00,88.84700000000001,89.226,88.808,89.056,1605
2026-08-19T14:10:00+00:00,89.056,89.186,88.991,89.158,1162
2026-08-19T14:15:00+00:00,89.158,89.208,89.096,89.101,1277
2026-08-19T14:20:00+00:00,89.101,89.238,89.087,89.143,1046
2026-08-19T14:25:00+00:00,89.143,89.251,89.136,89.223,829
2026-08-19T14:30:00+00:00,89.223,89.232,88.946,89.19800000000001,2126
2026-08-19T14:35:00+00:00,89.19800000000001,89.393,89.086,89.133,1444
2026-08-19T14:40:00+00:00,89.133,89.431,89.096,89.21600000000001,1391
2026-08-19T14:45:00+00:00,89.21600000000001,89.423,89.171,89.346,1624
2026-08-19T14:50:00+00:00,89.346,89.553,89.346,89.413,1472
2026-08-19T14:55:00+00:00,89.413,89.462,89.282,89.292,1285
2026-08-19T15:00:00+00:00,89.292,89.651,89.246,89.517,1653
2026-08-19T15:05:00+00:00,89.517,89.762,89.378,89.727,1354
2026-08-19T15:10:00+00:00,89.727,89.74300000000001,89.497,89.637,1252
2026-08-19T15:15:00+00:00,89.637,89.917,89.637,89.773,1325
2026-08-19T15:20:00+00:00,89.773,89.976,89.717,89.83800000000001,1302
2026-08-19T15:25:00+00:00,89.83800000000001,89.98100000000001,89.782,89.782,2166
2026-08-19T15:30:00+00:00,89.782,89.888,89.683,89.792,1461
2026-08-19T15:35:00+00:00,89.792,89.893,89.738,89.891,1057
2026-08-19T15:40:00+00:00,89.891,89.893,89.741,89.767,1029
2026-08-19T15:45:00+00:00,89.767,89.802,89.527,89.787,1547
2026-08-19T15:50:00+00:00,89.787,89.828,89.646,89.723,1000
2026-08-19T15:55:00+00:00,89.723,89.777,89.687,89.74300000000001,768
2026-08-19T16:00:00+00:00,89.74300000000001,90.022,89.736,89.866,1176
2026-08-19T16:05:00+00:00,89.866,90.021,89.866,89.917,920
2026-08-19T16:10:00+00:00,89.917,89.996,89.84100000000001,89.977,860
2026-08-19T16:15:00+00:00,89.977,90.012,89.916,89.99300000000001,570
2026-08-19T16:20:00+00:00,89.99300000000001,90.06700000000001,89.752,89.766,851
2026-08-19T16:25:00+00:00,89.766,89.793,89.688,89.756,693
2026-08-19T16:30:00+00:00,89.756,89.86800000000001,89.702,89.796,633
2026-08-19T16:35:00+00:00,89.796,89.96300000000001,89.796,89.917,719
2026-08-19T16:40:00+00:00,89.917,89.992,89.796,89.883,1007
2026-08-19T16:45:00+00:00,89.883,89.958,89.821,89.887,778
2026-08-19T16:50:00+00:00,89.887,90.052,89.86200000000001,90.026,659
2026-08-19T16:55:00+00:00,90.026,90.161,89.893,90.087,900
2026-08-19T17:00:00+00:00,90.087,90.146,90.023,90.10600000000001,811
2026-08-19T17:05:00+00:00,90.10600000000001,90.197,90.081,90.19200000000001,708
2026-08-19T17:10:00+00:00,90.19200000000001,90.333,90.022,90.06700000000001,899
2026-08-19T17:15:00+00:00,90.06700000000001,90.141,89.996,90.036,715
2026-08-19T17:20:00+00:00,90.036,90.123,89.906,89.916,890
2026-08-19T17:25:00+00:00,89.916,89.928,89.843,89.906,730
2026-08-19T17:30:00+00:00,89.906,89.956,89.706,89.796,874
2026-08-19T17:35:00+00:00,89.796,89.871,89.756,89.758,606
2026-08-19T17:40:00+00:00,89.758,89.777,89.482,89.623,996
2026-08-19T17:45:00+00:00,89.623,89.733,89.59100000000001,89.69200000000001,702
2026-08-19T17:50:00+00:00,89.69200000000001,89.723,89.616,89.628,541
2026-08-19T17:55:00+00:00,89.628,89.757,89.587,89.757,952
2026-08-19T18:00:00+00:00,89.757,89.898,89.706,89.763,1038
2026-08-19T18:05:00+00:00,89.763,89.811,89.632,89.658,886
2026-08-19T18:10:00+00:00,89.658,89.667,89.422,89.47800000000001,1090
2026-08-19T18:15:00+00:00,89.47800000000001,89.47800000000001,89.33800000000001,89.382,840
2026-08-19T18:20:00+00:00,89.382,89.443,89.302,89.393,1161
2026-08-19T18:25:00+00:00,89.393,89.416,89.031,89.043,2936
2026-08-19T18:30:00+00:00,89.043,89.141,88.927,89.016,1239
2026-08-19T18:35:00+00:00,89.016,89.083,88.936,88.946,605
2026-08-19T18:40:00+00:00,88.946,88.96600000000001,88.872,88.906,488
2026-08-19T18:45:00+00:00,88.906,88.962,88.876,88.953,392
2026-08-19T18:50:00+00:00,88.953,89.058,88.946,89.037,596
2026-08-19T18:55:00+00:00,89.037,89.163,89.013,89.09700000000001,414
2026-08-19T19:00:00+00:00,89.09700000000001,89.128,89.026,89.048,545
2026-08-19T19:05:00+00:00,89.048,89.06700000000001,89.007,89.007,335
2026-08-19T19:10:00+00:00,89.007,89.08800000000001,88.953,89.071,579
2026-08-19T19:15:00+00:00,89.071,89.141,88.99300000000001,88.99300000000001,746
2026-08-19T19:20:00+00:00,88.99300000000001,89.037,88.771,88.788,1523
2026-08-19T19:25:00+00:00,88.788,88.83800000000001,88.681,88.757,857
2026-08-19T19:30:00+00:00,88.757,88.788,88.688,88.723,629
2026-08-19T19:35:00+00:00,88.723,88.73700000000001,88.671,88.69800000000001,344
2026-08-19T19:40:00+00:00,88.69800000000001,88.753,88.671,88.696,473
2026-08-19T19:45:00+00:00,88.696,88.788,88.687,88.747,408
2026-08-19T19:50:00+00:00,88.747,88.933,88.74300000000001,88.931,376
2026-08-19T19:55:00+00:00,88.931,89.023,88.913,89.008,586
2026-08-19T20:00:00+00:00,89.008,89.038,88.893,88.916,621
2026-08-19T20:05:00+00:00,88.916,88.94800000000001,88.891,88.912,352
2026-08-19T20:10:00+00:00,88.912,88.946,88.866,88.878,441
2026-08-19T20:15:00+00:00,88.878,88.96300000000001,88.871,88.956,482
2026-08-19T20:20:00+00:00,88.956,89.002,88.918,88.971,478
2026-08-19T20:25:00+00:00,88.971,88.996,88.937,88.982,525
2026-08-19T20:30:00+00:00,88.982,89.092,88.96600000000001,89.018,535
2026-08-19T20:35:00+00:00,89.018,89.018,88.916,88.991,445
2026-08-19T20:40:00+00:00,88.991,89.098,88.988,89.066,552
2026-08-19T20:45:00+00:00,89.066,89.07600000000001,88.958,88.97800000000001,710
2026-08-19T20:50:00+00:00,88.97800000000001,89.058,88.95100000000001,89.028,520
2026-08-19T20:55:00+00:00,89.028,89.138,88.977,89.117,746
2026-08-20T00:00:00+00:00,89.117,89.128,89.043,89.121,173.14658250975833
2026-08-20T00:05:00+00:00,89.121,89.22800000000001,89.087,89.217,513
2026-08-20T00:10:00+00:00,89.217,89.428,89.196,89.377,475
2026-08-20T00:15:00+00:00,89.377,89.418,89.296,89.401,356
2026-08-20T00:20:00+00:00,89.401,89.431,89.361,89.386,234
2026-08-20T00:25:00+00:00,89.386,89.427,89.346,89.427,288
2026-08-20T00:30:00+00:00,89.427,89.47800000000001,89.346,89.45700000000001,324
2026-08-20T00:35:00+00:00,89.45700000000001,89.477,89.386,89.423,314
2026-08-20T00:40:00+00:00,89.423,89.458,89.388,89.392,249
2026-08-20T00:45:00+00:00,89.392,89.488,89.392,89.48700000000001,351
2026-08-20T00:50:00+00:00,89.48700000000001,89.501,89.416,89.437,257
2026-08-20T00:55:00+00:00,89.437,89.468,89.401,89.467,210
2026-08-20T01:00:00+00:00,89.467,89.61800000000001,89.361,89.531,1195
2026-08-20T01:05:00+00:00,89.531,89.71300000000001,89.513,89.70700000000001,836
2026-08-20T01:10:00+00:00,89.70700000000001,89.818,89.706,89.767,686
2026-08-20T01:15:00+00:00,89.767,89.86800000000001,89.586,89.601,847
2026-08-20T01:20:00+00:00,89.601,89.648,89.496,89.502,1004
2026-08-20T01:25:00+00:00,89.502,89.572,89.432,89.452,1136
2026-08-20T01:30:00+00:00,89.452,89.518,89.277,89.511,1059
2026-08-20T01:35:00+00:00,89.511,89.613,89.501,89.548,770
2026-08-20T01:40:00+00:00,89.548,89.693,89.498,89.583,799
2026-08-20T01:45:00+00:00,89.583,89.626,89.507,89.602,872
2026-08-20T01:50:00+00:00,89.602,89.676,89.587,89.602,668
2026-08-20T01:55:00+00:00,89.602,89.761,89.59700000000001,89.697,675
2026-08-20T02:00:00+00:00,89.697,89.747,89.57600000000001,89.673,884
2026-08-20T02:05:00+00:00,89.673,89.72800000000001,89.568,89.652,623
2026-08-20T02:10:00+00:00,89.652,89.673,89.496,89.541,623
2026-08-20T02:15:00+00:00,89.541,89.598,89.526,89.531,292
2026-08-20T02:20:00+00:00,89.531,89.556,89.412,89.423,552
2026-08-20T02:25:00+00:00,89.423,89.522,89.423,89.498,328
2026-08-20T02:30:00+00:00,89.498,89.498,89.32600000000001,89.398,1077
2026-08-20T02:35:00+00:00,89.398,89.47800000000001,89.258,89.376,985
2026-08-20T02:40:00+00:00,89.376,89.407,89.236,89.391,1128
2026-08-20T02:45:00+00:00,89.391,89.498,89.241,89.483,1159
2026-08-20T02:50:00+00:00,89.483,89.727,89.483,89.523,922
2026-08-20T02:55:00+00:00,89.523,89.528,89.33200000000001,89.407,1075
2026-08-20T03:00:00+00:00,89.407,89.44200000000001,89.312,89.403,927
2026-08-20T03:05:00+00:00,89.403,89.428,89.34100000000001,89.382,631
2026-08-20T03:10:00+00:00,89.382,89.403,89.281,89.337,719
2026-08-20T03:15:00+00:00,89.337,89.367,89.271,89.306,1041
2026-08-20T03:20:00+00:00,89.306,89.351,89.221,89.261,855
2026-08-20T03:25:00+00:00,89.261,89.282,89.20100000000001,89.221,670
2026-08-20T03:30:00+00:00,89.221,89.378,89.20700000000001,89.363,471
2026-08-20T03:35:00+00:00,89.363,89.432,89.351,89.371,382
2026-08-20T03:40:00+00:00,89.371,89.44200000000001,89.32300000000001,89.436,338
2026-08-20T03:45:00+00:00,89.436,89.536,89.421,89.432,398
2026-08-20T03:50:00+00:00,89.432,89.462,89.406,89.423,244
2026-08-20T03:55:00+00:00,89.423,89.458,89.331,89.336,208
2026-08-20T04:00:00+00:00,89.336,89.378,89.302,89.363,300
2026-08-20T04:05:00+00:00,89.363,89.467,89.352,89.443,276
2026-08-20T04:10:00+00:00,89.443,89.508,89.441,89.46300000000001,218
2026-08-20T04:15:00+00:00,89.46300000000001,89.483,89.441,89.458,177
2026-08-20T04:20:00+00:00,89.458,89.508,89.443,89.506,213
2026-08-20T04:25:00+00:00,89.506,89.518,89.496,89.511,167
2026-08-20T04:30:00+00:00,89.511,89.568,89.482,89.503,305
2026-08-20T04:35:00+00:00,89.503,89.503,89.396,89.402,233
2026-08-20T04:40:00+00:00,89.402,89.44800000000001,89.397,89.438,140
2026-08-20T04:45:00+00:00,89.438,89.438,89.287,89.292,263
2026-08-20T04:50:00+00:00,89.292,89.303,89.221,89.272,391
2026-08-20T04:55:00+00:00,89.272,89.352,89.272,89.33200000000001,348
2026-08-20T05:00:00+00:00,89.33200000000001,89.358,89.287,89.313,305
2026-08-20T05:05:00+00:00,89.313,89.33800000000001,89.291,89.316,265
2026-08-20T05:10:00+00:00,89.316,89.318,89.263,89.263,183
2026-08-20T05:15:00+00:00,89.263,89.281,89.166,89.236,340
2026-08-20T05:20:00+00:00,89.236,89.35300000000001,89.236,89.296,199
2026-08-20T05:25:00+00:00,89.296,89.346,89.22200000000001,89.227,328
2026-08-20T05:30:00+00:00,89.227,89.383,89.211,89.23700000000001,822
2026-08-20T05:35:00+00:00,89.23700000000001,89.308,89.202,89.277,507
2026-08-20T05:40:00+00:00,89.277,89.406,89.272,89.386,659
2026-08-20T05:45:00+00:00,89.386,89.497,89.382,89.468,609
2026-08-20T05:50:00+00:00,89.468,89.566,89.426,89.45700000000001,609
2026-08-20T05:55:00+00:00,89.45700000000001,89.508,89.381,89.403,739
2026-08-20T06:00:00+00:00,89.403,89.447,89.286,89.327,942
2026-08-20T06:05:00+00:00,89.327,89.408,89.281,89.381,566
2026-08-20T06:10:00+00:00,89.381,89.386,89.276,89.352,616
2026-08-20T06:15:00+00:00,89.352,89.458,89.301,89.438,553
2026-08-20T06:20:00+00:00,89.438,89.47800000000001,89.366,89.388,555
2026-08-20T06:25:00+00:00,89.388,89.518,89.387,89.506,650
2026-08-20T06:30:00+00:00,89.506,89.56700000000001,89.437,89.45100000000001,559
2026-08-20T06:35:00+00:00,89.45100000000001,89.668,89.422,89.656,660
2026-08-20T06:40:00+00:00,89.656,89.662,89.557,89.578,638
2026-08-20T06:45:00+00:00,89.578,89.71300000000001,89.57600000000001,89.70700000000001,458
2026-08-20T06:50:00+00:00,89.70700000000001,89.711,89.632,89.687,526
2026-08-20T06:55:00+00:00,89.687,89.768,89.636,89.752,572
2026-08-20T07:00:00+00:00,89.752,90.033,89.752,89.958,1066
2026-08-20T07:05:00+00:00,89.958,89.986,89.876,89.973,696
2026-08-20T07:10:00+00:00,89.973,90.11800000000001,89.831,90.11800000000001,701
2026-08-20T07:15:00+00:00,90.11800000000001,90.318,90.028,90.308,706
2026-08-20T07:20:00+00:00,90.308,90.483,90.287,90.396,859
2026-08-20T07:25:00+00:00,90.396,90.513,90.382,90.513,705
2026-08-20T07:30:00+00:00,90.513,90.747,90.46600000000001,90.46600000000001,1447
2026-08-20T07:35:00+00:00,90.46600000000001,90.658,90.376,90.60600000000001,972
2026-08-20T07:40:00+00:00,90.60600000000001,90.687,90.532,90.617,955
2026-08-20T07:45:00+00:00,90.617,90.617,90.452,90.526,738
2026-08-20T07:50:00+00:00,90.526,90.626,90.501,90.566,829
2026-08-20T07:55:00+00:00,90.566,90.633,90.423,90.447,831
2026-08-20T08:00:00+00:00,90.447,90.447,90.037,90.196,1402
2026-08-20T08:05:00+00:00,90.196,90.391,90.196,90.336,1106
2026-08-20T08:10:00+00:00,90.336,90.407,90.287,90.398,550
2026-08-20T08:15:00+00:00,90.398,90.82300000000001,90.377,90.808,1021
2026-08-20T08:20:00+00:00,90.808,90.901,90.626,90.888,1273
2026-08-20T08:25:00+00:00,90.888,91.063,90.82600000000001,90.96600000000001,2071
2026-08-20T08:30:00+00:00,90.96600000000001,91.238,90.94200000000001,91.132,1486
2026-08-20T08:35:00+00:00,91.132,91.278,91.058,91.117,1169
2026-08-20T08:40:00+00:00,91.117,91.282,91.012,91.256,1071
2026-08-20T08:45:00+00:00,91.256,91.388,91.151,91.186,1045
2026-08-20T08:50:00+00:00,91.186,91.296,91.133,91.162,716
2026-08-20T08:55:00+00:00,91.162,91.288,91.136,91.246,830
2026-08-20T09:00:00+00:00,91.246,91.307,91.121,91.206,971
2026-08-20T09:05:00+00:00,91.206,91.382,91.176,91.271,704
2026-08-20T09:10:00+00:00,91.271,91.513,91.263,91.483,934
2026-08-20T09:15:00+00:00,91.483,91.526,91.34700000000001,91.488,992
2026-08-20T09:20:00+00:00,91.488,91.523,91.386,91.453,754
2026-08-20T09:25:00+00:00,91.453,91.513,91.313,91.496,797
2026-08-20T09:30:00+00:00,91.496,91.513,91.336,91.357,619
2026-08-20T09:35:00+00:00,91.357,91.462,91.221,91.227,662
2026-08-20T09:40:00+00:00,91.227,91.398,91.11200000000001,91.123,745
2026-08-20T09:45:00+00:00,91.123,91.417,91.10600000000001,91.417,552
2026-08-20T09:50:00+00:00,91.417,91.601,91.381,91.48100000000001,965
2026-08-20T09:55:00+00:00,91.48100000000001,91.598,91.471,91.547,703
2026-08-20T10:00:00+00:00,91.547,91.583,91.227,91.307,848
2026-08-20T10:05:00+00:00,91.307,91.398,91.211,91.387,582
2026-08-20T10:10:00+00:00,91.387,91.48100000000001,91.387,91.427,586
2026-08-20T10:15:00+00:00,91.427,91.506,91.32600000000001,91.36800000000001,610
2026-08-20T10:20:00+00:00,91.36800000000001,91.378,91.292,91.31700000000001,554
2026-08-20T10:25:00+00:00,91.31700000000001,91.387,91.286,91.307,484
2026-08-20T10:30:00+00:00,91.307,91.428,91.307,91.366,559
2026-08-20T10:35:00+00:00,91.366,91.446,91.272,91.438,466
2026-08-20T10:40:00+00:00,91.438,91.507,91.321,91.376,498
2026-08-20T10:45:00+00:00,91.376,91.518,91.376,91.401,547
2026-08-20T10:50:00+00:00,91.401,91.477,91.376,91.436,440
2026-08-20T10:55:00+00:00,91.436,91.461,91.33800000000001,91.432,577
2026-08-20T11:00:00+00:00,91.432,91.508,91.35600000000001,91.498,614
2026-08-20T11:05:00+00:00,91.498,91.57300000000001,91.476,91.503,484
2026-08-20T11:10:00+00:00,91.503,91.583,91.486,91.532,440
2026-08-20T11:15:00+00:00,91.532,91.656,91.528,91.656,546
2026-08-20T11:20:00+00:00,91.656,91.688,91.616,91.637,627
2026-08-20T11:25:00+00:00,91.637,91.733,91.60300000000001,91.69800000000001,664
2026-08-20T11:30:00+00:00,91.69800000000001,91.792,91.69800000000001,91.771,568
2026-08-20T11:35:00+00:00,91.771,91.903,91.771,91.793,682
2026-08-20T11:40:00+00:00,91.793,91.861,91.776,91.778,571
2026-08-20T11:45:00+00:00,91.778,91.873,91.676,91.816,721
2026-08-20T11:50:00+00:00,91.816,91.923,91.816,91.818,838
2026-08-20T11:55:00+00:00,91.818,91.952,91.801,91.936,550
2026-08-20T12:00:00+00:00,91.936,91.973,91.871,91.946,768
2026-08-20T12:05:00+00:00,91.946,91.96300000000001,91.831,91.927,714
2026-08-20T12:10:00+00:00,91.927,92.153,91.888,92.117,792
2026-08-20T12:15:00+00:00,92.117,92.21300000000001,92.101,92.20700000000001,940
2026-08-20T12:20:00+00:00,92.20700000000001,92.233,91.986,92.032,885
2026-08-20T12:25:00+00:00,92.032,92.153,91.958,92.128,1013
2026-08-20T12:30:00+00:00,92.128,92.128,92.006,92.047,746
2026-08-20T12:35:00+00:00,92.047,92.052,91.871,91.887,823
2026-08-20T12:40:00+00:00,91.887,91.887,91.511,91.653,871
2026-08-20T12:45:00+00:00,91.653,91.672,91.316,91.34700000000001,971
2026-08-20T12:50:00+00:00,91.34700000000001,91.426,91.256,91.401,1170
2026-08-20T12:55:00+00:00,91.401,91.421,91.20100000000001,91.212,1041
2026-08-20T13:00:00+00:00,91.212,91.382,91.20100000000001,91.248,1916
2026-08-20T13:05:00+00:00,91.248,91.248,91.051,91.077,1468
2026-08-20T13:10:00+00:00,91.077,91.298,91.026,91.197,1357
2026-08-20T13:15:00+00:00,91.197,91.343,91.087,91.148,1389
2026-08-20T13:20:00+00:00,91.148,91.32300000000001,91.016,91.281,1172
2026-08-20T13:25:00+00:00,91.281,91.46300000000001,91.278,91.381,1080
2026-08-20T13:30:00+00:00,91.381,91.751,91.34100000000001,91.508,1526
2026-08-20T13:35:00+00:00,91.508,91.538,91.256,91.33800000000001,1347
2026-08-20T13:40:00+00:00,91.33800000000001,91.433,91.277,91.278,1362
2026-08-20T13:45:00+00:00,91.278,91.298,91.047,91.09700000000001,1701
2026-08-20T13:50:00+00:00,91.09700000000001,91.188,91.036,91.127,1418
2026-08-20T13:55:00+00:00,91.127,91.258,91.098,91.232,1183
2026-08-20T14:00:00+00:00,91.232,91.431,91.196,91.417,1344
2026-08-20T14:05:00+00:00,91.417,91.533,91.377,91.437,1168
2026-08-20T14:10:00+00:00,91.437,91.458,91.168,91.277,1256
2026-08-20T14:15:00+00:00,91.277,91.277,90.86800000000001,90.916,1740
2026-08-20T14:20:00+00:00,90.916,90.962,90.506,90.662,1809
2026-08-20T14:25:00+00:00,90.662,90.768,90.59100000000001,90.721,1366
2026-08-20T14:30:00+00:00,90.721,90.917,90.71600000000001,90.82600000000001,1204
2026-08-20T14:35:00+00:00,90.82600000000001,90.848,90.592,90.636,1315
2026-08-20T14:40:00+00:00,90.636,90.961,90.601,90.846,1411
2026-08-20T14:45:00+00:00,90.846,90.891,90.69800000000001,90.887,1136
2026-08-20T14:50:00+00:00,90.887,90.898,90.758,90.796,936
2026-08-20T14:55:00+00:00,90.796,90.873,90.61800000000001,90.70700000000001,1173
2026-08-20T15:00:00+00:00,90.70700000000001,90.938,90.648,90.836,1594
2026-08-20T15:05:00+00:00,90.836,91.043,90.601,90.647,1978
2026-08-20T15:10:00+00:00,90.647,90.977,90.35600000000001,90.867,2190
2026-08-20T15:15:00+00:00,90.867,90.967,90.836,90.836,1060
2026-08-20T15:20:00+00:00,90.836,91.061,90.82300000000001,91.038,1084
2026-08-20T15:25:00+00:00,91.038,91.163,90.986,91.126,1796
2026-08-20T15:30:00+00:00,91.126,91.303,90.973,91.238,1267
2026-08-20T15:35:00+00:00,91.238,91.408,91.238,91.346,799
2026-08-20T15:40:00+00:00,91.346,91.483,91.331,91.431,1054
2026-08-20T15:45:00+00:00,91.431,91.477,91.176,91.187,1194
2026-08-20T15:50:00+00:00,91.187,91.268,91.151,91.191,846
2026-08-20T15:55:00+00:00,91.191,91.22800000000001,91.131,91.138,766
2026-08-20T16:00:00+00:00,91.138,91.196,90.968,91.09100000000001,1004
2026-08-20T16:05:00+00:00,91.09100000000001,91.32600000000001,91.041,91.282,816
2026-08-20T16:10:00+00:00,91.282,91.297,91.181,91.19800000000001,596
2026-08-20T16:15:00+00:00,91.19800000000001,91.248,91.108,91.148,512
2026-08-20T16:20:00+00:00,91.148,91.297,91.126,91.246,521
2026-08-20T16:25:00+00:00,91.246,91.263,91.022,91.028,574
2026-08-20T16:30:00+00:00,91.028,91.248,90.98700000000001,90.997,915
2026-08-20T16:35:00+00:00,90.997,91.06700000000001,90.991,91.027,594
2026-08-20T16:40:00+00:00,91.027,91.056,90.921,90.927,623
2026-08-20T16:45:00+00:00,90.927,90.97800000000001,90.767,90.786,631
2026-08-20T16:50:00+00:00,90.786,90.798,90.653,90.653,674
2026-08-20T16:55:00+00:00,90.653,90.678,90.546,90.602,553
2026-08-20T17:00:00+00:00,90.602,90.61800000000001,90.391,90.531,891
2026-08-20T17:05:00+00:00,90.531,90.778,90.498,90.726,936
2026-08-20T17:10:00+00:00,90.726,90.861,90.668,90.756,748
2026-08-20T17:15:00+00:00,90.756,90.903,90.682,90.901,715
2026-08-20T17:20:00+00:00,90.901,90.921,90.787,90.818,661
2026-08-20T17:25:00+00:00,90.818,90.931,90.816,90.916,514
2026-08-20T17:30:00+00:00,90.916,91.023,90.903,91.016,882
2026-08-20T17:35:00+00:00,91.016,91.098,90.95100000000001,91.017,707
2026-08-20T17:40:00+00:00,91.017,91.102,90.973,91.038,490
2026-08-20T17:45:00+00:00,91.038,91.133,91.027,91.127,668
2026-08-20T17:50:00+00:00,91.127,91.137,90.95100000000001,90.967,671
2026-08-20T17:55:00+00:00,90.967,91.018,90.906,90.931,561
2026-08-20T18:00:00+00:00,90.931,91.008,90.872,90.991,1114
2026-08-20T18:05:00+00:00,90.991,90.991,90.802,90.84700000000001,838
2026-08-20T18:10:00+00:00,90.84700000000001,90.968,90.84100000000001,90.933,654
2026-08-20T18:15:00+00:00,90.933,90.997,90.851,90.97800000000001,909
2026-08-20T18:20:00+00:00,90.97800000000001,91.058,90.901,90.967,1004
2026-08-20T18:25:00+00:00,90.967,91.453,90.953,91.412,2092
2026-08-20T18:30:00+00:00,91.412,91.443,91.196,91.256,1132
2026-08-20T18:35:00+00:00,91.256,91.433,91.246,91.367,726
2026-08-20T18:40:00+00:00,91.367,91.403,91.311,91.328,538
2026-08-20T18:45:00+00:00,91.328,91.377,91.286,91.348,500
2026-08-20T18:50:00+00:00,91.348,91.35300000000001,91.246,91.267,224
2026-08-20T18:55:00+00:00,91.267,91.328,91.241,91.267,321
2026-08-20T19:00:00+00:00,91.267,91.268,91.19800000000001,91.19800000000001,318
2026-08-20T19:05:00+00:00,91.19800000000001,91.248,91.171,91.19800000000001,261
2026-08-20T19:10:00+00:00,91.19800000000001,91.208,91.128,91.186,424
2026-08-20T19:15:00+00:00,91.186,91.218,91.122,91.186,273
2026-08-20T19:20:00+00:00,91.186,91.191,91.126,91.137,319
2026-08-20T19:25:00+00:00,91.137,91.157,91.078,91.141,267
2026-08-20T19:30:00+00:00,91.141,91.148,91.066,91.078,256
2026-08-20T19:35:00+00:00,91.078,91.108,90.97800000000001,90.98100000000001,275
2026-08-20T19:40:00+00:00,90.98100000000001,91.063,90.98100000000001,91.026,294
2026-08-20T19:45:00+00:00,91.026,91.077,91.018,91.066,288
2026-08-20T19:50:00+00:00,91.066,91.08800000000001,91.016,91.017,264
2026-08-20T19:55:00+00:00,91.017,91.058,90.998,91.026,471
2026-08-20T20:00:00+00:00,91.026,91.078,90.946,91.07300000000001,322
2026-08-20T20:05:00+00:00,91.07300000000001,91.07300000000001,90.98100000000001,90.997,367
2026-08-20T20:10:00+00:00,90.997,91.018,90.932,90.968,273
2026-08-20T20:15:00+00:00,90.968,90.97800000000001,90.941,90.947,178
2026-08-20T20:20:00+00:00,90.947,91.042,90.901,91.006,279
2026-08-20T20:25:00+00:00,91.006,91.107,91.006,91.011,371
2026-08-20T20:30:00+00:00,91.011,91.028,90.95100000000001,90.96300000000001,225
2026-08-20T20:35:00+00:00,90.96300000000001,90.971,90.936,90.947,188
2026-08-20T20:40:00+00:00,90.947,90.983,90.941,90.95700000000001,133
2026-08-20T20:45:00+00:00,90.95700000000001,90.968,90.936,90.95100000000001,131
2026-08-20T20:50:00+00:00,90.95100000000001,90.953,90.761,90.768,323
2026-08-20T20:55:00+00:00,90.768,90.768,90.703,90.74300000000001,412
2026-08-21T00:00:00+00:00,90.74300000000001,90.75900000000001,90.64200000000001,90.676,204.8808872683075
2026-08-21T00:05:00+00:00,90.676,90.802,90.66600000000001,90.73100000000001,432
2026-08-21T00:10:00+00:00,90.73100000000001,90.80600000000001,90.721,90.801,277
2026-08-21T00:15:00+00:00,90.801,90.802,90.667,90.70200000000001,281
2026-08-21T00:20:00+00:00,90.70200000000001,90.70200000000001,90.626,90.673,181
2026-08-21T00:25:00+00:00,90.673,90.748,90.62200000000001,90.73800000000001,293
2026-08-21T00:30:00+00:00,90.73800000000001,90.85100000000001,90.72600000000001,90.83800000000001,265
2026-08-21T00:35:00+00:00,90.83800000000001,90.858,90.763,90.837,175
2026-08-21T00:40:00+00:00,90.837,90.908,90.83600000000001,90.876,180
2026-08-21T00:45:00+00:00,90.876,90.923,90.873,90.906,145
2026-08-21T00:50:00+00:00,90.906,91.00300000000001,90.896,90.99600000000001,242
2026-08-21T00:55:00+00:00,90.99600000000001,91.01700000000001,90.926,90.94600000000001,342
2026-08-21T01:00:00+00:00,90.94600000000001,91.018,90.83600000000001,90.882,1262
2026-08-21T01:05:00+00:00,90.882,91.061,90.82600000000001,91.042,627
2026-08-21T01:10:00+00:00,91.042,91.23700000000001,91.037,91.236,444
2026-08-21T01:15:00+00:00,91.236,91.281,91.09700000000001,91.19800000000001,628
2026-08-21T01:20:00+00:00,91.19800000000001,91.248,91.096,91.21600000000001,705
2026-08-21T01:25:00+00:00,91.21600000000001,91.28200000000001,91.16600000000001,91.18700000000001,534
2026-08-21T01:30:00+00:00,91.18700000000001,91.21300000000001,91.11600000000001,91.173,467
2026-08-21T01:35:00+00:00,91.173,91.31800000000001,91.173,91.287,363
2026-08-21T01:40:00+00:00,91.287,91.433,91.262,91.42800000000001,544
2026-08-21T01:45:00+00:00,91.42800000000001,91.52600000000001,91.411,91.433,554
2026-08-21T01:50:00+00:00,91.433,91.492,91.22800000000001,91.233,422
2026-08-21T01:55:00+00:00,91.233,91.302,91.20200000000001,91.298,405
2026-08-21T02:00:00+00:00,91.298,91.358,91.266,91.32300000000001,674
2026-08-21T02:05:00+00:00,91.32300000000001,91.358,91.29700000000001,91.311,418
2026-08-21T02:10:00+00:00,91.311,91.34800000000001,91.236,91.343,465
2026-08-21T02:15:00+00:00,91.343,91.37700000000001,91.311,91.313,148
2026-08-21T02:20:00+00:00,91.313,91.32700000000001,91.24100000000001,91.248,250
2026-08-21T02:25:00+00:00,91.248,91.343,91.248,91.343,266
2026-08-21T02:30:00+00:00,91.343,91.36800000000001,91.191,91.251,609
2026-08-21T02:35:00+00:00,91.251,91.36800000000001,91.233,91.32700000000001,491
2026-08-21T02:40:00+00:00,91.32700000000001,91.37700000000001,91.22300000000001,91.22300000000001,591
2026-08-21T02:45:00+00:00,91.22300000000001,91.311,91.186,91.26700000000001,281
2026-08-21T02:50:00+00:00,91.26700000000001,91.33300000000001,91.176,91.221,414
2026-08-21T02:55:00+00:00,91.221,91.23800000000001,91.102,91.131,409
2026-08-21T03:00:00+00:00,91.131,91.158,91.028,91.15700000000001,297
2026-08-21T03:05:00+00:00,91.15700000000001,91.168,91.072,91.081,334
2026-08-21T03:10:00+00:00,91.081,91.158,91.036,91.043,303
2026-08-21T03:15:00+00:00,91.043,91.14800000000001,91.018,91.141,408
2026-08-21T03:20:00+00:00,91.141,91.141,91.07100000000001,91.10300000000001,317
2026-08-21T03:25:00+00:00,91.10300000000001,91.11600000000001,90.96100000000001,90.97800000000001,349
2026-08-21T03:30:00+00:00,90.97800000000001,91.09700000000001,90.971,91.093,165
2026-08-21T03:35:00+00:00,91.093,91.14200000000001,91.08600000000001,91.096,196
2026-08-21T03:40:00+00:00,91.096,91.152,91.096,91.138,127
2026-08-21T03:45:00+00:00,91.138,91.19800000000001,91.11300000000001,91.19600000000001,152
2026-08-21T03:50:00+00:00,91.19600000000001,91.20700000000001,91.141,91.15100000000001,129
2026-08-21T03:55:00+00:00,91.15100000000001,91.152,91.05600000000001,91.066,222
2026-08-21T04:00:00+00:00,91.066,91.108,90.99700000000001,91.02600000000001,184
2026-08-21T04:05:00+00:00,91.02600000000001,91.06700000000001,90.97200000000001,91.06700000000001,110
2026-08-21T04:10:00+00:00,91.06700000000001,91.093,91.057,91.072,90
2026-08-21T04:15:00+00:00,91.072,91.09100000000001,91.033,91.061,135
2026-08-21T04:20:00+00:00,91.061,91.108,91.061,91.07700000000001,102
2026-08-21T04:25:00+00:00,91.07700000000001,91.123,91.066,91.111,89
2026-08-21T04:30:00+00:00,91.111,91.132,91.096,91.108,94
2026-08-21T04:35:00+00:00,91.108,91.138,91.09800000000001,91.12700000000001,82
2026-08-21T04:40:00+00:00,91.12700000000001,91.137,91.051,91.051,116
2026-08-21T04:45:00+00:00,91.051,91.06700000000001,91.04100000000001,91.042,81
2026-08-21T04:50:00+00:00,91.042,91.043,90.936,90.947,102
2026-08-21T04:55:00+00:00,90.947,90.96300000000001,90.81700000000001,90.82100000000001,162
2026-08-21T05:00:00+00:00,90.82100000000001,90.83200000000001,90.736,90.76700000000001,208
2026-08-21T05:05:00+00:00,90.76700000000001,90.787,90.70100000000001,90.786,140
2026-08-21T05:10:00+00:00,90.786,90.808,90.74700000000001,90.807,171
2026-08-21T05:15:00+00:00,90.807,90.893,90.80600000000001,90.867,245
2026-08-21T05:20:00+00:00,90.867,90.908,90.82600000000001,90.887,176
2026-08-21T05:25:00+00:00,90.887,91.048,90.887,91.046,207
2026-08-21T05:30:00+00:00,91.046,91.096,90.93700000000001,90.998,638
2026-08-21T05:35:00+00:00,90.998,91.007,90.90700000000001,90.912,444
2026-08-21T05:40:00+00:00,90.912,91.03800000000001,90.887,91.012,406
2026-08-21T05:45:00+00:00,91.012,91.061,90.902,91.058,306
2026-08-21T05:50:00+00:00,91.058,91.063,90.808,90.822,376
2026-08-21T05:55:00+00:00,90.822,90.83300000000001,90.70700000000001,90.76700000000001,424
2026-08-21T06:00:00+00:00,90.76700000000001,90.85700000000001,90.68700000000001,90.831,650
2026-08-21T06:05:00+00:00,90.831,90.893,90.74600000000001,90.828,537
2026-08-21T06:10:00+00:00,90.828,90.94300000000001,90.73700000000001,90.796,440
2026-08-21T06:15:00+00:00,90.796,90.858,90.74600000000001,90.816,401
2026-08-21T06:20:00+00:00,90.816,90.918,90.808,90.88600000000001,336
2026-08-21T06:25:00+00:00,90.88600000000001,91.058,90.88600000000001,90.99100000000001,325
2026-08-21T06:30:00+00:00,90.99100000000001,91.058,90.888,90.94200000000001,416
2026-08-21T06:35:00+00:00,90.94200000000001,91.00800000000001,90.906,90.95700000000001,304
2026-08-21T06:40:00+00:00,90.95700000000001,91.036,90.911,91.006,340
2026-08-21T06:45:00+00:00,91.006,91.02300000000001,90.876,90.986,520
2026-08-21T06:50:00+00:00,90.986,91.108,90.956,91.02600000000001,587
2026-08-21T06:55:00+00:00,91.02600000000001,91.028,90.87700000000001,90.923,443
2026-08-21T07:00:00+00:00,90.923,91.03800000000001,90.70100000000001,90.727,964
2026-08-21T07:05:00+00:00,90.727,91.02300000000001,90.69300000000001,90.99300000000001,750
2026-08-21T07:10:00+00:00,90.99300000000001,91.08300000000001,90.768,90.772,797
2026-08-21T07:15:00+00:00,90.772,90.97800000000001,90.756,90.926,673
2026-08-21T07:20:00+00:00,90.926,90.97300000000001,90.808,90.85600000000001,613
2026-08-21T07:25:00+00:00,90.85600000000001,91.078,90.85600000000001,91.078,512
2026-08-21T07:30:00+00:00,91.078,91.09800000000001,90.896,90.94600000000001,683
2026-08-21T07:35:00+00:00,90.94600000000001,91.10300000000001,90.93100000000001,90.99700000000001,684
2026-08-21T07:40:00+00:00,90.99700000000001,91.09800000000001,90.906,91.09700000000001,710
2026-08-21T07:45:00+00:00,91.09700000000001,91.09700000000001,90.77600000000001,90.843,650
2026-08-21T07:50:00+00:00,90.843,90.998,90.828,90.998,507
2026-08-21T07:55:00+00:00,90.998,91.137,90.986,91.036,670
2026-08-21T08:00:00+00:00,91.036,91.33800000000001,91.007,91.20800000000001,1612
2026-08-21T08:05:00+00:00,91.20800000000001,91.41300000000001,91.152,91.233,999
2026-08-21T08:10:00+00:00,91.233,91.233,91.013,91.052,1039
2026-08-21T08:15:00+00:00,91.052,91.138,90.81800000000001,90.84700000000001,1014
2026-08-21T08:20:00+00:00,90.84700000000001,90.99300000000001,90.777,90.777,1408
2026-08-21T08:25:00+00:00,90.777,90.822,90.62200000000001,90.742,2281
2026-08-21T08:30:00+00:00,90.742,90.992,90.686,90.926,1226
2026-08-21T08:35:00+00:00,90.926,90.926,90.668,90.813,476
2026-08-21T08:40:00+00:00,90.813,90.843,90.57100000000001,90.736,590
2026-08-21T08:45:00+00:00,90.736,90.79700000000001,90.626,90.65700000000001,733
2026-08-21T08:50:00+00:00,90.65700000000001,90.668,90.512,90.60700000000001,493
2026-08-21T08:55:00+00:00,90.60700000000001,90.638,90.44600000000001,90.46700000000001,410
2026-08-21T09:00:00+00:00,90.46700000000001,90.50800000000001,90.286,90.31800000000001,552
2026-08-21T09:05:00+00:00,90.31800000000001,90.498,90.31800000000001,90.388,565
2026-08-21T09:10:00+00:00,90.388,90.62700000000001,90.388,90.587,479
2026-08-21T09:15:00+00:00,90.587,90.69300000000001,90.55600000000001,90.647,505
2026-08-21T09:20:00+00:00,90.647,90.721,90.60600000000001,90.69600000000001,441
2026-08-21T09:25:00+00:00,90.69600000000001,90.74300000000001,90.631,90.706,488
2026-08-21T09:30:00+00:00,90.706,90.792,90.507,90.792,874
2026-08-21T09:35:00+00:00,90.792,90.91300000000001,90.74600000000001,90.751,541
2026-08-21T09:40:00+00:00,90.751,90.843,90.71700000000001,90.80600000000001,556
2026-08-21T09:45:00+00:00,90.80600000000001,90.897,90.796,90.88600000000001,466
2026-08-21T09:50:00+00:00,90.88600000000001,91.07100000000001,90.846,90.986,542
2026-08-21T09:55:00+00:00,90.986,91.028,90.85700000000001,91.02600000000001,417
2026-08-21T10:00:00+00:00,91.02600000000001,91.382,91.02600000000001,91.37700000000001,1027
2026-08-21T10:05:00+00:00,91.37700000000001,91.75300000000001,91.33200000000001,91.527,1279
2026-08-21T10:10:00+00:00,91.527,91.861,91.527,91.688,1097
2026-08-21T10:15:00+00:00,91.688,91.71600000000001,91.447,91.608,701
2026-08-21T10:20:00+00:00,91.608,91.71300000000001,91.396,91.408,526
2026-08-21T10:25:00+00:00,91.408,91.408,90.998,90.998,800
2026-08-21T10:30:00+00:00,90.998,91.25800000000001,90.992,91.22800000000001,738
2026-08-21T10:35:00+00:00,91.22800000000001,91.23800000000001,91.06800000000001,91.21600000000001,468
2026-08-21T10:40:00+00:00,91.21600000000001,91.248,91.138,91.22600000000001,382
2026-08-21T10:45:00+00:00,91.22600000000001,91.39800000000001,91.167,91.367,590
2026-08-21T10:50:00+00:00,91.367,91.44800000000001,91.34100000000001,91.36600000000001,584
2026-08-21T10:55:00+00:00,91.36600000000001,91.528,91.35600000000001,91.412,473
2026-08-21T11:00:00+00:00,91.412,91.55600000000001,91.388,91.50200000000001,680
2026-08-21T11:05:00+00:00,91.50200000000001,91.61200000000001,91.47800000000001,91.61200000000001,436
2026-08-21T11:10:00+00:00,91.61200000000001,91.61300000000001,91.49600000000001,91.60600000000001,385
2026-08-21T11:15:00+00:00,91.60600000000001,91.67200000000001,91.53800000000001,91.587,445
2026-08-21T11:20:00+00:00,91.587,91.587,90.923,91.012,1519
2026-08-21T11:25:00+00:00,91.012,91.14200000000001,90.82600000000001,90.908,1826
2026-08-21T11:30:00+00:00,90.908,90.99700000000001,90.786,90.808,1219
2026-08-21T11:35:00+00:00,90.808,90.88600000000001,90.566,90.77600000000001,1168
2026-08-21T11:40:00+00:00,90.77600000000001,91.021,90.77600000000001,90.92800000000001,715
2026-08-21T11:45:00+00:00,90.92800000000001,91.11800000000001,90.88600000000001,91.11800000000001,378
2026-08-21T11:50:00+00:00,91.11800000000001,91.35700000000001,91.11300000000001,91.31700000000001,650
2026-08-21T11:55:00+00:00,91.31700000000001,91.48800000000001,91.307,91.46700000000001,599
2026-08-21T12:00:00+00:00,91.46700000000001,91.57700000000001,91.436,91.49700000000001,697
2026-08-21T12:05:00+00:00,91.49700000000001,91.518,91.35300000000001,91.44600000000001,772
2026-08-21T12:10:00+00:00,91.44600000000001,91.70800000000001,91.438,91.70100000000001,924
2026-08-21T12:15:00+00:00,91.70100000000001,91.72300000000001,91.596,91.647,695
2026-08-21T12:20:00+00:00,91.647,91.956,91.647,91.822,823
2026-08-21T12:25:00+00:00,91.822,91.858,91.62200000000001,91.658,767
2026-08-21T12:30:00+00:00,91.658,91.67800000000001,91.506,91.512,556
2026-08-21T12:35:00+00:00,91.512,91.596,91.47600000000001,91.512,577
2026-08-21T12:40:00+00:00,91.512,91.59200000000001,91.39800000000001,91.438,754
2026-08-21T12:45:00+00:00,91.438,91.676,91.421,91.57300000000001,968
2026-08-21T12:50:00+00:00,91.57300000000001,91.75200000000001,91.57300000000001,91.676,653
2026-08-21T12:55:00+00:00,91.676,91.676,91.47600000000001,91.486,529
2026-08-21T13:00:00+00:00,91.486,91.48800000000001,91.19300000000001,91.278,1406
2026-08-21T13:05:00+00:00,91.278,91.578,91.256,91.438,1245
2026-08-21T13:10:00+00:00,91.438,91.50800000000001,91.35600000000001,91.50800000000001,882
2026-08-21T13:15:00+00:00,91.50800000000001,91.86600000000001,91.41300000000001,91.578,1132
2026-08-21T13:20:00+00:00,91.578,91.83200000000001,91.486,91.807,1232
2026-08-21T13:25:00+00:00,91.807,91.807,91.56700000000001,91.641,1093
2026-08-21T13:30:00+00:00,91.641,91.798,91.462,91.647,1747
2026-08-21T13:35:00+00:00,91.647,91.82300000000001,91.47600000000001,91.506,1290
2026-08-21T13:40:00+00:00,91.506,91.637,91.45100000000001,91.47200000000001,1002
2026-08-21T13:45:00+00:00,91.47200000000001,91.501,91.28200000000001,91.298,1179
2026-08-21T13:50:00+00:00,91.298,91.358,91.233,91.331,943
2026-08-21T13:55:00+00:00,91.331,91.331,91.20100000000001,91.236,955
2026-08-21T14:00:00+00:00,91.236,91.286,91.08600000000001,91.158,1158
2026-08-21T14:05:00+00:00,91.158,91.308,91.137,91.242,1102
2026-08-21T14:10:00+00:00,91.242,91.43700000000001,91.22600000000001,91.436,1073
2026-08-21T14:15:00+00:00,91.436,91.483,91.072,91.182,1152
2026-08-21T14:20:00+00:00,91.182,91.36300000000001,91.177,91.266,899
2026-08-21T14:25:00+00:00,91.266,91.316,91.14800000000001,91.197,848
2026-08-21T14:30:00+00:00,91.197,91.62700000000001,91.16600000000001,91.626,1104
2026-08-21T14:35:00+00:00,91.626,91.62800000000001,91.221,91.376,1098
2026-08-21T14:40:00+00:00,91.376,91.37800000000001,91.18100000000001,91.286,783
2026-08-21T14:45:00+00:00,91.286,91.418,91.286,91.388,740
2026-08-21T14:50:00+00:00,91.388,91.558,91.266,91.438,1112
2026-08-21T14:55:00+00:00,91.438,91.57100000000001,91.406,91.438,830
2026-08-21T15:00:00+00:00,91.438,91.516,91.206,91.283,1312
2026-08-21T15:05:00+00:00,91.283,91.292,91.08600000000001,91.23800000000001,1299
2026-08-21T15:10:00+00:00,91.23800000000001,91.62100000000001,91.206,91.551,1364
2026-08-21T15:15:00+00:00,91.551,91.748,91.427,91.748,1027
2026-08-21T15:20:00+00:00,91.748,91.778,91.58600000000001,91.58600000000001,1088
2026-08-21T15:25:00+00:00,91.58600000000001,91.667,91.37700000000001,91.412,1727
2026-08-21T15:30:00+00:00,91.412,91.67800000000001,91.33800000000001,91.646,1224
2026-08-21T15:35:00+00:00,91.646,91.87800000000001,91.581,91.80300000000001,1029
2026-08-21T15:40:00+00:00,91.80300000000001,91.99700000000001,91.80300000000001,91.852,1195
2026-08-21T15:45:00+00:00,91.852,91.87800000000001,91.64200000000001,91.69600000000001,869
2026-08-21T15:50:00+00:00,91.69600000000001,91.87800000000001,91.656,91.703,844
2026-08-21T15:55:00+00:00,91.703,91.873,91.683,91.801,723
2026-08-21T16:00:00+00:00,91.801,91.927,91.75200000000001,91.83200000000001,920
2026-08-21T16:05:00+00:00,91.83200000000001,91.99100000000001,91.82700000000001,91.846,862
2026-08-21T16:10:00+00:00,91.846,91.87800000000001,91.74700000000001,91.807,845
2026-08-21T16:15:00+00:00,91.807,91.837,91.72300000000001,91.766,665
2026-08-21T16:20:00+00:00,91.766,91.861,91.358,91.50300000000001,1899
2026-08-21T16:25:00+00:00,91.50300000000001,91.557,91.417,91.521,931
2026-08-21T16:30:00+00:00,91.521,91.558,91.43700000000001,91.507,656
2026-08-21T16:35:00+00:00,91.507,91.74700000000001,91.486,91.74700000000001,635
2026-08-21T16:40:00+00:00,91.74700000000001,91.84800000000001,91.727,91.74300000000001,678
2026-08-21T16:45:00+00:00,91.74300000000001,91.83300000000001,91.646,91.647,451
2026-08-21T16:50:00+00:00,91.647,91.73800000000001,91.566,91.72600000000001,515
2026-08-21T16:55:00+00:00,91.72600000000001,91.79700000000001,91.712,91.79700000000001,490
2026-08-21T17:00:00+00:00,91.79700000000001,91.938,91.781,91.808,629
2026-08-21T17:05:00+00:00,91.808,92.03200000000001,91.792,91.99300000000001,615
2026-08-21T17:10:00+00:00,91.99300000000001,92.18700000000001,91.941,92.08800000000001,737
2026-08-21T17:15:00+00:00,92.08800000000001,92.17800000000001,92.051,92.11800000000001,537
2026-08-21T17:20:00+00:00,92.11800000000001,92.14800000000001,91.96100000000001,92.13600000000001,640
2026-08-21T17:25:00+00:00,92.13600000000001,92.22300000000001,92.09100000000001,92.19200000000001,520
2026-08-21T17:30:00+00:00,92.19200000000001,92.36300000000001,92.171,92.19600000000001,772
2026-08-21T17:35:00+00:00,92.19600000000001,92.22800000000001,92.051,92.17200000000001,643
2026-08-21T17:40:00+00:00,92.17200000000001,92.21700000000001,92.02600000000001,92.02600000000001,774
2026-08-21T17:45:00+00:00,92.02600000000001,92.12700000000001,91.99700000000001,92.057,587
2026-08-21T17:50:00+00:00,92.057,92.117,92.006,92.11300000000001,666
2026-08-21T17:55:00+00:00,92.11300000000001,92.218,92.11300000000001,92.171,588
2026-08-21T18:00:00+00:00,92.171,92.176,91.94600000000001,91.98200000000001,905
2026-08-21T18:05:00+00:00,91.98200000000001,92.00300000000001,91.82700000000001,91.881,742
2026-08-21T18:10:00+00:00,91.881,92.04700000000001,91.846,91.927,679
2026-08-21T18:15:00+00:00,91.927,92.158,91.921,92.117,720
2026-08-21T18:20:00+00:00,92.117,92.168,92.05600000000001,92.05600000000001,773
2026-08-21T18:25:00+00:00,92.05600000000001,92.14800000000001,91.813,91.927,1937
2026-08-21T18:30:00+00:00,91.927,91.97800000000001,91.811,91.86300000000001,710
2026-08-21T18:35:00+00:00,91.86300000000001,91.923,91.772,91.78800000000001,462
2026-08-21T18:40:00+00:00,91.78800000000001,91.78800000000001,91.72600000000001,91.756,241
2026-08-21T18:45:00+00:00,91.756,91.766,91.69600000000001,91.70800000000001,328
2026-08-21T18:50:00+00:00,91.70800000000001,91.897,91.70800000000001,91.798,331
2026-08-21T18:55:00+00:00,91.798,91.83800000000001,91.756,91.778,344
2026-08-21T19:00:00+00:00,91.778,91.778,91.58600000000001,91.61800000000001,373
2026-08-21T19:05:00+00:00,91.61800000000001,91.638,91.581,91.58200000000001,208
2026-08-21T19:10:00+00:00,91.58200000000001,91.59800000000001,91.52600000000001,91.58600000000001,228
2026-08-21T19:15:00+00:00,91.58600000000001,91.70700000000001,91.58600000000001,91.647,289
2026-08-21T19:20:00+00:00,91.647,91.647,91.55600000000001,91.59800000000001,205
2026-08-21T19:25:00+00:00,91.59800000000001,91.646,91.57600000000001,91.59700000000001,173
2026-08-21T19:30:00+00:00,91.59700000000001,91.63300000000001,91.57100000000001,91.62700000000001,148
2026-08-21T19:35:00+00:00,91.62700000000001,91.68700000000001,91.521,91.546,243
2026-08-21T19:40:00+00:00,91.546,91.578,91.48800000000001,91.561,201
2026-08-21T19:45:00+00:00,91.561,91.638,91.521,91.527,259
2026-08-21T19:50:00+00:00,91.527,91.58300000000001,91.486,91.49100000000001,248
2026-08-21T19:55:00+00:00,91.49100000000001,91.498,91.40100000000001,91.426,330
2026-08-21T20:00:00+00:00,91.426,91.46100000000001,91.39200000000001,91.45700000000001,239
2026-08-21T20:05:00+00:00,91.45700000000001,91.50800000000001,91.436,91.46600000000001,195
2026-08-21T20:10:00+00:00,91.46600000000001,91.516,91.456,91.456,131
2026-08-21T20:15:00+00:00,91.456,91.48100000000001,91.427,91.477,162
2026-08-21T20:20:00+00:00,91.477,91.652,91.46600000000001,91.58600000000001,289
2026-08-21T20:25:00+00:00,91.58600000000001,91.667,91.58600000000001,91.63600000000001,245
2026-08-21T20:30:00+00:00,91.63600000000001,91.63600000000001,91.54100000000001,91.56200000000001,203
2026-08-21T20:35:00+00:00,91.56200000000001,91.61200000000001,91.536,91.56700000000001,164
2026-08-21T20:40:00+00:00,91.56700000000001,91.61800000000001,91.522,91.61200000000001,188
2026-08-24T00:00:00+00:00,94.045,94.045,93.269,93.291,120
2026-08-24T00:05:00+00:00,93.291,93.521,93.286,93.414,424
2026-08-24T00:10:00+00:00,93.414,93.449,93.34,93.434,289
2026-08-24T00:15:00+00:00,93.434,93.436,93.294,93.316,298
2026-08-24T00:20:00+00:00,93.316,93.374,93.224,93.224,238
2026-08-24T00:25:00+00:00,93.224,93.281,93.185,93.221,225
2026-08-24T00:30:00+00:00,93.221,93.241,93.135,93.146,282
2026-08-24T00:35:00+00:00,93.146,93.21,93.045,93.076,335
2026-08-24T00:40:00+00:00,93.076,93.076,92.88,92.896,373
2026-08-24T00:45:00+00:00,92.896,93.116,92.889,93.091,455
2026-08-24T00:50:00+00:00,93.091,93.116,93.049,93.071,280
2026-08-24T00:55:00+00:00,93.071,93.116,93.02,93.109,368
2026-08-24T01:00:00+00:00,93.109,93.109,92.496,92.631,2662
2026-08-24T01:05:00+00:00,92.631,92.731,92.501,92.504,1238
2026-08-24T01:10:00+00:00,92.504,92.675,92.499,92.575,944
2026-08-24T01:15:00+00:00,92.575,92.606,92.245,92.315,1086
2026-08-24T01:20:00+00:00,92.315,92.356,92.085,92.085,1035
2026-08-24T01:25:00+00:00,92.085,92.361,92.016,92.361,990
2026-08-24T01:30:00+00:00,92.361,92.61,92.301,92.585,1052
2026-08-24T01:35:00+00:00,92.585,92.616,92.504,92.564,649
2026-08-24T01:40:00+00:00,92.564,92.699,92.514,92.525,765
2026-08-24T01:45:00+00:00,92.525,92.634,92.47,92.564,538
2026-08-24T01:50:00+00:00,92.564,92.689,92.564,92.656,618
2026-08-24T01:55:00+00:00,92.656,92.686,92.594,92.624,740
2026-08-24T02:00:00+00:00,92.624,92.624,92.464,92.54,610
2026-08-24T02:05:00+00:00,92.54,92.686,92.54,92.676,543
2026-08-24T02:10:00+00:00,92.676,92.751,92.619,92.645,523
2026-08-24T02:15:00+00:00,92.645,92.675,92.621,92.656,189
2026-08-24T02:20:00+00:00,92.656,92.795,92.646,92.795,229
2026-08-24T02:25:00+00:00,92.795,92.829,92.789,92.829,173
2026-08-24T02:30:00+00:00,92.829,93.066,92.829,93.02,962
2026-08-24T02:35:00+00:00,93.02,93.076,92.909,92.935,802
2026-08-24T02:40:00+00:00,92.935,92.965,92.87,92.925,448
2026-08-24T02:45:00+00:00,92.925,92.951,92.791,92.855,433
2026-08-24T02:50:00+00:00,92.855,92.996,92.809,92.986,591
2026-08-24T02:55:00+00:00,92.986,93.1,92.939,93.064,474
2026-08-24T03:00:00+00:00,93.064,93.164,93.046,93.151,509
2026-08-24T03:05:00+00:00,93.151,93.215,93.059,93.071,477
2026-08-24T03:10:00+00:00,93.071,93.14,93.024,93.045,439
2026-08-24T03:15:00+00:00,93.045,93.146,93.044,93.121,424
2026-08-24T03:20:00+00:00,93.121,93.196,93.065,93.12,396
2026-08-24T03:25:00+00:00,93.12,93.154,93.091,93.135,426
2026-08-24T03:30:00+00:00,93.135,93.196,93.115,93.135,270
2026-08-24T03:35:00+00:00,93.135,93.165,93.111,93.121,181
2026-08-24T03:40:00+00:00,93.121,93.156,93.109,93.129,251
2026-08-24T03:45:00+00:00,93.129,93.129,93.035,93.069,164
2026-08-24T03:50:00+00:00,93.069,93.085,92.98,93.006,164
2026-08-24T03:55:00+00:00,93.006,93.046,92.989,93.025,175
2026-08-24T04:00:00+00:00,93.025,93.161,93.004,93.116,260
2026-08-24T04:05:00+00:00,93.116,93.136,93.075,93.075,168
2026-08-24T04:10:00+00:00,93.075,93.075,92.994,92.994,199
2026-08-24T04:15:00+00:00,92.994,93.026,92.989,93.016,264
2026-08-24T04:20:00+00:00,93.016,93.045,92.99,93.014,160
2026-08-24T04:25:00+00:00,93.014,93.046,92.956,93.036,317
2026-08-24T04:30:00+00:00,93.036,93.045,92.98,93.035,158
2026-08-24T04:35:00+00:00,93.035,93.121,92.954,93.115,284
2026-08-24T04:40:00+00:00,93.115,93.124,93.015,93.046,194
2026-08-24T04:45:00+00:00,93.046,93.191,93.036,93.165,222
2026-08-24T04:50:00+00:00,93.165,93.201,93.074,93.076,224
2026-08-24T04:55:00+00:00,93.076,93.096,93.031,93.045,150
2026-08-24T05:00:00+00:00,93.045,93.12,93.004,93.064,232
2026-08-24T05:05:00+00:00,93.064,93.069,93.025,93.03,169
2026-08-24T05:10:00+00:00,93.03,93.1,93.024,93.096,136
2026-08-24T05:15:00+00:00,93.096,93.096,93.024,93.051,134
2026-08-24T05:20:00+00:00,93.051,93.07,92.941,93.004,181
2026-08-24T05:25:00+00:00,93.004,93.021,92.956,92.999,167
2026-08-24T05:30:00+00:00,92.999,93.111,92.889,93.024,927
2026-08-24T05:35:00+00:00,93.024,93.061,92.954,93.035,796
2026-08-24T05:40:00+00:00,93.035,93.219,92.974,93.219,608
2026-08-24T05:45:00+00:00,93.219,93.24,93.071,93.115,470
2026-08-24T05:50:00+00:00,93.115,93.175,93.089,93.151,396
2026-08-24T05:55:00+00:00,93.151,93.219,93.005,93.049,612
2026-08-24T06:00:00+00:00,93.049,93.131,92.939,92.941,713
2026-08-24T06:05:00+00:00,92.941,92.996,92.785,92.929,712
2026-08-24T06:10:00+00:00,92.929,92.929,92.749,92.756,666
2026-08-24T06:15:00+00:00,92.756,92.834,92.67,92.811,654
2026-08-24T06:20:00+00:00,92.811,92.854,92.754,92.765,473
2026-08-24T06:25:00+00:00,92.765,92.931,92.754,92.92,475
2026-08-24T06:30:00+00:00,92.92,92.955,92.709,92.769,513
2026-08-24T06:35:00+00:00,92.769,92.786,92.685,92.711,441
2026-08-24T06:40:00+00:00,92.711,92.786,92.639,92.75,511
2026-08-24T06:45:00+00:00,92.75,92.965,92.75,92.876,656
2026-08-24T06:50:00+00:00,92.876,92.876,92.721,92.744,660
2026-08-24T06:55:00+00:00,92.744,92.82,92.675,92.69,462
2026-08-24T07:00:00+00:00,92.69,92.831,92.619,92.721,1018
2026-08-24T07:05:00+00:00,92.721,92.766,92.589,92.6,607
2026-08-24T07:10:00+00:00,92.6,92.751,92.581,92.751,497
2026-08-24T07:15:00+00:00,92.751,92.835,92.674,92.751,684
2026-08-24T07:20:00+00:00,92.751,92.806,92.699,92.761,491
2026-08-24T07:25:00+00:00,92.761,92.951,92.72,92.889,643
2026-08-24T07:30:00+00:00,92.889,92.941,92.649,92.704,853
2026-08-24T07:35:00+00:00,92.704,92.91,92.605,92.859,686
2026-08-24T07:40:00+00:00,92.859,93.256,92.854,93.089,1069
2026-08-24T07:45:00+00:00,93.089,93.291,93.009,93.24,977
2026-08-24T07:50:00+00:00,93.24,93.244,93.006,93.121,1068
2026-08-24T07:55:00+00:00,93.121,93.294,93.119,93.289,721
2026-08-24T08:00:00+00:00,93.289,93.289,92.985,93.059,830
2026-08-24T08:05:00+00:00,93.059,93.384,93.059,93.326,961
2026-08-24T08:10:00+00:00,93.326,93.471,93.069,93.201,1157
2026-08-24T08:15:00+00:00,93.201,93.37,93.099,93.156,746
2026-08-24T08:20:00+00:00,93.156,93.411,93.154,93.334,867
2026-08-24T08:25:00+00:00,93.334,93.519,93.235,93.319,1891
2026-08-24T08:30:00+00:00,93.319,93.341,93.114,93.245,903
2026-08-24T08:35:00+00:00,93.245,93.261,93.104,93.106,557
2026-08-24T08:40:00+00:00,93.106,93.116,92.836,92.921,551
2026-08-24T08:45:00+00:00,92.921,93.091,92.77,92.824,1053
2026-08-24T08:50:00+00:00,92.824,92.861,92.511,92.515,822
2026-08-24T08:55:00+00:00,92.515,92.784,92.419,92.781,971
2026-08-24T09:00:00+00:00,92.781,92.821,92.575,92.739,955
2026-08-24T09:05:00+00:00,92.739,92.776,92.649,92.72,526
2026-08-24T09:10:00+00:00,92.72,92.91,92.72,92.881,594
2026-08-24T09:15:00+00:00,92.881,93.201,92.859,93.181,621
2026-08-24T09:20:00+00:00,93.181,93.191,93.044,93.149,666
2026-08-24T09:25:00+00:00,93.149,93.201,93.061,93.116,588
2026-08-24T09:30:00+00:00,93.116,93.13,93.004,93.006,678
2026-08-24T09:35:00+00:00,93.006,93.031,92.839,92.86,521
2026-08-24T09:40:00+00:00,92.86,93.05,92.839,93.05,553
2026-08-24T09:45:00+00:00,93.05,93.05,92.751,92.859,618
2026-08-24T09:50:00+00:00,92.859,92.934,92.82,92.829,564
2026-08-24T09:55:00+00:00,92.829,92.871,92.7,92.87,732
2026-08-24T10:00:00+00:00,92.87,92.936,92.749,92.805,766
2026-08-24T10:05:00+00:00,92.805,92.824,92.66,92.72,540
2026-08-24T10:10:00+00:00,92.72,92.826,92.699,92.795,487
2026-08-24T10:15:00+00:00,92.795,92.815,92.714,92.761,400
2026-08-24T10:20:00+00:00,92.761,92.816,92.639,92.746,641
2026-08-24T10:25:00+00:00,92.746,92.831,92.645,92.701,482
2026-08-24T10:30:00+00:00,92.701,92.729,92.599,92.639,565
2026-08-24T10:35:00+00:00,92.639,92.721,92.639,92.664,450
2026-08-24T10:40:00+00:00,92.664,92.921,92.619,92.914,486
2026-08-24T10:45:00+00:00,92.914,92.999,92.899,92.931,619
2026-08-24T10:50:00+00:00,92.931,92.971,92.846,92.915,548
2026-08-24T10:55:00+00:00,92.915,93.031,92.835,93.004,627
2026-08-24T11:00:00+00:00,93.004,93.066,92.81,92.904,626
2026-08-24T11:05:00+00:00,92.904,92.915,92.834,92.904,399
2026-08-24T11:10:00+00:00,92.904,92.936,92.876,92.9,351
2026-08-24T11:15:00+00:00,92.9,93.046,92.865,93.041,471
2026-08-24T11:20:00+00:00,93.041,93.145,93.009,93.129,410
2026-08-24T11:25:00+00:00,93.129,93.236,93.1,93.174,497
2026-08-24T11:30:00+00:00,93.174,93.271,92.949,93.029,636
2026-08-24T11:35:00+00:00,93.029,93.051,92.835,92.904,843
2026-08-24T11:40:00+00:00,92.904,92.961,92.754,92.901,679
2026-08-24T11:45:00+00:00,92.901,92.941,92.795,92.915,451
2026-08-24T11:50:00+00:00,92.915,93.055,92.915,92.994,463
2026-08-24T11:55:00+00:00,92.994,93.041,92.959,92.981,466
2026-08-24T12:00:00+00:00,92.981,93.016,92.924,92.949,566
2026-08-24T12:05:00+00:00,92.949,92.981,92.859,92.98,537
2026-08-24T12:10:00+00:00,92.98,93.111,92.894,93.111,883
2026-08-24T12:15:00+00:00,93.111,93.155,93.034,93.109,606
2026-08-24T12:20:00+00:00,93.109,93.191,92.986,92.999,691
2026-08-24T12:25:00+00:00,92.999,93.06,92.869,93.034,796
2026-08-24T12:30:00+00:00,93.034,93.736,92.94,93.094,2011
2026-08-24T12:35:00+00:00,93.094,93.151,92.991,93.076,1246
2026-08-24T12:40:00+00:00,93.076,93.171,92.604,93.161,1480
2026-08-24T12:45:00+00:00,93.161,93.185,93.019,93.101,1049
2026-08-24T12:50:00+00:00,93.101,93.141,93.039,93.09,725
2026-08-24T12:55:00+00:00,93.09,93.261,93.039,93.09,1024
2026-08-24T13:00:00+00:00,93.09,93.261,92.989,93.185,2152
2026-08-24T13:05:00+00:00,93.185,93.451,93.179,93.301,1411
2026-08-24T13:10:00+00:00,93.301,93.371,93.099,93.22,1062
2026-08-24T13:15:00+00:00,93.22,93.456,93.22,93.455,1120
2026-08-24T13:20:00+00:00,93.455,93.491,93.22,93.339,1405
2026-08-24T13:25:00+00:00,93.339,93.625,93.194,93.58,1381
2026-08-24T13:30:00+00:00,93.58,93.72,93.394,93.394,1566
2026-08-24T13:35:00+00:00,93.394,93.566,93.319,93.409,1252
2026-08-24T13:40:00+00:00,93.409,93.451,93.2,93.29,1162
2026-08-24T13:45:00+00:00,93.29,93.36,93.059,93.32,1221
2026-08-24T13:50:00+00:00,93.32,93.411,92.904,93.001,1501
2026-08-24T13:55:00+00:00,93.001,93.216,92.936,92.966,1315
2026-08-24T14:00:00+00:00,92.966,93.154,92.886,93.049,1187
2026-08-24T14:05:00+00:00,93.049,93.071,92.869,92.91,825
2026-08-24T14:10:00+00:00,92.91,92.98,92.9,92.94,645
2026-08-24T14:15:00+00:00,92.94,92.951,92.689,92.791,897
2026-08-24T14:20:00+00:00,92.791,92.834,92.574,92.679,1117
2026-08-24T14:25:00+00:00,92.679,92.731,92.274,92.451,1339
2026-08-24T14:30:00+00:00,92.451,92.686,92.439,92.651,1353
2026-08-24T14:35:00+00:00,92.651,92.685,92.551,92.596,866
2026-08-24T14:40:00+00:00,92.596,92.825,92.554,92.764,1045
2026-08-24T14:45:00+00:00,92.764,92.771,92.576,92.596,992
2026-08-24T14:50:00+00:00,92.596,92.641,92.359,92.411,1157
2026-08-24T14:55:00+00:00,92.411,92.574,92.329,92.559,1287
2026-08-24T15:00:00+00:00,92.559,92.741,92.539,92.689,1302
2026-08-24T15:05:00+00:00,92.689,92.689,92.429,92.571,1479
2026-08-24T15:10:00+00:00,92.571,92.689,92.54,92.615,1187
2026-08-24T15:15:00+00:00,92.615,92.676,92.559,92.631,989
2026-08-24T15:20:00+00:00,92.631,92.756,92.609,92.704,1178
2026-08-24T15:25:00+00:00,92.704,92.741,92.064,92.066,2562
2026-08-24T15:30:00+00:00,92.066,92.286,91.995,92.189,1655
2026-08-24T15:35:00+00:00,92.189,92.286,92.074,92.284,1003
2026-08-24T15:40:00+00:00,92.284,92.421,92.249,92.374,856
2026-08-24T15:45:00+00:00,92.374,92.42,92.304,92.331,803
2026-08-24T15:50:00+00:00,92.331,92.441,92.294,92.381,719
2026-08-24T15:55:00+00:00,92.381,92.401,92.264,92.369,612
2026-08-24T16:00:00+00:00,92.369,92.45,92.291,92.405,766
2026-08-24T16:05:00+00:00,92.405,92.441,92.284,92.43,711
2026-08-24T16:10:00+00:00,92.43,92.485,92.306,92.466,586
2026-08-24T16:15:00+00:00,92.466,92.651,92.459,92.651,937
2026-08-24T16:20:00+00:00,92.651,92.701,92.449,92.471,797
2026-08-24T16:25:00+00:00,92.471,92.71,92.419,92.676,703
2026-08-24T16:30:00+00:00,92.676,92.68,92.529,92.591,682
2026-08-24T16:35:00+00:00,92.591,92.649,92.399,92.62,720
2026-08-24T16:40:00+00:00,92.62,92.746,92.609,92.71,656
2026-08-24T16:45:00+00:00,92.71,92.721,92.575,92.661,555
2026-08-24T16:50:00+00:00,92.661,92.691,92.559,92.57,615
2026-08-24T16:55:00+00:00,92.57,92.641,92.495,92.506,738
2026-08-24T17:00:00+00:00,92.506,92.511,92.249,92.304,925
2026-08-24T17:05:00+00:00,92.304,92.5,91.94,92.274,1831
2026-08-24T17:10:00+00:00,92.274,92.326,92.051,92.154,1007
2026-08-24T17:15:00+00:00,92.154,92.311,91.889,91.969,1346
2026-08-24T17:20:00+00:00,91.969,92.086,91.901,92.059,927
2026-08-24T17:25:00+00:00,92.059,92.111,91.996,92.041,600
2026-08-24T17:30:00+00:00,92.041,92.231,92.009,92.209,638
2026-08-24T17:35:00+00:00,92.209,92.246,92.139,92.141,528
2026-08-24T17:40:00+00:00,92.141,92.161,92.035,92.071,574
2026-08-24T17:45:00+00:00,92.071,92.119,91.979,92.07,519
2026-08-24T17:50:00+00:00,92.07,92.071,91.85,91.88,564
2026-08-24T17:55:00+00:00,91.88,91.939,91.83,91.899,463
2026-08-24T18:00:00+00:00,91.899,91.98,91.764,91.931,884
2026-08-24T18:05:00+00:00,91.931,91.96,91.879,91.919,594
2026-08-24T18:10:00+00:00,91.919,91.996,91.914,91.945,685
2026-08-24T18:15:00+00:00,91.945,91.966,91.83,91.895,800
2026-08-24T18:20:00+00:00,91.895,92.066,91.89,92.066,664
2026-08-24T18:25:00+00:00,92.066,92.211,92.021,92.09,1996
2026-08-24T18:30:00+00:00,92.09,92.136,91.974,92.099,805
2026-08-24T18:35:00+00:00,92.099,92.21,92.079,92.19,413
2026-08-24T18:40:00+00:00,92.19,92.269,92.124,92.24,602
2026-08-24T18:45:00+00:00,92.24,92.296,92.184,92.296,436
2026-08-24T18:50:00+00:00,92.296,92.311,92.239,92.281,312
2026-08-24T18:55:00+00:00,92.281,92.281,92.22,92.241,214
2026-08-24T19:00:00+00:00,92.241,92.32,92.209,92.28,262
2026-08-24T19:05:00+00:00,92.28,92.326,92.245,92.27,312
2026-08-24T19:10:00+00:00,92.27,92.289,92.249,92.26,206
2026-08-24T19:15:00+00:00,92.26,92.276,92.239,92.269,272
2026-08-24T19:20:00+00:00,92.269,92.295,92.249,92.259,180
2026-08-24T19:25:00+00:00,92.259,92.261,92.219,92.231,207
2026-08-24T19:30:00+00:00,92.231,92.25,92.131,92.19,245
2026-08-24T19:35:00+00:00,92.19,92.211,92.095,92.096,220
2026-08-24T19:40:00+00:00,92.096,92.116,92.019,92.104,290
2026-08-24T19:45:00+00:00,92.104,92.104,92.009,92.03,305
2026-08-24T19:50:00+00:00,92.03,92.056,91.979,92.03,240
2026-08-24T19:55:00+00:00,92.03,92.051,91.989,92.03,316
2026-08-24T20:00:00+00:00,92.03,92.071,91.975,91.98,271
2026-08-24T20:05:00+00:00,91.98,91.984,91.939,91.951,292
2026-08-24T20:10:00+00:00,91.951,92.009,91.931,91.984,300
2026-08-24T20:15:00+00:00,91.984,91.994,91.939,91.989,266
2026-08-24T20:20:00+00:00,91.989,91.999,91.915,91.949,151
2026-08-24T20:25:00+00:00,91.949,91.961,91.93,91.939,68
2026-08-24T20:30:00+00:00,91.939,91.949,91.889,91.946,172
2026-08-24T20:35:00+00:00,91.946,91.946,91.874,91.884,167
2026-08-24T20:40:00+00:00,91.884,91.93,91.864,91.874,252
2026-08-24T20:45:00+00:00,91.874,91.955,91.846,91.946,339
2026-08-24T20:50:00+00:00,91.946,91.966,91.899,91.91,230
2026-08-24T20:55:00+00:00,91.91,92.001,91.91,91.981,246
2026-08-25T00:00:00+00:00,91.981,92.274,91.981,92.269,129
2026-08-25T00:05:00+00:00,92.269,92.269,92.114,92.114,433
2026-08-25T00:10:00+00:00,92.114,92.146,92.074,92.145,302
2026-08-25T00:15:00+00:00,92.145,92.16,92.065,92.096,214
2026-08-25T00:20:00+00:00,92.096,92.125,92.044,92.064,217
2026-08-25T00:25:00+00:00,92.064,92.101,92.044,92.096,175
2026-08-25T00:30:00+00:00,92.096,92.096,92.004,92.009,208
2026-08-25T00:35:00+00:00,92.009,92.065,92.004,92.054,391
2026-08-25T00:40:00+00:00,92.054,92.061,91.84,91.846,301
2026-08-25T00:45:00+00:00,91.846,91.896,91.844,91.856,235
2026-08-25T00:50:00+00:00,91.856,91.859,91.759,91.814,272
2026-08-25T00:55:00+00:00,91.814,91.814,91.734,91.741,290
2026-08-25T01:00:00+00:00,91.741,92.141,91.689,92.04,1400
2026-08-25T01:05:00+00:00,92.04,92.29,91.919,92.265,1215
2026-08-25T01:10:00+00:00,92.265,92.346,92.089,92.105,1073
2026-08-25T01:15:00+00:00,92.105,92.154,92.044,92.055,686
2026-08-25T01:20:00+00:00,92.055,92.225,91.986,92.175,742
2026-08-25T01:25:00+00:00,92.175,92.319,92.164,92.194,751
2026-08-25T01:30:00+00:00,92.194,92.266,92.049,92.254,812
2026-08-25T01:35:00+00:00,92.254,92.311,92.125,92.3,574
2026-08-25T01:40:00+00:00,92.3,92.411,92.211,92.396,584
2026-08-25T01:45:00+00:00,92.396,92.451,92.314,92.45,678
2026-08-25T01:50:00+00:00,92.45,92.466,92.29,92.305,493
2026-08-25T01:55:00+00:00,92.305,92.46,92.281,92.436,552
2026-08-25T02:00:00+00:00,92.436,92.695,92.384,92.634,853
2026-08-25T02:05:00+00:00,92.634,92.8,92.544,92.635,926
2026-08-25T02:10:00+00:00,92.635,92.876,92.624,92.785,1035
2026-08-25T02:15:00+00:00,92.785,92.801,92.684,92.801,359
2026-08-25T02:20:00+00:00,92.801,92.829,92.73,92.775,286
2026-08-25T02:25:00+00:00,92.775,92.795,92.691,92.714,247
2026-08-25T02:30:00+00:00,92.714,92.836,92.706,92.771,996
2026-08-25T02:35:00+00:00,92.771,92.814,92.604,92.606,965
2026-08-25T02:40:00+00:00,92.606,92.705,92.584,92.635,631
2026-08-25T02:45:00+00:00,92.635,92.68,92.56,92.594,992
2026-08-25T02:50:00+00:00,92.594,92.636,92.504,92.526,825
2026-08-25T02:55:00+00:00,92.526,92.636,92.519,92.585,668
2026-08-25T03:00:00+00:00,92.585,92.614,92.504,92.515,571
2026-08-25T03:05:00+00:00,92.515,92.545,92.304,92.316,761
2026-08-25T03:10:00+00:00,92.316,92.376,92.234,92.354,952
2026-08-25T03:15:00+00:00,92.354,92.371,92.14,92.251,765
2026-08-25T03:20:00+00:00,92.251,92.389,92.195,92.386,550
2026-08-25T03:25:00+00:00,92.386,92.405,92.325,92.38,419
2026-08-25T03:30:00+00:00,92.38,92.441,92.349,92.426,291
2026-08-25T03:35:00+00:00,92.426,92.435,92.394,92.41,135
2026-08-25T03:40:00+00:00,92.41,92.436,92.374,92.434,117
2026-08-25T03:45:00+00:00,92.434,92.434,92.396,92.405,137
2026-08-25T03:50:00+00:00,92.405,92.471,92.405,92.43,413
2026-08-25T03:55:00+00:00,92.43,92.471,92.429,92.461,83
2026-08-25T04:00:00+00:00,92.461,92.506,92.434,92.48,178
2026-08-25T04:05:00+00:00,92.48,92.531,92.449,92.469,198
2026-08-25T04:10:00+00:00,92.469,92.471,92.384,92.389,114
2026-08-25T04:15:00+00:00,92.389,92.39,92.269,92.34,221
2026-08-25T04:20:00+00:00,92.34,92.389,92.25,92.275,201
2026-08-25T04:25:00+00:00,92.275,92.291,92.254,92.275,105
2026-08-25T04:30:00+00:00,92.275,92.275,92.224,92.26,119
2026-08-25T04:35:00+00:00,92.26,92.286,92.234,92.244,137
2026-08-25T04:40:00+00:00,92.244,92.245,92.069,92.136,230
2026-08-25T04:45:00+00:00,92.136,92.136,92.091,92.109,132
2026-08-25T04:50:00+00:00,92.109,92.136,92.099,92.106,90
2026-08-25T04:55:00+00:00,92.106,92.125,92.074,92.096,92
2026-08-25T05:00:00+00:00,92.096,92.116,92.031,92.074,207
2026-08-25T05:05:00+00:00,92.074,92.129,92.074,92.12,225
2026-08-25T05:10:00+00:00,92.12,92.12,92.016,92.02,103
2026-08-25T05:15:00+00:00,92.02,92.041,91.989,91.989,147
2026-08-25T05:20:00+00:00,91.989,92.026,91.989,92.009,69
2026-08-25T05:25:00+00:00,92.009,92.024,91.96,92.009,161
2026-08-25T05:30:00+00:00,92.009,92.101,91.864,92.101,778
2026-08-25T05:35:00+00:00,92.101,92.136,92.031,92.076,431
2026-08-25T05:40:00+00:00,92.076,92.076,91.989,92.01,328
2026-08-25T05:45:00+00:00,92.01,92.066,91.689,91.739,861
2026-08-25T05:50:00+00:00,91.739,91.805,91.549,91.609,696
2026-08-25T05:55:00+00:00,91.609,91.621,91.336,91.501,1093
2026-08-25T06:00:00+00:00,91.501,91.571,91.279,91.381,976
2026-08-25T06:05:00+00:00,91.381,91.476,91.229,91.35,584
2026-08-25T06:10:00+00:00,91.35,91.385,91.29,91.291,518
2026-08-25T06:15:00+00:00,91.291,91.381,91.234,91.309,643
2026-08-25T06:20:00+00:00,91.309,91.33,91.156,91.17,569
2026-08-25T06:25:00+00:00,91.17,91.371,91.159,91.209,644
2026-08-25T06:30:00+00:00,91.209,91.331,91.129,91.324,677
2026-08-25T06:35:00+00:00,91.324,91.646,91.284,91.63,853
2026-08-25T06:40:00+00:00,91.63,91.631,91.429,91.506,620
2026-08-25T06:45:00+00:00,91.506,91.651,91.506,91.569,432
2026-08-25T06:50:00+00:00,91.569,91.571,91.211,91.23,618
2026-08-25T06:55:00+00:00,91.23,91.351,91.205,91.345,590
2026-08-25T07:00:00+00:00,91.345,91.401,91.28,91.34,875
2026-08-25T07:05:00+00:00,91.34,91.361,91.189,91.32,696
2026-08-25T07:10:00+00:00,91.32,91.54,91.295,91.516,710
2026-08-25T07:15:00+00:00,91.516,91.551,91.346,91.395,743
2026-08-25T07:20:00+00:00,91.395,91.571,91.381,91.56,639
2026-08-25T07:25:00+00:00,91.56,91.66,91.505,91.576,538
2026-08-25T07:30:00+00:00,91.576,91.671,91.531,91.589,557
2026-08-25T07:35:00+00:00,91.589,91.589,91.374,91.429,570
2026-08-25T07:40:00+00:00,91.429,91.589,91.429,91.531,628
2026-08-25T07:45:00+00:00,91.531,91.611,91.46,91.605,593
2026-08-25T07:50:00+00:00,91.605,91.764,91.529,91.701,796
2026-08-25T07:55:00+00:00,91.701,91.756,91.579,91.751,764
2026-08-25T08:00:00+00:00,91.751,91.911,91.73,91.756,797
2026-08-25T08:05:00+00:00,91.756,91.861,91.724,91.759,524
2026-08-25T08:10:00+00:00,91.759,91.801,91.7,91.745,497
2026-08-25T08:15:00+00:00,91.745,91.841,91.68,91.785,688
2026-08-25T08:20:00+00:00,91.785,91.794,90.784,90.85,2160
2026-08-25T08:25:00+00:00,90.85,91.211,90.774,91.211,2995
2026-08-25T08:30:00+00:00,91.211,91.3,90.585,90.64,1917
2026-08-25T08:35:00+00:00,90.64,90.95,90.635,90.814,1408
2026-08-25T08:40:00+00:00,90.814,90.919,90.575,90.581,1264
2026-08-25T08:45:00+00:00,90.581,90.65,90.439,90.45,1042
2026-08-25T08:50:00+00:00,90.45,90.509,90.336,90.376,1143
2026-08-25T08:55:00+00:00,90.376,90.376,89.941,90.119,1360
2026-08-25T09:00:00+00:00,90.119,90.216,89.986,90.059,1330
2026-08-25T09:05:00+00:00,90.059,90.116,89.826,89.905,1108
2026-08-25T09:10:00+00:00,89.905,89.98,89.73,89.96,1061
2026-08-25T09:15:00+00:00,89.96,90.041,89.634,89.75,1181
2026-08-25T09:20:00+00:00,89.75,89.761,89.549,89.669,882
2026-08-25T09:25:00+00:00,89.669,89.801,89.66,89.729,827
2026-08-25T09:30:00+00:00,89.729,89.779,89.404,89.451,1153
2026-08-25T09:35:00+00:00,89.451,89.54,89.274,89.276,1309
2026-08-25T09:40:00+00:00,89.276,89.5,89.225,89.36,958
2026-08-25T09:45:00+00:00,89.36,89.429,89.089,89.1,935
2026-08-25T09:50:00+00:00,89.1,89.221,89.039,89.086,810
2026-08-25T09:55:00+00:00,89.086,89.236,89.025,89.095,858
2026-08-25T10:00:00+00:00,89.095,89.55,89.095,89.539,1270
2026-08-25T10:05:00+00:00,89.539,89.661,89.474,89.516,754
2026-08-25T10:10:00+00:00,89.516,89.571,89.37,89.404,774
2026-08-25T10:15:00+00:00,89.404,89.415,89.279,89.31,657
2026-08-25T10:20:00+00:00,89.31,89.45,89.274,89.426,482
2026-08-25T10:25:00+00:00,89.426,89.491,89.34,89.389,817
2026-08-25T10:30:00+00:00,89.389,89.541,89.294,89.43,741
2026-08-25T10:35:00+00:00,89.43,89.461,89.29,89.381,569
2026-08-25T10:40:00+00:00,89.381,89.621,89.301,89.616,638
2026-08-25T10:45:00+00:00,89.616,89.631,89.476,89.555,595
2026-08-25T10:50:00+00:00,89.555,89.675,89.5,89.626,597
2026-08-25T10:55:00+00:00,89.626,89.641,89.474,89.49,402
2026-08-25T11:00:00+00:00,89.49,89.555,89.349,89.434,579
2026-08-25T11:05:00+00:00,89.434,89.835,89.424,89.7,504
2026-08-25T11:10:00+00:00,89.7,89.741,89.499,89.499,720
2026-08-25T11:15:00+00:00,89.499,89.676,89.474,89.651,428
2026-08-25T11:20:00+00:00,89.651,89.761,89.536,89.56,544
2026-08-25T11:25:00+00:00,89.56,89.679,89.559,89.635,534
2026-08-25T11:30:00+00:00,89.635,89.641,89.441,89.46,534
2026-08-25T11:35:00+00:00,89.46,89.581,89.429,89.441,471
2026-08-25T11:40:00+00:00,89.441,89.531,89.269,89.269,537
2026-08-25T11:45:00+00:00,89.269,89.269,88.93400000000001,88.944,1273
2026-08-25T11:50:00+00:00,88.944,89.11600000000001,88.935,89.049,864
2026-08-25T11:55:00+00:00,89.049,89.15,88.924,89.019,732
2026-08-25T12:00:00+00:00,89.019,89.061,88.956,88.965,664
2026-08-25T12:05:00+00:00,88.965,89.061,88.936,88.936,568
2026-08-25T12:10:00+00:00,88.936,89.35600000000001,88.89500000000001,89.316,1491
2026-08-25T12:15:00+00:00,89.316,89.39200000000001,89.156,89.272,1017
2026-08-25T12:20:00+00:00,89.272,89.54,89.271,89.522,788
2026-08-25T12:25:00+00:00,89.522,89.581,89.247,89.277,714
2026-08-25T12:30:00+00:00,89.277,89.4,89.191,89.22500000000001,562
2026-08-25T12:35:00+00:00,89.22500000000001,89.31200000000001,89.12700000000001,89.31,833
2026-08-25T12:40:00+00:00,89.31,89.45200000000001,89.26,89.346,831
2026-08-25T12:45:00+00:00,89.346,89.346,89.17500000000001,89.23,511
2026-08-25T12:50:00+00:00,89.23,89.242,89,89.081,733
2026-08-25T12:55:00+00:00,89.081,89.147,89.046,89.09700000000001,571
2026-08-25T13:00:00+00:00,89.09700000000001,89.186,88.99000000000001,88.995,1752
2026-08-25T13:05:00+00:00,88.995,89.081,88.92500000000001,88.98,1183
2026-08-25T13:10:00+00:00,88.98,88.99600000000001,88.65,88.86200000000001,1662
2026-08-25T13:15:00+00:00,88.86200000000001,89.281,88.84500000000001,89.27000000000001,1218
2026-08-25T13:20:00+00:00,89.27000000000001,89.387,89.25500000000001,89.33000000000001,1075
2026-08-25T13:25:00+00:00,89.33000000000001,89.5,89.26100000000001,89.281,1053
2026-08-25T13:30:00+00:00,89.281,89.54100000000001,89.281,89.382,1359
2026-08-25T13:35:00+00:00,89.382,89.387,89.21600000000001,89.236,929
2026-08-25T13:40:00+00:00,89.236,89.316,89.11,89.14200000000001,1089
2026-08-25T13:45:00+00:00,89.14200000000001,89.221,89.04100000000001,89.11,923
2026-08-25T13:50:00+00:00,89.11,89.236,89.055,89.2,974
2026-08-25T13:55:00+00:00,89.2,89.396,89.17500000000001,89.366,1111
2026-08-25T14:00:00+00:00,89.366,89.79,89.24600000000001,89.515,2453
2026-08-25T14:05:00+00:00,89.515,89.53,89.215,89.215,849
2026-08-25T14:10:00+00:00,89.215,89.405,89.21000000000001,89.275,838
2026-08-25T14:15:00+00:00,89.275,89.491,89.23100000000001,89.366,941
2026-08-25T14:20:00+00:00,89.366,89.477,89.221,89.44500000000001,877
2026-08-25T14:25:00+00:00,89.44500000000001,89.46100000000001,89.34,89.42200000000001,668
2026-08-25T14:30:00+00:00,89.42200000000001,89.965,89.42200000000001,89.66000000000001,1816
2026-08-25T14:35:00+00:00,89.66000000000001,89.67200000000001,89.52600000000001,89.61200000000001,1000
2026-08-25T14:40:00+00:00,89.61200000000001,89.63000000000001,89.295,89.307,962
2026-08-25T14:45:00+00:00,89.307,89.39200000000001,89.245,89.29700000000001,987
2026-08-25T14:50:00+00:00,89.29700000000001,89.46700000000001,89.15,89.16600000000001,1095
2026-08-25T14:55:00+00:00,89.16600000000001,89.271,89.09700000000001,89.236,739
2026-08-25T15:00:00+00:00,89.236,89.39,89.18,89.34100000000001,961
2026-08-25T15:05:00+00:00,89.34100000000001,89.36200000000001,89.20100000000001,89.22500000000001,678
2026-08-25T15:10:00+00:00,89.22500000000001,89.271,89.11500000000001,89.117,578
2026-08-25T15:15:00+00:00,89.117,89.25200000000001,89.045,89.07100000000001,874
2026-08-25T15:20:00+00:00,89.07100000000001,89.09100000000001,88.76,88.95200000000001,1600
2026-08-25T15:25:00+00:00,88.95200000000001,89.152,88.882,89.04700000000001,1682
2026-08-25T15:30:00+00:00,89.04700000000001,89.051,88.62,88.64,2119
2026-08-25T15:35:00+00:00,88.64,88.667,88.147,88.20700000000001,2834
2026-08-25T15:40:00+00:00,88.20700000000001,88.30600000000001,88.06200000000001,88.242,1754
2026-08-25T15:45:00+00:00,88.242,88.465,88.137,88.45700000000001,1277
2026-08-25T15:50:00+00:00,88.45700000000001,88.47500000000001,88.31,88.45200000000001,952
2026-08-25T15:55:00+00:00,88.45200000000001,88.637,88.45200000000001,88.572,875
2026-08-25T16:00:00+00:00,88.572,88.751,88.56500000000001,88.727,946
2026-08-25T16:05:00+00:00,88.727,88.75500000000001,88.587,88.65100000000001,902
2026-08-25T16:10:00+00:00,88.65100000000001,88.662,88.54100000000001,88.61,750
2026-08-25T16:15:00+00:00,88.61,88.622,88.46100000000001,88.59200000000001,900
2026-08-25T16:20:00+00:00,88.59200000000001,88.747,88.551,88.63000000000001,477
2026-08-25T16:25:00+00:00,88.63000000000001,88.742,88.575,88.71100000000001,644
2026-08-25T16:30:00+00:00,88.71100000000001,88.747,88.611,88.73,791
2026-08-25T16:35:00+00:00,88.73,88.73,88.58000000000001,88.631,472
2026-08-25T16:40:00+00:00,88.631,88.75200000000001,88.56500000000001,88.566,542
2026-08-25T16:45:00+00:00,88.566,88.622,88.501,88.58000000000001,619
2026-08-25T16:50:00+00:00,88.58000000000001,88.65100000000001,88.52000000000001,88.64500000000001,582
2026-08-25T16:55:00+00:00,88.64500000000001,88.662,88.34200000000001,88.38000000000001,778
2026-08-25T17:00:00+00:00,88.38000000000001,88.46600000000001,88.29,88.39500000000001,918
2026-08-25T17:05:00+00:00,88.39500000000001,88.417,88.30000000000001,88.32100000000001,497
2026-08-25T17:10:00+00:00,88.32100000000001,88.375,88.28,88.36200000000001,449
2026-08-25T17:15:00+00:00,88.36200000000001,88.43100000000001,88.325,88.36500000000001,482
2026-08-25T17:20:00+00:00,88.36500000000001,88.43100000000001,88.33000000000001,88.40700000000001,555
2026-08-25T17:25:00+00:00,88.40700000000001,88.47200000000001,88.33000000000001,88.33200000000001,540
2026-08-25T17:30:00+00:00,88.33200000000001,88.382,88.251,88.361,544
2026-08-25T17:35:00+00:00,88.361,88.45700000000001,88.301,88.441,445
2026-08-25T17:40:00+00:00,88.441,88.50200000000001,88.39200000000001,88.47000000000001,551
2026-08-25T17:45:00+00:00,88.47000000000001,88.48,88.31,88.31700000000001,462
2026-08-25T17:50:00+00:00,88.31700000000001,88.382,88.281,88.32600000000001,499
2026-08-25T17:55:00+00:00,88.32600000000001,88.32600000000001,88.265,88.28200000000001,505
2026-08-25T18:00:00+00:00,88.28200000000001,88.39200000000001,88.27000000000001,88.33200000000001,611
2026-08-25T18:05:00+00:00,88.33200000000001,88.34200000000001,88.245,88.30000000000001,480
2026-08-25T18:10:00+00:00,88.30000000000001,88.35000000000001,88.25,88.251,452
2026-08-25T18:15:00+00:00,88.251,88.28200000000001,88.18100000000001,88.22600000000001,514
2026-08-25T18:20:00+00:00,88.22600000000001,88.28200000000001,88.165,88.251,664
2026-08-25T18:25:00+00:00,88.251,88.56700000000001,88.247,88.41000000000001,1784
2026-08-25T18:30:00+00:00,88.41000000000001,88.48200000000001,88.405,88.47200000000001,681
2026-08-25T18:35:00+00:00,88.47200000000001,88.552,88.435,88.54,218
2026-08-25T18:40:00+00:00,88.54,88.57700000000001,88.511,88.532,239
2026-08-25T18:45:00+00:00,88.532,88.547,88.43299999999999,88.43299999999999,269
2026-08-25T18:50:00+00:00,88.43299999999999,88.478,88.366,88.443,420
2026-08-25T18:55:00+00:00,88.443,88.443,88.39099999999999,88.42099999999999,165
2026-08-25T19:00:00+00:00,88.42099999999999,88.448,88.368,88.448,211
2026-08-25T19:05:00+00:00,88.448,88.498,88.441,88.498,274
2026-08-25T19:10:00+00:00,88.498,88.517,88.476,88.483,286
2026-08-25T19:15:00+00:00,88.483,88.487,88.441,88.441,252
2026-08-25T19:20:00+00:00,88.441,88.463,88.376,88.378,192
2026-08-25T19:25:00+00:00,88.378,88.467,88.371,88.447,274
2026-08-25T19:30:00+00:00,88.447,88.493,88.321,88.321,230
2026-08-25T19:35:00+00:00,88.321,88.332,88.17099999999999,88.28099999999999,493
2026-08-25T19:40:00+00:00,88.28099999999999,88.28099999999999,88.17099999999999,88.192,231
2026-08-25T19:45:00+00:00,88.192,88.243,87.92699999999999,87.992,459
2026-08-25T19:50:00+00:00,87.992,88.011,87.496,87.571,1607
2026-08-25T19:55:00+00:00,87.571,87.821,87.238,87.238,1833
2026-08-25T20:00:00+00:00,87.238,87.243,86.988,87.017,1583
2026-08-25T20:05:00+00:00,87.017,87.038,86.576,86.602,1413
2026-08-25T20:10:00+00:00,86.602,86.66799999999999,86.251,86.357,1859
2026-08-25T20:15:00+00:00,86.357,86.422,86.167,86.17699999999999,1335
2026-08-25T20:20:00+00:00,86.17699999999999,86.203,86.02199999999999,86.157,954
2026-08-25T20:25:00+00:00,86.157,86.718,86.121,86.587,1761
2026-08-25T20:30:00+00:00,86.587,86.678,86.477,86.607,1363
2026-08-25T20:35:00+00:00,86.607,86.746,86.456,86.738,857
2026-08-25T20:40:00+00:00,86.738,86.79299999999999,86.566,86.737,506
2026-08-25T20:45:00+00:00,86.737,86.978,86.711,86.978,1007
2026-08-25T20:50:00+00:00,86.978,87.196,86.91199999999999,86.91199999999999,848
2026-08-25T20:55:00+00:00,86.91199999999999,86.958,86.776,86.911,809
2026-08-26T00:00:00+00:00,86.959,87.106,86.954,87.039,220
2026-08-26T00:05:00+00:00,87.039,87.064,86.724,86.765,582
2026-08-26T00:10:00+00:00,86.765,86.826,86.735,86.791,360
2026-08-26T00:15:00+00:00,86.791,86.886,86.715,86.746,378
2026-08-26T00:20:00+00:00,86.746,86.795,86.716,86.73,260
2026-08-26T00:25:00+00:00,86.73,86.826,86.719,86.826,443
2026-08-26T00:30:00+00:00,86.826,86.899,86.76,86.806,353
2026-08-26T00:35:00+00:00,86.806,86.914,86.79,86.864,316
2026-08-26T00:40:00+00:00,86.864,86.886,86.585,86.615,580
2026-08-26T00:45:00+00:00,86.615,86.701,86.465,86.494,603
2026-08-26T00:50:00+00:00,86.494,86.676,86.485,86.661,557
2026-08-26T00:55:00+00:00,86.661,86.674,86.454,86.566,623
2026-08-26T01:00:00+00:00,86.566,86.566,86.184,86.286,2307
2026-08-26T01:05:00+00:00,86.286,86.406,86.225,86.335,1536
2026-08-26T01:10:00+00:00,86.335,86.335,86.165,86.196,1083
2026-08-26T01:15:00+00:00,86.196,86.326,86.159,86.275,999
2026-08-26T01:20:00+00:00,86.275,86.326,86.194,86.266,864
2026-08-26T01:25:00+00:00,86.266,86.376,86.205,86.354,646
2026-08-26T01:30:00+00:00,86.354,86.426,86.231,86.335,873
2026-08-26T01:35:00+00:00,86.335,86.336,86.191,86.199,701
2026-08-26T01:40:00+00:00,86.199,86.444,86.184,86.325,862
2026-08-26T01:45:00+00:00,86.325,86.585,86.324,86.585,778
2026-08-26T01:50:00+00:00,86.585,86.606,86.464,86.474,674
2026-08-26T01:55:00+00:00,86.474,86.491,86.394,86.425,645
2026-08-26T02:00:00+00:00,86.425,86.446,86.224,86.286,716
2026-08-26T02:05:00+00:00,86.286,86.306,86.129,86.176,576
2026-08-26T02:10:00+00:00,86.176,86.384,86.164,86.23,483
2026-08-26T02:15:00+00:00,86.23,86.296,86.206,86.255,359
2026-08-26T02:20:00+00:00,86.255,86.286,86.245,86.264,109
2026-08-26T02:25:00+00:00,86.264,86.294,86.234,86.24,197
2026-08-26T02:30:00+00:00,86.24,86.326,86.229,86.265,513
2026-08-26T02:35:00+00:00,86.265,86.446,86.265,86.415,436
2026-08-26T02:40:00+00:00,86.415,86.476,86.264,86.326,582
2026-08-26T02:45:00+00:00,86.326,86.346,86.105,86.114,616
2026-08-26T02:50:00+00:00,86.114,86.236,86.069,86.225,549
2026-08-26T02:55:00+00:00,86.225,86.354,86.164,86.336,589
2026-08-26T03:00:00+00:00,86.336,86.366,86.149,86.165,649
2026-08-26T03:05:00+00:00,86.165,86.225,86.159,86.174,266
2026-08-26T03:10:00+00:00,86.174,86.21,86.124,86.206,343
2026-08-26T03:15:00+00:00,86.206,86.206,86.029,86.056,515
2026-08-26T03:20:00+00:00,86.056,86.125,85.995,86.054,514
2026-08-26T03:25:00+00:00,86.054,86.2,86.051,86.195,518
2026-08-26T03:30:00+00:00,86.195,86.231,86.111,86.126,286
2026-08-26T03:35:00+00:00,86.126,86.151,86.094,86.135,216
2026-08-26T03:40:00+00:00,86.135,86.204,86.124,86.191,191
2026-08-26T03:45:00+00:00,86.191,86.25,86.179,86.215,198
2026-08-26T03:50:00+00:00,86.215,86.254,86.185,86.19,246
2026-08-26T03:55:00+00:00,86.19,86.216,86.181,86.184,157
2026-08-26T04:00:00+00:00,86.184,86.345,86.184,86.336,293
2026-08-26T04:05:00+00:00,86.336,86.336,86.24,86.305,211
2026-08-26T04:10:00+00:00,86.305,86.396,86.274,86.37,234
2026-08-26T04:15:00+00:00,86.37,86.396,86.254,86.254,267
2026-08-26T04:20:00+00:00,86.254,86.295,86.229,86.246,253
2026-08-26T04:25:00+00:00,86.246,86.326,86.24,86.289,219
2026-08-26T04:30:00+00:00,86.289,86.305,86.265,86.274,162
2026-08-26T04:35:00+00:00,86.274,86.286,86.234,86.274,181
2026-08-26T04:40:00+00:00,86.274,86.296,86.239,86.254,117
2026-08-26T04:45:00+00:00,86.254,86.316,86.225,86.314,149
2026-08-26T04:50:00+00:00,86.314,86.585,86.314,86.585,279
2026-08-26T04:55:00+00:00,86.585,86.676,86.564,86.664,235
2026-08-26T05:00:00+00:00,86.664,86.671,86.525,86.585,283
2026-08-26T05:05:00+00:00,86.585,86.646,86.575,86.644,223
2026-08-26T05:10:00+00:00,86.644,86.726,86.634,86.705,204
2026-08-26T05:15:00+00:00,86.705,86.86,86.694,86.829,230
2026-08-26T05:20:00+00:00,86.829,86.846,86.814,86.84,208
2026-08-26T05:25:00+00:00,86.84,86.946,86.81,86.934,191
2026-08-26T05:30:00+00:00,86.934,86.934,86.775,86.876,902
2026-08-26T05:35:00+00:00,86.876,87.055,86.814,87.044,523
2026-08-26T05:40:00+00:00,87.044,87.116,87.014,87.08,411
2026-08-26T05:45:00+00:00,87.08,87.115,86.985,86.994,364
2026-08-26T05:50:00+00:00,86.994,87.046,86.939,86.944,555
2026-08-26T05:55:00+00:00,86.944,87.025,86.88,86.925,416
2026-08-26T06:00:00+00:00,86.925,87.009,86.836,86.955,620
2026-08-26T06:05:00+00:00,86.955,87.031,86.926,87.026,467
2026-08-26T06:10:00+00:00,87.026,87.026,86.919,87.01,408
2026-08-26T06:15:00+00:00,87.01,87.066,86.886,86.889,496
2026-08-26T06:20:00+00:00,86.889,86.961,86.885,86.941,402
2026-08-26T06:25:00+00:00,86.941,87.005,86.889,86.959,386
2026-08-26T06:30:00+00:00,86.959,86.959,86.764,86.8,479
2026-08-26T06:35:00+00:00,86.8,86.916,86.715,86.731,610
2026-08-26T06:40:00+00:00,86.731,86.74,86.549,86.56,648
2026-08-26T06:45:00+00:00,86.56,86.666,86.534,86.561,595
2026-08-26T06:50:00+00:00,86.561,86.709,86.535,86.656,524
2026-08-26T06:55:00+00:00,86.656,86.75,86.611,86.741,703
2026-08-26T07:00:00+00:00,86.741,86.901,86.586,86.629,982
2026-08-26T07:05:00+00:00,86.629,86.639,86.516,86.551,674
2026-08-26T07:10:00+00:00,86.551,86.66,86.451,86.501,598
2026-08-26T07:15:00+00:00,86.501,86.541,86.399,86.401,565
2026-08-26T07:20:00+00:00,86.401,86.53,86.341,86.509,574
2026-08-26T07:25:00+00:00,86.509,86.589,86.439,86.505,607
2026-08-26T07:30:00+00:00,86.505,86.571,86.204,86.259,956
2026-08-26T07:35:00+00:00,86.259,86.375,86.22,86.301,671
2026-08-26T07:40:00+00:00,86.301,86.376,86.199,86.199,637
2026-08-26T07:45:00+00:00,86.199,86.291,85.995,86.1,759
2026-08-26T07:50:00+00:00,86.1,86.16,86.029,86.069,796
2026-08-26T07:55:00+00:00,86.069,86.104,85.931,86.009,564
2026-08-26T08:00:00+00:00,86.009,86.18,85.975,86.166,680
2026-08-26T08:05:00+00:00,86.166,86.324,86.075,86.196,721
2026-08-26T08:10:00+00:00,86.196,86.441,86.179,86.43,722
2026-08-26T08:15:00+00:00,86.43,86.449,86.219,86.366,781
2026-08-26T08:20:00+00:00,86.366,86.75,86.345,86.611,938
2026-08-26T08:25:00+00:00,86.611,86.645,86.144,86.144,2501
2026-08-26T08:30:00+00:00,86.144,86.411,85.736,85.92,1843
2026-08-26T08:35:00+00:00,85.92,85.975,85.68,85.91,1227
2026-08-26T08:40:00+00:00,85.91,86.069,85.839,85.971,881
2026-08-26T08:45:00+00:00,85.971,86.096,85.789,85.839,852
2026-08-26T08:50:00+00:00,85.839,85.875,85.704,85.859,689
2026-08-26T08:55:00+00:00,85.859,85.926,85.749,85.866,706
2026-08-26T09:00:00+00:00,85.866,86.006,85.825,85.906,1265
2026-08-26T09:05:00+00:00,85.906,85.951,85.819,85.875,612
2026-08-26T09:10:00+00:00,85.875,85.875,85.6,85.81,834
2026-08-26T09:15:00+00:00,85.81,85.81,85.404,85.64,1124
2026-08-26T09:20:00+00:00,85.64,85.865,85.575,85.861,671
2026-08-26T09:25:00+00:00,85.861,86.155,85.785,86.135,1014
2026-08-26T09:30:00+00:00,86.135,86.2,85.844,85.85,907
2026-08-26T09:35:00+00:00,85.85,86.011,85.85,85.94,447
2026-08-26T09:40:00+00:00,85.94,85.971,85.719,85.81,624
2026-08-26T09:45:00+00:00,85.81,86,85.78,85.995,592
2026-08-26T09:50:00+00:00,85.995,86.071,85.809,85.909,901
2026-08-26T09:55:00+00:00,85.909,85.949,85.785,85.949,726
2026-08-26T10:00:00+00:00,85.949,86.041,85.914,85.924,620
2026-08-26T10:05:00+00:00,85.924,85.936,85.719,85.719,547
2026-08-26T10:10:00+00:00,85.719,85.881,85.719,85.844,517
2026-08-26T10:15:00+00:00,85.844,85.991,85.63,85.98,649
2026-08-26T10:20:00+00:00,85.98,86.171,85.874,85.926,861
2026-08-26T10:25:00+00:00,85.926,86.031,85.834,85.881,543
2026-08-26T10:30:00+00:00,85.881,86.094,85.881,85.964,593
2026-08-26T10:35:00+00:00,85.964,86.081,85.866,85.881,406
2026-08-26T10:40:00+00:00,85.881,85.939,85.85,85.911,417
2026-08-26T10:45:00+00:00,85.911,86.041,85.9,86.019,335
2026-08-26T10:50:00+00:00,86.019,86.121,85.949,86.079,617
2026-08-26T10:55:00+00:00,86.079,86.17,85.98,86.001,444
2026-08-26T11:00:00+00:00,86.001,86.071,85.874,85.93,385
2026-08-26T11:05:00+00:00,85.93,86.076,85.85,86.061,388
2026-08-26T11:10:00+00:00,86.061,86.081,85.909,86.005,502
2026-08-26T11:15:00+00:00,86.005,86.019,85.919,85.95,396
2026-08-26T11:20:00+00:00,85.95,86.251,85.95,86.25,560
2026-08-26T11:25:00+00:00,86.25,86.266,86.149,86.154,724
2026-08-26T11:30:00+00:00,86.154,86.266,86.079,86.09,621
2026-08-26T11:35:00+00:00,86.09,86.436,86.089,86.369,605
2026-08-26T11:40:00+00:00,86.369,86.441,86.309,86.361,491
2026-08-26T11:45:00+00:00,86.361,86.46,86.299,86.43,626
2026-08-26T11:50:00+00:00,86.43,86.524,86.384,86.47,431
2026-08-26T11:55:00+00:00,86.47,86.626,86.446,86.469,484
2026-08-26T12:00:00+00:00,86.469,86.551,86.406,86.45,589
2026-08-26T12:05:00+00:00,86.45,86.46,86.28,86.34,470
2026-08-26T12:10:00+00:00,86.34,86.414,86.3,86.321,455
2026-08-26T12:15:00+00:00,86.321,86.351,86.259,86.27,450
2026-08-26T12:20:00+00:00,86.27,86.296,86.171,86.195,482
2026-08-26T12:25:00+00:00,86.195,86.216,86.086,86.116,433
2026-08-26T12:30:00+00:00,86.116,86.286,86.101,86.169,991
2026-08-26T12:35:00+00:00,86.169,86.221,86.141,86.19,597
2026-08-26T12:40:00+00:00,86.19,86.261,86.12,86.201,647
2026-08-26T12:45:00+00:00,86.201,86.236,86.131,86.16,713
2026-08-26T12:50:00+00:00,86.16,86.699,86.154,86.459,1135
2026-08-26T12:55:00+00:00,86.459,86.73,86.459,86.63,1552
2026-08-26T13:00:00+00:00,86.63,86.755,86.449,86.471,1732
2026-08-26T13:05:00+00:00,86.471,86.961,86.459,86.901,1078
2026-08-26T13:10:00+00:00,86.901,86.951,86.724,86.74,983
2026-08-26T13:15:00+00:00,86.74,86.904,86.569,86.681,1358
2026-08-26T13:20:00+00:00,86.681,86.701,86.569,86.649,983
2026-08-26T13:25:00+00:00,86.649,86.75,86.609,86.689,890
2026-08-26T13:30:00+00:00,86.689,87.011,86.654,86.929,1318
2026-08-26T13:35:00+00:00,86.929,87.101,86.909,86.984,981
2026-08-26T13:40:00+00:00,86.984,87.201,86.93,87.136,960
2026-08-26T13:45:00+00:00,87.136,87.51,87.119,87.459,1130
2026-08-26T13:50:00+00:00,87.459,87.65,87.42,87.436,1219
2026-08-26T13:55:00+00:00,87.436,87.561,87.365,87.501,849
2026-08-26T14:00:00+00:00,87.501,87.501,87.33,87.454,938
2026-08-26T14:05:00+00:00,87.454,87.571,87.379,87.389,958
2026-08-26T14:10:00+00:00,87.389,87.521,87.309,87.51,739
2026-08-26T14:15:00+00:00,87.51,87.691,87.484,87.626,970
2026-08-26T14:20:00+00:00,87.626,87.655,87.499,87.499,791
2026-08-26T14:25:00+00:00,87.499,87.596,87.379,87.566,903
2026-08-26T14:30:00+00:00,87.566,87.791,87.566,87.619,1451
2026-08-26T14:35:00+00:00,87.619,87.751,87.589,87.691,809
2026-08-26T14:40:00+00:00,87.691,87.761,87.629,87.729,836
2026-08-26T14:45:00+00:00,87.729,87.896,87.635,87.765,1001
2026-08-26T14:50:00+00:00,87.765,87.819,87.659,87.681,831
2026-08-26T14:55:00+00:00,87.681,87.89,87.599,87.89,889
2026-08-26T15:00:00+00:00,87.89,87.901,87.779,87.844,937
2026-08-26T15:05:00+00:00,87.844,87.939,87.826,87.911,645
2026-08-26T15:10:00+00:00,87.911,88.266,87.819,88.251,1020
2026-08-26T15:15:00+00:00,88.251,88.299,88.019,88.04,898
2026-08-26T15:20:00+00:00,88.04,88.296,88.025,88.24,923
2026-08-26T15:25:00+00:00,88.24,88.521,88.219,88.429,1794
2026-08-26T15:30:00+00:00,88.429,88.506,88.274,88.501,1096
2026-08-26T15:35:00+00:00,88.501,88.501,88.229,88.24,874
2026-08-26T15:40:00+00:00,88.24,88.361,88.199,88.339,954
2026-08-26T15:45:00+00:00,88.339,88.35,88.179,88.334,711
2026-08-26T15:50:00+00:00,88.334,88.965,88.309,88.896,2160
2026-08-26T15:55:00+00:00,88.896,89.071,88.821,88.951,1352
2026-08-26T16:00:00+00:00,88.951,89.09,88.886,89.031,1159
2026-08-26T16:05:00+00:00,89.031,89.096,88.965,89.07100000000001,838
2026-08-26T16:10:00+00:00,89.07100000000001,89.20400000000001,89.04400000000001,89.13900000000001,929
2026-08-26T16:15:00+00:00,89.13900000000001,89.55900000000001,89.09500000000001,89.334,1520
2026-08-26T16:20:00+00:00,89.334,89.41400000000002,89.25600000000001,89.37,1133
2026-08-26T16:25:00+00:00,89.37,89.44500000000001,89.05600000000001,89.13600000000001,1450
2026-08-26T16:30:00+00:00,89.13600000000001,89.28900000000002,89.10400000000001,89.19000000000001,673
2026-08-26T16:35:00+00:00,89.19000000000001,89.29,89.09100000000001,89.24600000000001,658
2026-08-26T16:40:00+00:00,89.24600000000001,89.27900000000001,89.15100000000001,89.156,387
2026-08-26T16:45:00+00:00,89.156,89.19600000000001,89.05600000000001,89.13100000000001,631
2026-08-26T16:50:00+00:00,89.13100000000001,89.13100000000001,88.909,88.929,852
2026-08-26T16:55:00+00:00,88.929,88.944,88.74400000000001,88.77600000000001,761
2026-08-26T17:00:00+00:00,88.77600000000001,88.846,88.614,88.62,817
2026-08-26T17:05:00+00:00,88.62,88.71400000000001,88.54500000000002,88.54500000000002,638
2026-08-26T17:10:00+00:00,88.54500000000002,88.62100000000001,88.49400000000001,88.61900000000001,513
2026-08-26T17:15:00+00:00,88.61900000000001,88.656,88.504,88.525,517
2026-08-26T17:20:00+00:00,88.525,88.57600000000001,88.49100000000001,88.52400000000002,458
2026-08-26T17:25:00+00:00,88.52400000000002,88.64600000000002,88.49900000000001,88.62100000000001,491
2026-08-26T17:30:00+00:00,88.62100000000001,88.64600000000002,88.51400000000001,88.55600000000001,626
2026-08-26T17:35:00+00:00,88.55600000000001,88.575,88.48400000000001,88.516,277
2026-08-26T17:40:00+00:00,88.516,88.58600000000001,88.444,88.459,375
2026-08-26T17:45:00+00:00,88.459,88.525,88.40500000000002,88.52100000000002,419
2026-08-26T17:50:00+00:00,88.52100000000002,88.546,88.415,88.546,354
2026-08-26T17:55:00+00:00,88.546,88.549,88.40100000000001,88.44900000000001,565
2026-08-26T18:00:00+00:00,88.44900000000001,88.47000000000001,88.2,88.22000000000001,972
2026-08-26T18:05:00+00:00,88.22000000000001,88.22000000000001,88.09500000000001,88.135,474
2026-08-26T18:10:00+00:00,88.135,88.14600000000002,88.01500000000001,88.10600000000001,463
2026-08-26T18:15:00+00:00,88.10600000000001,88.10600000000001,87.965,87.97500000000001,580
2026-08-26T18:20:00+00:00,87.97500000000001,87.98100000000001,87.82900000000001,87.891,676
2026-08-26T18:25:00+00:00,87.891,88.02000000000001,87.784,87.88900000000001,1534
2026-08-26T18:30:00+00:00,87.88900000000001,87.97500000000001,87.81,87.90400000000001,640
2026-08-26T18:35:00+00:00,87.90400000000001,87.91100000000002,87.769,87.80600000000001,325
2026-08-26T18:40:00+00:00,87.80600000000001,87.846,87.77400000000002,87.77400000000002,311
2026-08-26T18:45:00+00:00,87.77400000000002,87.79100000000001,87.65400000000001,87.656,248
2026-08-26T18:50:00+00:00,87.656,87.67600000000002,87.614,87.644,320
2026-08-26T18:55:00+00:00,87.644,87.656,87.55900000000001,87.58400000000002,174
2026-08-26T19:00:00+00:00,87.58400000000002,87.58500000000001,87.45400000000001,87.45400000000001,274
2026-08-26T19:05:00+00:00,87.45400000000001,87.56600000000002,87.415,87.56400000000001,333
2026-08-26T19:10:00+00:00,87.56400000000001,87.60600000000001,87.53100000000002,87.58500000000001,185
2026-08-26T19:15:00+00:00,87.58500000000001,87.69500000000001,87.53600000000002,87.665,374
2026-08-26T19:20:00+00:00,87.665,87.67600000000002,87.59400000000001,87.64100000000002,192
2026-08-26T19:25:00+00:00,87.64100000000002,87.65100000000001,87.58900000000001,87.60600000000001,195
2026-08-26T19:30:00+00:00,87.60600000000001,87.71600000000001,87.59400000000001,87.65400000000001,241
2026-08-26T19:35:00+00:00,87.65400000000001,87.66600000000001,87.51100000000001,87.54100000000001,155
2026-08-26T19:40:00+00:00,87.54100000000001,87.58600000000001,87.53500000000001,87.54500000000002,136
2026-08-26T19:45:00+00:00,87.54500000000002,87.57600000000001,87.53500000000001,87.53500000000001,135
2026-08-26T19:50:00+00:00,87.53500000000001,87.555,87.49400000000001,87.546,205
2026-08-26T19:55:00+00:00,87.546,87.549,87.49400000000001,87.50100000000002,229
2026-08-26T20:00:00+00:00,87.50100000000002,87.57100000000001,87.47900000000001,87.555,361
2026-08-26T20:05:00+00:00,87.555,87.57100000000001,87.52900000000001,87.55100000000002,274
2026-08-26T20:10:00+00:00,87.55100000000002,87.55100000000002,87.51400000000001,87.53000000000002,156
2026-08-26T20:15:00+00:00,87.53000000000002,87.53000000000002,87.42000000000002,87.43900000000001,172
2026-08-26T20:20:00+00:00,87.43900000000001,87.50900000000001,87.424,87.43,255
2026-08-26T20:25:00+00:00,87.43,87.47100000000002,87.39900000000002,87.44100000000002,220
2026-08-26T20:30:00+00:00,87.44100000000002,87.45100000000001,87.38400000000001,87.40100000000001,197
2026-08-26T20:35:00+00:00,87.40100000000001,87.44000000000001,87.38600000000001,87.39900000000002,174
2026-08-26T20:40:00+00:00,87.39900000000002,87.43100000000001,87.39100000000002,87.39600000000002,207
2026-08-26T20:45:00+00:00,87.39600000000002,87.46600000000001,87.38900000000001,87.46000000000001,316
2026-08-26T20:50:00+00:00,87.46000000000001,87.49000000000001,87.42900000000002,87.44100000000002,393
2026-08-26T20:55:00+00:00,87.44100000000002,87.54100000000001,87.44000000000001,87.54100000000001,380
2026-08-27T00:00:00+00:00,87.446,87.446,87.186,87.206,249
2026-08-27T00:05:00+00:00,87.206,87.306,87.114,87.199,638
2026-08-27T00:10:00+00:00,87.199,87.225,87.099,87.186,423
2026-08-27T00:15:00+00:00,87.186,87.256,87.154,87.2,377
2026-08-27T00:20:00+00:00,87.2,87.256,87.184,87.225,350
2026-08-27T00:25:00+00:00,87.225,87.225,87.115,87.115,317
2026-08-27T00:30:00+00:00,87.115,87.146,87.104,87.115,308
2026-08-27T00:35:00+00:00,87.115,87.141,87.094,87.116,292
2026-08-27T00:40:00+00:00,87.116,87.146,87.114,87.134,165
2026-08-27T00:45:00+00:00,87.134,87.286,87.134,87.234,405
2026-08-27T00:50:00+00:00,87.234,87.285,87.189,87.206,293
2026-08-27T00:55:00+00:00,87.206,87.446,87.174,87.364,516
2026-08-27T01:00:00+00:00,87.364,87.735,87.284,87.534,1806
2026-08-27T01:05:00+00:00,87.534,87.61500000000001,87.444,87.554,1433
2026-08-27T01:10:00+00:00,87.554,87.60600000000001,87.394,87.474,1392
2026-08-27T01:15:00+00:00,87.474,87.69500000000001,87.385,87.69500000000001,1226
2026-08-27T01:20:00+00:00,87.69500000000001,87.836,87.694,87.724,1429
2026-08-27T01:25:00+00:00,87.724,87.851,87.724,87.78500000000001,730
2026-08-27T01:30:00+00:00,87.78500000000001,87.82600000000001,87.64500000000001,87.73400000000001,718
2026-08-27T01:35:00+00:00,87.73400000000001,87.736,87.506,87.525,681
2026-08-27T01:40:00+00:00,87.525,87.70400000000001,87.525,87.57600000000001,805
2026-08-27T01:45:00+00:00,87.57600000000001,87.57600000000001,87.504,87.504,731
2026-08-27T01:50:00+00:00,87.504,87.506,87.334,87.40400000000001,615
2026-08-27T01:55:00+00:00,87.40400000000001,87.426,87.29400000000001,87.325,577
2026-08-27T02:00:00+00:00,87.325,87.434,87.31400000000001,87.429,556
2026-08-27T02:05:00+00:00,87.429,87.44,87.336,87.414,493
2026-08-27T02:10:00+00:00,87.414,87.464,87.375,87.41600000000001,472
2026-08-27T02:15:00+00:00,87.41600000000001,87.421,87.31400000000001,87.415,316
2026-08-27T02:20:00+00:00,87.415,87.436,87.349,87.366,179
2026-08-27T02:25:00+00:00,87.366,87.366,87.27900000000001,87.325,333
2026-08-27T02:30:00+00:00,87.325,87.41600000000001,87.295,87.394,593
2026-08-27T02:35:00+00:00,87.394,87.446,87.34,87.366,873
2026-08-27T02:40:00+00:00,87.366,87.41600000000001,87.114,87.114,1067
2026-08-27T02:45:00+00:00,87.114,87.245,87.09100000000001,87.134,787
2026-08-27T02:50:00+00:00,87.134,87.156,87.084,87.116,512
2026-08-27T02:55:00+00:00,87.116,87.15400000000001,87.054,87.05600000000001,524
2026-08-27T03:00:00+00:00,87.05600000000001,87.241,87.055,87.226,815
2026-08-27T03:05:00+00:00,87.226,87.38600000000001,87.19500000000001,87.37100000000001,688
2026-08-27T03:10:00+00:00,87.37100000000001,87.405,87.334,87.375,435
2026-08-27T03:15:00+00:00,87.375,87.38600000000001,87.336,87.34400000000001,401
2026-08-27T03:20:00+00:00,87.34400000000001,87.46900000000001,87.274,87.45400000000001,423
2026-08-27T03:25:00+00:00,87.45400000000001,87.611,87.435,87.456,531
2026-08-27T03:30:00+00:00,87.456,87.581,87.384,87.396,317
2026-08-27T03:35:00+00:00,87.396,87.55600000000001,87.376,87.536,311
2026-08-27T03:40:00+00:00,87.536,87.575,87.51400000000001,87.55600000000001,213
2026-08-27T03:45:00+00:00,87.55600000000001,87.55600000000001,87.51400000000001,87.524,186
2026-08-27T03:50:00+00:00,87.524,87.55600000000001,87.48400000000001,87.546,196
2026-08-27T03:55:00+00:00,87.546,87.55600000000001,87.504,87.51400000000001,179
2026-08-27T04:00:00+00:00,87.51400000000001,87.53500000000001,87.48400000000001,87.50500000000001,195
2026-08-27T04:05:00+00:00,87.50500000000001,87.516,87.465,87.485,247
2026-08-27T04:10:00+00:00,87.485,87.516,87.459,87.516,233
2026-08-27T04:15:00+00:00,87.516,87.554,87.495,87.52600000000001,209
2026-08-27T04:20:00+00:00,87.52600000000001,87.59400000000001,87.51400000000001,87.59100000000001,137
2026-08-27T04:25:00+00:00,87.59100000000001,87.596,87.569,87.586,67
2026-08-27T04:30:00+00:00,87.586,87.59,87.501,87.516,110
2026-08-27T04:35:00+00:00,87.516,87.52600000000001,87.48400000000001,87.495,87
2026-08-27T04:40:00+00:00,87.495,87.55600000000001,87.494,87.51400000000001,119
2026-08-27T04:45:00+00:00,87.51400000000001,87.54400000000001,87.474,87.494,171
2026-08-27T04:50:00+00:00,87.494,87.525,87.48400000000001,87.504,121
2026-08-27T04:55:00+00:00,87.504,87.536,87.504,87.516,116
2026-08-27T05:00:00+00:00,87.516,87.545,87.495,87.524,101
2026-08-27T05:05:00+00:00,87.524,87.53500000000001,87.5,87.50500000000001,134
2026-08-27T05:10:00+00:00,87.50500000000001,87.525,87.479,87.494,153
2026-08-27T05:15:00+00:00,87.494,87.51,87.42,87.474,190
2026-08-27T05:20:00+00:00,87.474,87.474,87.40400000000001,87.40400000000001,140
2026-08-27T05:25:00+00:00,87.40400000000001,87.405,87.319,87.325,219
2026-08-27T05:30:00+00:00,87.325,87.396,87.2,87.39500000000001,583
2026-08-27T05:35:00+00:00,87.39500000000001,87.411,87.28500000000001,87.325,445
2026-08-27T05:40:00+00:00,87.325,87.366,87.304,87.346,315
2026-08-27T05:45:00+00:00,87.346,87.476,87.346,87.41600000000001,379
2026-08-27T05:50:00+00:00,87.41600000000001,87.456,87.331,87.39500000000001,650
2026-08-27T05:55:00+00:00,87.39500000000001,87.39500000000001,87.196,87.21000000000001,415
2026-08-27T06:00:00+00:00,87.21000000000001,87.301,87.164,87.284,485
2026-08-27T06:05:00+00:00,87.284,87.299,87.17,87.194,271
2026-08-27T06:10:00+00:00,87.194,87.196,87.10000000000001,87.10900000000001,300
2026-08-27T06:15:00+00:00,87.10900000000001,87.161,87.054,87.126,295
2026-08-27T06:20:00+00:00,87.126,87.146,87.034,87.066,395
2026-08-27T06:25:00+00:00,87.066,87.10600000000001,86.964,87.006,455
2026-08-27T06:30:00+00:00,87.006,87.07900000000001,86.994,87.025,501
2026-08-27T06:35:00+00:00,87.025,87.025,86.744,86.79,567
2026-08-27T06:40:00+00:00,86.79,86.82600000000001,86.744,86.824,573
2026-08-27T06:45:00+00:00,86.824,86.955,86.72500000000001,86.936,497
2026-08-27T06:50:00+00:00,86.936,86.96600000000001,86.84400000000001,86.846,437
2026-08-27T06:55:00+00:00,86.846,86.861,86.699,86.715,507
2026-08-27T07:00:00+00:00,86.715,86.72,86.44500000000001,86.504,891
2026-08-27T07:05:00+00:00,86.504,86.53500000000001,86.304,86.40400000000001,639
2026-08-27T07:10:00+00:00,86.40400000000001,86.54100000000001,86.351,86.45100000000001,542
2026-08-27T07:15:00+00:00,86.45100000000001,86.581,86.444,86.52900000000001,498
2026-08-27T07:20:00+00:00,86.52900000000001,86.71600000000001,86.485,86.715,455
2026-08-27T07:25:00+00:00,86.715,86.881,86.65400000000001,86.73400000000001,587
2026-08-27T07:30:00+00:00,86.73400000000001,86.89500000000001,86.73400000000001,86.83500000000001,516
2026-08-27T07:35:00+00:00,86.83500000000001,87.051,86.795,86.976,615
2026-08-27T07:40:00+00:00,86.976,87.00500000000001,86.804,86.82900000000001,670
2026-08-27T07:45:00+00:00,86.82900000000001,86.876,86.73,86.74000000000001,423
2026-08-27T07:50:00+00:00,86.74000000000001,86.946,86.72500000000001,86.84400000000001,628
2026-08-27T07:55:00+00:00,86.84400000000001,87.174,86.82000000000001,87.16900000000001,641
2026-08-27T08:00:00+00:00,87.16900000000001,87.26,87.101,87.17500000000001,807
2026-08-27T08:05:00+00:00,87.17500000000001,87.241,87.099,87.21000000000001,623
2026-08-27T08:10:00+00:00,87.21000000000001,87.284,87.069,87.259,678
2026-08-27T08:15:00+00:00,87.259,87.361,87.134,87.315,987
2026-08-27T08:20:00+00:00,87.315,87.55600000000001,87.304,87.51400000000001,1101
2026-08-27T08:25:00+00:00,87.51400000000001,87.57600000000001,87.31,87.565,1815
2026-08-27T08:30:00+00:00,87.565,87.635,87.446,87.486,1132
2026-08-27T08:35:00+00:00,87.486,87.51,87.375,87.486,611
2026-08-27T08:40:00+00:00,87.486,87.555,87.456,87.494,576
2026-08-27T08:45:00+00:00,87.494,87.516,87.31,87.32600000000001,556
2026-08-27T08:50:00+00:00,87.32600000000001,87.464,87.245,87.446,604
2026-08-27T08:55:00+00:00,87.446,87.68100000000001,87.446,87.671,782
2026-08-27T09:00:00+00:00,87.671,87.79400000000001,87.62100000000001,87.66600000000001,798
2026-08-27T09:05:00+00:00,87.66600000000001,87.84100000000001,87.656,87.766,497
2026-08-27T09:10:00+00:00,87.766,88.02000000000001,87.715,88.02000000000001,517
2026-08-27T09:15:00+00:00,88.02000000000001,88.141,87.941,88.116,708
2026-08-27T09:20:00+00:00,88.116,88.12100000000001,87.864,87.894,690
2026-08-27T09:25:00+00:00,87.894,88.03,87.87400000000001,87.961,456
2026-08-27T09:30:00+00:00,87.961,88.051,87.879,88.05000000000001,616
2026-08-27T09:35:00+00:00,88.05000000000001,88.10600000000001,88.00500000000001,88.046,442
2026-08-27T09:40:00+00:00,88.046,88.051,87.93,87.985,378
2026-08-27T09:45:00+00:00,87.985,88.09,87.959,88.089,410
2026-08-27T09:50:00+00:00,88.089,88.23100000000001,88.04100000000001,88.171,459
2026-08-27T09:55:00+00:00,88.171,88.30600000000001,88.17,88.29,541
2026-08-27T10:00:00+00:00,88.29,88.745,88.29,88.434,942
2026-08-27T10:05:00+00:00,88.434,88.539,88.375,88.45100000000001,625
2026-08-27T10:10:00+00:00,88.45100000000001,88.486,88.254,88.295,578
2026-08-27T10:15:00+00:00,88.295,88.426,88.196,88.409,600
2026-08-27T10:20:00+00:00,88.409,88.45400000000001,88.331,88.366,338
2026-08-27T10:25:00+00:00,88.366,88.53500000000001,88.34400000000001,88.53500000000001,462
2026-08-27T10:30:00+00:00,88.53500000000001,88.60600000000001,88.479,88.501,407
2026-08-27T10:35:00+00:00,88.501,88.635,88.501,88.62,424
2026-08-27T10:40:00+00:00,88.62,88.62100000000001,88.245,88.26100000000001,501
2026-08-27T10:45:00+00:00,88.26100000000001,88.35600000000001,88.214,88.301,393
2026-08-27T10:50:00+00:00,88.301,88.62100000000001,88.301,88.506,619
2026-08-27T10:55:00+00:00,88.506,88.52900000000001,88.384,88.38900000000001,493
2026-08-27T11:00:00+00:00,88.38900000000001,88.61,88.35600000000001,88.566,637
2026-08-27T11:05:00+00:00,88.566,88.65,88.52000000000001,88.545,491
2026-08-27T11:10:00+00:00,88.545,88.631,88.37400000000001,88.38000000000001,518
2026-08-27T11:15:00+00:00,88.38000000000001,88.46000000000001,88.349,88.46000000000001,322
2026-08-27T11:20:00+00:00,88.46000000000001,88.711,88.45400000000001,88.554,585
2026-08-27T11:25:00+00:00,88.554,88.659,88.48,88.53500000000001,522
2026-08-27T11:30:00+00:00,88.53500000000001,88.551,88.245,88.37400000000001,1087
2026-08-27T11:35:00+00:00,88.37400000000001,88.646,88.37400000000001,88.531,729
2026-08-27T11:40:00+00:00,88.531,88.586,88.486,88.586,349
2026-08-27T11:45:00+00:00,88.586,88.726,88.554,88.71600000000001,476
2026-08-27T11:50:00+00:00,88.71600000000001,88.745,88.625,88.691,462
2026-08-27T11:55:00+00:00,88.691,88.711,88.559,88.56,367
2026-08-27T12:00:00+00:00,88.56,88.58500000000001,88.494,88.565,500
2026-08-27T12:05:00+00:00,88.565,88.57600000000001,88.49600000000001,88.53500000000001,447
2026-08-27T12:10:00+00:00,88.53500000000001,88.584,88.449,88.494,632
2026-08-27T12:15:00+00:00,88.494,88.506,88.27900000000001,88.27900000000001,577
2026-08-27T12:20:00+00:00,88.27900000000001,88.5,88.215,88.409,593
2026-08-27T12:25:00+00:00,88.409,88.534,88.214,88.495,908
2026-08-27T12:30:00+00:00,88.495,88.495,88.331,88.375,667
2026-08-27T12:35:00+00:00,88.375,88.561,88.37100000000001,88.49600000000001,692
2026-08-27T12:40:00+00:00,88.49600000000001,88.59100000000001,88.40400000000001,88.54400000000001,676
2026-08-27T12:45:00+00:00,88.54400000000001,88.801,88.495,88.73,695
2026-08-27T12:50:00+00:00,88.73,88.9,88.714,88.801,718
2026-08-27T12:55:00+00:00,88.801,88.80600000000001,88.60900000000001,88.641,546
2026-08-27T13:00:00+00:00,88.641,88.881,88.616,88.774,1964
2026-08-27T13:05:00+00:00,88.774,88.796,88.57900000000001,88.60600000000001,1325
2026-08-27T13:10:00+00:00,88.60600000000001,88.726,88.57900000000001,88.696,1001
2026-08-27T13:15:00+00:00,88.696,88.914,88.61,88.905,898
2026-08-27T13:20:00+00:00,88.905,88.94,88.724,88.91600000000001,906
2026-08-27T13:25:00+00:00,88.91600000000001,88.95400000000001,88.65,88.77900000000001,794
2026-08-27T13:30:00+00:00,88.77900000000001,89.15100000000001,88.73400000000001,88.986,1392
2026-08-27T13:35:00+00:00,88.986,89.04400000000001,88.864,88.91000000000001,891
2026-08-27T13:40:00+00:00,88.91000000000001,89.054,88.894,88.956,980
2026-08-27T13:45:00+00:00,88.956,89.046,88.88900000000001,88.985,821
2026-08-27T13:50:00+00:00,88.985,89.101,88.91000000000001,89.059,839
2026-08-27T13:55:00+00:00,89.059,89.176,88.905,89.149,964
2026-08-27T14:00:00+00:00,89.149,89.319,89.13900000000001,89.20100000000001,1161
2026-08-27T14:05:00+00:00,89.20100000000001,89.575,89.2,89.56400000000001,971
2026-08-27T14:10:00+00:00,89.56400000000001,89.58,89.27900000000001,89.27900000000001,1461
2026-08-27T14:15:00+00:00,89.27900000000001,89.339,89.074,89.289,964
2026-08-27T14:20:00+00:00,89.289,89.35600000000001,89.185,89.31,900
2026-08-27T14:25:00+00:00,89.31,89.32000000000001,89.024,89.06400000000001,750
2026-08-27T14:30:00+00:00,89.06400000000001,89.18,89.04,89.051,1053
2026-08-27T14:35:00+00:00,89.051,89.09100000000001,88.85900000000001,88.864,1076
2026-08-27T14:40:00+00:00,88.864,88.95400000000001,88.699,88.74000000000001,1126
2026-08-27T14:45:00+00:00,88.74000000000001,88.946,88.605,88.819,1296
2026-08-27T14:50:00+00:00,88.819,88.839,88.549,88.584,914
2026-08-27T14:55:00+00:00,88.584,88.604,88.26100000000001,88.289,1161
2026-08-27T15:00:00+00:00,88.289,88.471,88.28,88.46600000000001,1159
2026-08-27T15:05:00+00:00,88.46600000000001,88.795,88.434,88.774,1341
2026-08-27T15:10:00+00:00,88.774,89.07000000000001,88.774,88.996,1186
2026-08-27T15:15:00+00:00,88.996,89.031,88.776,88.806,1044
2026-08-27T15:20:00+00:00,88.806,88.906,88.7,88.845,1263
2026-08-27T15:25:00+00:00,88.845,89.11,88.824,88.895,1822
2026-08-27T15:30:00+00:00,88.895,89.086,88.85,89.029,1253
2026-08-27T15:35:00+00:00,89.029,89.086,88.93900000000001,89.019,859
2026-08-27T15:40:00+00:00,89.019,89.20100000000001,88.919,89.06,1094
2026-08-27T15:45:00+00:00,89.06,89.155,88.95400000000001,89.036,877
2026-08-27T15:50:00+00:00,89.036,89.055,88.856,88.955,662
2026-08-27T15:55:00+00:00,88.955,89.116,88.94500000000001,89.055,779
2026-08-27T16:00:00+00:00,89.055,89.166,88.965,88.965,856
2026-08-27T16:05:00+00:00,88.965,89.059,88.95400000000001,89.006,544
2026-08-27T16:10:00+00:00,89.006,89.01500000000001,88.77400000000002,88.84800000000001,547
2026-08-27T16:15:00+00:00,88.84800000000001,88.85000000000001,88.69300000000001,88.769,644
2026-08-27T16:20:00+00:00,88.769,88.98500000000001,88.70000000000002,88.97500000000001,660
2026-08-27T16:25:00+00:00,88.97500000000001,89.00500000000001,88.81500000000001,88.86500000000001,645
2026-08-27T16:30:00+00:00,88.86500000000001,89.15,88.82300000000001,89.123,691
2026-08-27T16:35:00+00:00,89.123,89.15500000000002,89.05300000000001,89.06300000000002,441
2026-08-27T16:40:00+00:00,89.06300000000002,89.15400000000001,89.034,89.13400000000001,468
2026-08-27T16:45:00+00:00,89.13400000000001,89.20000000000002,89.108,89.144,632
2026-08-27T16:50:00+00:00,89.144,89.23500000000001,89.123,89.13400000000001,606
2026-08-27T16:55:00+00:00,89.13400000000001,89.13400000000001,88.82400000000001,88.95400000000001,603
2026-08-27T17:00:00+00:00,88.95400000000001,89.03500000000001,88.885,89.00900000000001,617
2026-08-27T17:05:00+00:00,89.00900000000001,89.04500000000002,88.933,88.95300000000002,513
2026-08-27T17:10:00+00:00,88.95300000000002,89.08500000000001,88.94300000000001,88.99300000000001,345
2026-08-27T17:15:00+00:00,88.99300000000001,89.12800000000001,88.96300000000001,89.05900000000001,513
2026-08-27T17:20:00+00:00,89.05900000000001,89.105,89.02400000000002,89.04,329
2026-08-27T17:25:00+00:00,89.04,89.05000000000001,88.91400000000002,88.91900000000001,516
2026-08-27T17:30:00+00:00,88.91900000000001,89.08000000000001,88.808,88.88900000000001,628
2026-08-27T17:35:00+00:00,88.88900000000001,88.918,88.81800000000001,88.84400000000001,478
2026-08-27T17:40:00+00:00,88.84400000000001,89.22900000000001,88.843,89.168,768
2026-08-27T17:45:00+00:00,89.168,89.61000000000001,89.129,89.278,1722
2026-08-27T17:50:00+00:00,89.278,89.88000000000001,89.19800000000001,89.83400000000002,1515
2026-08-27T17:55:00+00:00,89.83400000000002,90.19000000000001,89.74900000000001,90.15,1543
2026-08-27T18:00:00+00:00,90.15,90.42800000000001,90.02300000000001,90.18900000000001,1880
2026-08-27T18:05:00+00:00,90.18900000000001,90.36900000000001,90.03800000000001,90.36900000000001,1312
2026-08-27T18:10:00+00:00,90.36900000000001,90.47800000000001,90.11300000000001,90.14800000000001,1107
2026-08-27T18:15:00+00:00,90.14800000000001,90.15500000000002,89.718,89.88300000000001,1461
2026-08-27T18:20:00+00:00,89.88300000000001,89.97000000000001,89.74400000000001,89.88900000000001,1328
2026-08-27T18:25:00+00:00,89.88900000000001,90.07000000000001,89.73,89.92500000000001,2486
2026-08-27T18:30:00+00:00,89.92500000000001,89.98,89.81500000000001,89.85300000000001,764
2026-08-27T18:35:00+00:00,89.85300000000001,90.08500000000001,89.843,90.058,433
2026-08-27T18:40:00+00:00,90.058,90.08900000000001,89.93800000000002,90.04500000000002,429
2026-08-27T18:45:00+00:00,90.04500000000002,90.07000000000001,89.98800000000001,90.058,269
2026-08-27T18:50:00+00:00,90.058,90.09800000000001,89.98400000000001,89.99400000000001,296
2026-08-27T18:55:00+00:00,89.99400000000001,90.10000000000001,89.99400000000001,90.043,298
2026-08-27T19:00:00+00:00,90.043,90.11800000000001,90.028,90.08000000000001,264
2026-08-27T19:05:00+00:00,90.08000000000001,90.18,89.94500000000001,90.18,605
2026-08-27T19:10:00+00:00,90.18,90.25000000000001,90.138,90.22000000000001,317
2026-08-27T19:15:00+00:00,90.22000000000001,90.34000000000002,90.21900000000001,90.27400000000002,342
2026-08-27T19:20:00+00:00,90.27400000000002,90.299,90.019,90.03900000000002,392
2026-08-27T19:25:00+00:00,90.03900000000002,90.20000000000002,90.025,90.15800000000002,447
2026-08-27T19:30:00+00:00,90.15800000000002,90.27300000000001,90.08800000000001,90.12,298
2026-08-27T19:35:00+00:00,90.12,90.17000000000002,90.07000000000001,90.11300000000001,179
2026-08-27T19:40:00+00:00,90.11300000000001,90.16000000000001,90.05300000000001,90.055,277
2026-08-27T19:45:00+00:00,90.055,90.055,89.92300000000002,89.998,289
2026-08-27T19:50:00+00:00,89.998,89.998,89.84800000000001,89.9,369
2026-08-27T19:55:00+00:00,89.9,89.915,89.81900000000002,89.83900000000001,217
2026-08-27T20:00:00+00:00,89.83900000000001,89.864,89.79800000000002,89.83000000000001,202
2026-08-27T20:05:00+00:00,89.83000000000001,89.84000000000002,89.76800000000001,89.79,174
2026-08-27T20:10:00+00:00,89.79,89.80900000000001,89.70300000000002,89.70300000000002,164
2026-08-27T20:15:00+00:00,89.70300000000002,89.739,89.665,89.72800000000001,139
2026-08-27T20:20:00+00:00,89.72800000000001,89.748,89.68900000000001,89.69000000000001,155
2026-08-27T20:25:00+00:00,89.69000000000001,89.73500000000001,89.66300000000001,89.67800000000001,162
2026-08-27T20:30:00+00:00,89.67800000000001,89.68,89.61900000000001,89.629,192
2026-08-27T20:35:00+00:00,89.629,89.67000000000002,89.62800000000001,89.66000000000001,122
2026-08-27T20:40:00+00:00,89.66000000000001,89.67000000000002,89.61800000000001,89.63000000000001,123
2026-08-27T20:45:00+00:00,89.63000000000001,89.70000000000002,89.629,89.63900000000001,304
2026-08-27T20:50:00+00:00,89.63900000000001,89.70800000000001,89.638,89.659,168
2026-08-27T20:55:00+00:00,89.659,89.75800000000001,89.64800000000001,89.75800000000001,148
2026-08-28T00:00:00+00:00,89.604,89.604,88.429,88.461,159
2026-08-28T00:05:00+00:00,88.461,88.486,88.425,88.475,392
2026-08-28T00:10:00+00:00,88.475,88.486,88.376,88.41,275
2026-08-28T00:15:00+00:00,88.41,88.456,88.374,88.451,337
2026-08-28T00:20:00+00:00,88.451,88.476,88.415,88.46,203
2026-08-28T00:25:00+00:00,88.46,88.461,88.409,88.425,265
2026-08-28T00:30:00+00:00,88.425,88.425,88.35,88.354,116
2026-08-28T00:35:00+00:00,88.354,88.425,88.32,88.395,351
2026-08-28T00:40:00+00:00,88.395,88.436,88.354,88.381,271
2026-08-28T00:45:00+00:00,88.381,88.399,88.304,88.344,193
2026-08-28T00:50:00+00:00,88.344,88.38,88.3,88.309,283
2026-08-28T00:55:00+00:00,88.309,88.361,88.274,88.289,224
2026-08-28T01:00:00+00:00,88.289,88.431,88.279,88.354,1129
2026-08-28T01:05:00+00:00,88.354,88.486,88.329,88.459,795
2026-08-28T01:10:00+00:00,88.459,88.536,88.39,88.454,725
2026-08-28T01:15:00+00:00,88.454,88.561,88.425,88.441,737
2026-08-28T01:20:00+00:00,88.441,88.51,88.344,88.47,512
2026-08-28T01:25:00+00:00,88.47,88.476,88.269,88.281,621
2026-08-28T01:30:00+00:00,88.281,88.286,88.089,88.111,682
2026-08-28T01:35:00+00:00,88.111,88.135,88.079,88.101,547
2026-08-28T01:40:00+00:00,88.101,88.181,88.075,88.165,509
2026-08-28T01:45:00+00:00,88.165,88.221,88.094,88.141,764
2026-08-28T01:50:00+00:00,88.141,88.19,88.094,88.161,483
2026-08-28T01:55:00+00:00,88.161,88.221,88.126,88.15,386
2026-08-28T02:00:00+00:00,88.15,88.294,88.13,88.26,569
2026-08-28T02:05:00+00:00,88.26,88.351,88.236,88.331,422
2026-08-28T02:10:00+00:00,88.331,88.421,88.29,88.4,356
2026-08-28T02:15:00+00:00,88.4,88.409,88.341,88.35,97
2026-08-28T02:20:00+00:00,88.35,88.446,88.35,88.431,150
2026-08-28T02:25:00+00:00,88.431,88.461,88.404,88.451,202
2026-08-28T02:30:00+00:00,88.451,88.556,88.45,88.5,657
2026-08-28T02:35:00+00:00,88.5,88.516,88.309,88.354,637
2026-08-28T02:40:00+00:00,88.354,88.354,88.254,88.326,486
2026-08-28T02:45:00+00:00,88.326,88.485,88.294,88.476,564
2026-08-28T02:50:00+00:00,88.476,88.515,88.319,88.335,485
2026-08-28T02:55:00+00:00,88.335,88.336,88.164,88.175,512
2026-08-28T03:00:00+00:00,88.175,88.251,88.139,88.16,386
2026-08-28T03:05:00+00:00,88.16,88.246,88.136,88.246,377
2026-08-28T03:10:00+00:00,88.246,88.291,88.225,88.275,427
2026-08-28T03:15:00+00:00,88.275,88.336,88.219,88.281,346
2026-08-28T03:20:00+00:00,88.281,88.296,88.24,88.265,276
2026-08-28T03:25:00+00:00,88.265,88.3,88.239,88.254,421
2026-08-28T03:30:00+00:00,88.254,88.299,88.21,88.21,183
2026-08-28T03:35:00+00:00,88.21,88.246,88.209,88.226,138
2026-08-28T03:40:00+00:00,88.226,88.241,88.169,88.181,96
2026-08-28T03:45:00+00:00,88.181,88.206,88.159,88.195,119
2026-08-28T03:50:00+00:00,88.195,88.219,88.179,88.181,63
2026-08-28T03:55:00+00:00,88.181,88.201,88.159,88.18,111
2026-08-28T04:00:00+00:00,88.18,88.214,88.176,88.195,134
2026-08-28T04:05:00+00:00,88.195,88.195,88.174,88.184,115
2026-08-28T04:10:00+00:00,88.184,88.2,88.174,88.175,67
2026-08-28T04:15:00+00:00,88.175,88.205,88.149,88.171,147
2026-08-28T04:20:00+00:00,88.171,88.196,88.169,88.184,113
2026-08-28T04:25:00+00:00,88.184,88.216,88.161,88.211,123
2026-08-28T04:30:00+00:00,88.211,88.285,88.189,88.259,141
2026-08-28T04:35:00+00:00,88.259,88.281,88.25,88.269,101
2026-08-28T04:40:00+00:00,88.269,88.311,88.231,88.299,208
2026-08-28T04:45:00+00:00,88.299,88.321,88.286,88.314,79
2026-08-28T04:50:00+00:00,88.314,88.341,88.299,88.316,98
2026-08-28T04:55:00+00:00,88.316,88.354,88.301,88.34,104
2026-08-28T05:00:00+00:00,88.34,88.411,88.299,88.309,173
2026-08-28T05:05:00+00:00,88.309,88.396,88.309,88.359,223
2026-08-28T05:10:00+00:00,88.359,88.37,88.325,88.351,175
2026-08-28T05:15:00+00:00,88.351,88.351,88.32,88.324,114
2026-08-28T05:20:00+00:00,88.324,88.325,88.29,88.294,106
2026-08-28T05:25:00+00:00,88.294,88.314,88.26,88.281,152
2026-08-28T05:30:00+00:00,88.281,88.311,88.074,88.076,547
2026-08-28T05:35:00+00:00,88.076,88.13,87.915,87.994,628
2026-08-28T05:40:00+00:00,87.994,88.33,87.971,88.281,635
2026-08-28T05:45:00+00:00,88.281,88.324,88.176,88.261,548
2026-08-28T05:50:00+00:00,88.261,88.3,88.219,88.27,523
2026-08-28T05:55:00+00:00,88.27,88.316,88.13,88.2,535
2026-08-28T06:00:00+00:00,88.2,88.336,88.165,88.25,620
2026-08-28T06:05:00+00:00,88.25,88.281,88.079,88.101,621
2026-08-28T06:10:00+00:00,88.101,88.181,88.019,88.139,542
2026-08-28T06:15:00+00:00,88.139,88.151,87.994,87.995,530
2026-08-28T06:20:00+00:00,87.995,88.036,87.945,88.006,516
2026-08-28T06:25:00+00:00,88.006,88.085,87.946,88.049,472
2026-08-28T06:30:00+00:00,88.049,88.16,87.979,88.009,536
2026-08-28T06:35:00+00:00,88.009,88.069,87.929,88.006,551
2026-08-28T06:40:00+00:00,88.006,88.064,87.899,87.94,701
2026-08-28T06:45:00+00:00,87.94,88.034,87.866,87.879,689
2026-08-28T06:50:00+00:00,87.879,87.979,87.879,87.96,531
2026-08-28T06:55:00+00:00,87.96,88.045,87.899,87.989,682
2026-08-28T07:00:00+00:00,87.989,88.026,87.859,87.94,1061
2026-08-28T07:05:00+00:00,87.94,88.381,87.929,88.325,869
2026-08-28T07:10:00+00:00,88.325,88.355,88.014,88.059,695
2026-08-28T07:15:00+00:00,88.059,88.215,88.004,88.024,857
2026-08-28T07:20:00+00:00,88.024,88.091,87.974,88.059,645
2026-08-28T07:25:00+00:00,88.059,88.066,87.876,87.876,494
2026-08-28T07:30:00+00:00,87.876,87.891,87.709,87.839,693
2026-08-28T07:35:00+00:00,87.839,87.911,87.771,87.881,591
2026-08-28T07:40:00+00:00,87.881,88.025,87.864,87.88,489
2026-08-28T07:45:00+00:00,87.88,88.026,87.874,87.9,629
2026-08-28T07:50:00+00:00,87.9,88.001,87.875,87.961,601
2026-08-28T07:55:00+00:00,87.961,88.055,87.931,88.036,448
2026-08-28T08:00:00+00:00,88.036,88.106,87.979,87.979,696
2026-08-28T08:05:00+00:00,87.979,88.119,87.955,88.11,548
2026-08-28T08:10:00+00:00,88.11,88.12,87.969,88.04,562
2026-08-28T08:15:00+00:00,88.04,88.309,88.021,88.17,890
2026-08-28T08:20:00+00:00,88.17,88.175,87.914,88.071,816
2026-08-28T08:25:00+00:00,88.071,88.226,88.03,88.166,1681
2026-08-28T08:30:00+00:00,88.166,88.266,87.809,87.916,1332
2026-08-28T08:35:00+00:00,87.916,87.976,87.595,87.659,1204
2026-08-28T08:40:00+00:00,87.659,87.951,87.64,87.945,978
2026-08-28T08:45:00+00:00,87.945,88.235,87.944,88.22,1321
2026-08-28T08:50:00+00:00,88.22,88.32,88.076,88.209,1069
2026-08-28T08:55:00+00:00,88.209,88.376,88.171,88.371,830
2026-08-28T09:00:00+00:00,88.371,88.471,88.259,88.29,1191
2026-08-28T09:05:00+00:00,88.29,88.575,88.285,88.451,964
2026-08-28T09:10:00+00:00,88.451,88.471,88.339,88.399,631
2026-08-28T09:15:00+00:00,88.399,88.441,88.224,88.234,666
2026-08-28T09:20:00+00:00,88.234,88.236,88.065,88.085,491
2026-08-28T09:25:00+00:00,88.085,88.151,87.894,87.979,1446
2026-08-28T09:30:00+00:00,87.979,88.251,87.944,88.134,773
2026-08-28T09:35:00+00:00,88.134,88.36,88.134,88.256,793
2026-08-28T09:40:00+00:00,88.256,88.281,88.05,88.054,592
2026-08-28T09:45:00+00:00,88.054,88.21,87.93,88.179,627
2026-08-28T09:50:00+00:00,88.179,88.204,87.979,87.996,656
2026-08-28T09:55:00+00:00,87.996,88.124,87.956,88.069,644
2026-08-28T10:00:00+00:00,88.069,88.235,87.92,87.955,642
2026-08-28T10:05:00+00:00,87.955,88.151,87.901,88.15,653
2026-08-28T10:10:00+00:00,88.15,88.221,88.099,88.115,403
2026-08-28T10:15:00+00:00,88.115,88.276,88.094,88.246,563
2026-08-28T10:20:00+00:00,88.246,88.316,88.19,88.211,384
2026-08-28T10:25:00+00:00,88.211,88.396,88.189,88.39,537
2026-08-28T10:30:00+00:00,88.39,88.39,88.245,88.299,468
2026-08-28T10:35:00+00:00,88.299,88.466,88.29,88.44,665
2026-08-28T10:40:00+00:00,88.44,88.65,88.419,88.649,815
2026-08-28T10:45:00+00:00,88.649,88.686,88.614,88.63,708
2026-08-28T10:50:00+00:00,88.63,88.651,88.315,88.321,585
2026-08-28T10:55:00+00:00,88.321,88.356,88.286,88.316,321
2026-08-28T11:00:00+00:00,88.316,88.371,88.179,88.234,445
2026-08-28T11:05:00+00:00,88.234,88.355,88.195,88.321,322
2026-08-28T11:10:00+00:00,88.321,88.351,88.189,88.194,468
2026-08-28T11:15:00+00:00,88.194,88.245,88.139,88.18,542
2026-08-28T11:20:00+00:00,88.18,88.324,88.119,88.169,542
2026-08-28T11:25:00+00:00,88.169,88.211,88.039,88.115,1007
2026-08-28T11:30:00+00:00,88.115,88.206,88.081,88.13,451
2026-08-28T11:35:00+00:00,88.13,88.19,88.095,88.096,387
2026-08-28T11:40:00+00:00,88.096,88.2,88.074,88.19,344
2026-08-28T11:45:00+00:00,88.19,88.23,88.119,88.125,416
2026-08-28T11:50:00+00:00,88.125,88.136,87.974,88.031,604
2026-08-28T11:55:00+00:00,88.031,88.079,87.929,87.979,584
2026-08-28T12:00:00+00:00,87.979,88.07,87.944,87.971,528
2026-08-28T12:05:00+00:00,87.971,88.031,87.925,88.01,406
2026-08-28T12:10:00+00:00,88.01,88.064,87.814,87.829,598
2026-08-28T12:15:00+00:00,87.829,87.919,87.829,87.875,395
2026-08-28T12:20:00+00:00,87.875,87.896,87.824,87.849,278
2026-08-28T12:25:00+00:00,87.849,87.865,87.7,87.75,749
2026-08-28T12:30:00+00:00,87.75,87.851,87.734,87.77,715
2026-08-28T12:35:00+00:00,87.77,87.775,87.644,87.681,580
2026-08-28T12:40:00+00:00,87.681,87.795,87.664,87.665,660
2026-08-28T12:45:00+00:00,87.665,87.716,87.476,87.55,849
2026-08-28T12:50:00+00:00,87.55,87.565,87.404,87.475,750
2026-08-28T12:55:00+00:00,87.475,87.571,87.39,87.435,872
2026-08-28T13:00:00+00:00,87.435,87.526,87.349,87.381,1570
2026-08-28T13:05:00+00:00,87.381,87.511,87.225,87.489,1283
2026-08-28T13:10:00+00:00,87.489,87.611,87.379,87.586,1113
2026-08-28T13:15:00+00:00,87.586,87.621,87.45,87.465,864
2026-08-28T13:20:00+00:00,87.465,87.56,87.421,87.44,668
2026-08-28T13:25:00+00:00,87.44,87.481,87.359,87.376,1178
2026-08-28T13:30:00+00:00,87.376,87.636,87.346,87.52,1395
2026-08-28T13:35:00+00:00,87.52,87.646,87.479,87.534,980
2026-08-28T13:40:00+00:00,87.534,87.68,87.484,87.604,924
2026-08-28T13:45:00+00:00,87.604,87.704,87.499,87.554,938
2026-08-28T13:50:00+00:00,87.554,87.59,87.394,87.441,945
2026-08-28T13:55:00+00:00,87.441,87.466,87.304,87.419,792
2026-08-28T14:00:00+00:00,87.419,87.461,87.285,87.38,1677
2026-08-28T14:05:00+00:00,87.38,87.42,87.241,87.4,1221
2026-08-28T14:10:00+00:00,87.4,87.791,87.369,87.776,1765
2026-08-28T14:15:00+00:00,87.776,87.865,87.725,87.801,1229
2026-08-28T14:20:00+00:00,87.801,87.861,87.724,87.794,1138
2026-08-28T14:25:00+00:00,87.794,87.831,87.721,87.771,1023
2026-08-28T14:30:00+00:00,87.771,87.966,87.761,87.88,1161
2026-08-28T14:35:00+00:00,87.88,87.956,87.869,87.949,1036
2026-08-28T14:40:00+00:00,87.949,88.156,87.895,88.039,1349
2026-08-28T14:45:00+00:00,88.039,88.176,87.934,88.066,998
2026-08-28T14:50:00+00:00,88.066,88.126,87.994,88.009,912
2026-08-28T14:55:00+00:00,88.009,88.021,87.779,87.96,1308
2026-08-28T15:00:00+00:00,87.96,88.201,87.905,88.14,1425
2026-08-28T15:05:00+00:00,88.14,88.235,88.016,88.019,1189
2026-08-28T15:10:00+00:00,88.019,88.286,87.981,88.221,1060
2026-08-28T15:15:00+00:00,88.221,88.285,88.144,88.285,760
2026-08-28T15:20:00+00:00,88.285,88.311,88.169,88.241,830
2026-08-28T15:25:00+00:00,88.241,88.346,88.109,88.16,2050
2026-08-28T15:30:00+00:00,88.16,88.32,88.119,88.149,1007
2026-08-28T15:35:00+00:00,88.149,88.235,88.035,88.235,891
2026-08-28T15:40:00+00:00,88.235,88.235,88.114,88.151,781
2026-08-28T15:45:00+00:00,88.151,88.175,87.966,88.044,1039
2026-08-28T15:50:00+00:00,88.044,88.145,87.945,88.069,828
2026-08-28T15:55:00+00:00,88.069,88.076,87.924,87.97,626
2026-08-28T16:00:00+00:00,87.97,88.009,87.85,87.969,983
2026-08-28T16:05:00+00:00,87.969,88.029,87.884,88.025,724
2026-08-28T16:10:00+00:00,88.025,88.08,87.969,88.001,576
2026-08-28T16:15:00+00:00,88.001,88.105,87.98,88.051,956
2026-08-28T16:20:00+00:00,88.051,88.115,87.954,88.049,741
2026-08-28T16:25:00+00:00,88.049,88.059,87.909,87.925,492
2026-08-28T16:30:00+00:00,87.925,88.08,87.855,88.07,868
2026-08-28T16:35:00+00:00,88.07,88.181,88.031,88.086,680
2026-08-28T16:40:00+00:00,88.086,88.256,88.086,88.219,657
2026-08-28T16:45:00+00:00,88.219,88.246,88.124,88.179,554
2026-08-28T16:50:00+00:00,88.179,88.316,88.156,88.156,569
2026-08-28T16:55:00+00:00,88.156,88.274,88.145,88.261,573
2026-08-28T17:00:00+00:00,88.261,88.281,88.18,88.196,662
2026-08-28T17:05:00+00:00,88.196,88.381,88.165,88.191,716
2026-08-28T17:10:00+00:00,88.191,88.191,88.104,88.115,550
2026-08-28T17:15:00+00:00,88.115,88.131,88.011,88.031,607
2026-08-28T17:20:00+00:00,88.031,88.096,87.974,88.04,469
2026-08-28T17:25:00+00:00,88.04,88.085,88.014,88.054,479
2026-08-28T17:30:00+00:00,88.054,88.121,87.985,88.074,724
2026-08-28T17:35:00+00:00,88.074,88.126,88.039,88.064,403
2026-08-28T17:40:00+00:00,88.064,88.154,88.024,88.126,422
2026-08-28T17:45:00+00:00,88.126,88.196,88.07,88.145,565
2026-08-28T17:50:00+00:00,88.145,88.236,88.1,88.131,567
2026-08-28T17:55:00+00:00,88.131,88.145,88.095,88.116,418
2026-08-28T18:00:00+00:00,88.116,88.116,87.85,87.93,914
2026-08-28T18:05:00+00:00,87.93,87.976,87.919,87.935,615
2026-08-28T18:10:00+00:00,87.935,88.01,87.935,87.964,498
2026-08-28T18:15:00+00:00,87.964,88.055,87.881,88.021,920
2026-08-28T18:20:00+00:00,88.021,88.096,87.99,88.059,897
2026-08-28T18:25:00+00:00,88.059,88.191,87.955,88.041,2869
2026-08-28T18:30:00+00:00,88.041,88.059,87.874,87.881,852
2026-08-28T18:35:00+00:00,87.881,87.916,87.811,87.914,366
2026-08-28T18:40:00+00:00,87.914,87.97,87.9,87.924,302
2026-08-28T18:45:00+00:00,87.924,87.926,87.864,87.869,274
2026-08-28T18:50:00+00:00,87.869,87.899,87.834,87.835,227
2026-08-28T18:55:00+00:00,87.835,87.865,87.804,87.865,223
2026-08-28T19:00:00+00:00,87.865,87.964,87.854,87.901,467
2026-08-28T19:05:00+00:00,87.901,88.005,87.901,87.965,355
2026-08-28T19:10:00+00:00,87.965,88.046,87.965,88.036,319
2026-08-28T19:15:00+00:00,88.036,88.036,87.959,88.015,224
2026-08-28T19:20:00+00:00,88.015,88.026,88,88.025,175
2026-08-28T19:25:00+00:00,88.025,88.026,88.004,88.025,129
2026-08-28T19:30:00+00:00,88.025,88.141,88.014,88.134,206
2026-08-28T19:35:00+00:00,88.134,88.246,88.126,88.209,256
2026-08-28T19:40:00+00:00,88.209,88.281,88.164,88.226,250
2026-08-28T19:45:00+00:00,88.226,88.235,88.129,88.15,245
2026-08-28T19:50:00+00:00,88.15,88.164,88.109,88.129,330
2026-08-28T19:55:00+00:00,88.129,88.191,88.115,88.15,306
2026-08-28T20:00:00+00:00,88.15,88.185,88.094,88.185,202
2026-08-28T20:05:00+00:00,88.185,88.211,88.135,88.135,222
2026-08-28T20:10:00+00:00,88.135,88.234,88.116,88.234,203
2026-08-28T20:15:00+00:00,88.234,88.261,88.226,88.255,264
2026-08-28T20:20:00+00:00,88.255,88.261,88.209,88.211,183
2026-08-28T20:25:00+00:00,88.211,88.231,88.195,88.231,261
2026-08-28T20:30:00+00:00,88.231,88.26,88.211,88.246,160
2026-08-28T20:35:00+00:00,88.246,88.266,88.234,88.241,155
2026-08-28T20:40:00+00:00,88.241,88.261,88.196,88.196,313
2026-08-31T00:00:00+00:00,88.196,89.61,88.196,89.56,320
2026-08-31T00:05:00+00:00,89.56,89.606,89.339,89.384,416
2026-08-31T00:10:00+00:00,89.384,89.471,89.384,89.405,296
2026-08-31T00:15:00+00:00,89.405,89.406,89.216,89.374,359
2026-08-31T00:20:00+00:00,89.374,89.38,89.224,89.246,283
2026-08-31T00:25:00+00:00,89.246,89.29,89.184,89.225,327
2026-08-31T00:30:00+00:00,89.225,89.245,89.08,89.106,324
2026-08-31T00:35:00+00:00,89.106,89.161,88.995,89.161,332
2026-08-31T00:40:00+00:00,89.161,89.266,89.15,89.205,369
2026-08-31T00:45:00+00:00,89.205,89.245,89.174,89.199,135
2026-08-31T00:50:00+00:00,89.199,89.23,89.154,89.19,223
2026-08-31T00:55:00+00:00,89.19,89.294,89.171,89.226,277
2026-08-31T01:00:00+00:00,89.226,90.03,89.201,89.884,2722
2026-08-31T01:05:00+00:00,89.884,90.11,89.869,90.054,1504
2026-08-31T01:10:00+00:00,90.054,90.256,89.976,90.019,1528
2026-08-31T01:15:00+00:00,90.019,90.106,89.924,90.009,1244
2026-08-31T01:20:00+00:00,90.009,90.08,89.834,89.836,1083
2026-08-31T01:25:00+00:00,89.836,89.96,89.794,89.844,949
2026-08-31T01:30:00+00:00,89.844,90.031,89.805,90.029,899
2026-08-31T01:35:00+00:00,90.029,90.361,90.024,90.259,1514
2026-08-31T01:40:00+00:00,90.259,90.336,90.149,90.285,1046
2026-08-31T01:45:00+00:00,90.285,90.291,90.154,90.224,1065
2026-08-31T01:50:00+00:00,90.224,90.46,90.174,90.449,1012
2026-08-31T01:55:00+00:00,90.449,90.466,90.139,90.186,801
2026-08-31T02:00:00+00:00,90.186,90.561,90.184,90.546,889
2026-08-31T02:05:00+00:00,90.546,90.589,90.391,90.464,752
2026-08-31T02:10:00+00:00,90.464,90.526,90.419,90.429,605
2026-08-31T02:15:00+00:00,90.429,90.436,90.234,90.324,543
2026-08-31T02:20:00+00:00,90.324,90.421,90.239,90.335,666
2026-08-31T02:25:00+00:00,90.335,90.39,90.309,90.374,232
2026-08-31T02:30:00+00:00,90.374,90.626,90.335,90.495,752
2026-08-31T02:35:00+00:00,90.495,90.661,90.4,90.446,790
2026-08-31T02:40:00+00:00,90.446,90.635,90.446,90.576,663
2026-08-31T02:45:00+00:00,90.576,90.594,90.42,90.431,830
2026-08-31T02:50:00+00:00,90.431,90.496,90.251,90.275,648
2026-08-31T02:55:00+00:00,90.275,90.285,90.074,90.074,786
2026-08-31T03:00:00+00:00,90.074,90.206,89.946,90.206,878
2026-08-31T03:05:00+00:00,90.206,90.216,90.144,90.196,617
2026-08-31T03:10:00+00:00,90.196,90.211,90.109,90.129,590
2026-08-31T03:15:00+00:00,90.129,90.136,90.004,90.044,524
2026-08-31T03:20:00+00:00,90.044,90.08,89.999,90.025,420
2026-08-31T03:25:00+00:00,90.025,90.076,89.966,90.041,417
2026-08-31T03:30:00+00:00,90.041,90.111,89.975,90.095,508
2026-08-31T03:35:00+00:00,90.095,90.151,90.044,90.129,437
2026-08-31T03:40:00+00:00,90.129,90.17,90.104,90.12,177
2026-08-31T03:45:00+00:00,90.12,90.144,90.084,90.136,159
2026-08-31T03:50:00+00:00,90.136,90.156,90.12,90.156,74
2026-08-31T03:55:00+00:00,90.156,90.166,90.109,90.164,127
2026-08-31T04:00:00+00:00,90.164,90.171,90.074,90.109,216
2026-08-31T04:05:00+00:00,90.109,90.15,90.091,90.124,163
2026-08-31T04:10:00+00:00,90.124,90.186,90.096,90.176,218
2026-08-31T04:15:00+00:00,90.176,90.215,90.094,90.13,143
2026-08-31T04:20:00+00:00,90.13,90.329,90.125,90.301,259
2026-08-31T04:25:00+00:00,90.301,90.444,90.3,90.409,260
2026-08-31T04:30:00+00:00,90.409,90.436,90.37,90.375,212
2026-08-31T04:35:00+00:00,90.375,90.39,90.241,90.274,361
2026-08-31T04:40:00+00:00,90.274,90.311,90.205,90.205,218
2026-08-31T04:45:00+00:00,90.205,90.23,90.174,90.23,217
2026-08-31T04:50:00+00:00,90.23,90.251,90.164,90.219,228
2026-08-31T04:55:00+00:00,90.219,90.311,90.179,90.27,203
2026-08-31T05:00:00+00:00,90.27,90.296,90.219,90.291,358
2026-08-31T05:05:00+00:00,90.291,90.446,90.241,90.424,336
2026-08-31T05:10:00+00:00,90.424,90.49,90.389,90.404,279
2026-08-31T05:15:00+00:00,90.404,90.504,90.36,90.451,331
2026-08-31T05:20:00+00:00,90.451,90.661,90.444,90.646,344
2026-08-31T05:25:00+00:00,90.646,90.721,90.615,90.701,359
2026-08-31T05:30:00+00:00,90.701,90.92,90.674,90.849,1165
2026-08-31T05:35:00+00:00,90.849,90.946,90.849,90.924,711
2026-08-31T05:40:00+00:00,90.924,90.94,90.639,90.671,657
2026-08-31T05:45:00+00:00,90.671,90.671,90.449,90.526,693
2026-08-31T05:50:00+00:00,90.526,90.675,90.48,90.675,642
2026-08-31T05:55:00+00:00,90.675,90.686,90.55,90.574,422
2026-08-31T06:00:00+00:00,90.574,90.766,90.561,90.739,787
2026-08-31T06:05:00+00:00,90.739,90.784,90.614,90.615,557
2026-08-31T06:10:00+00:00,90.615,90.714,90.61,90.671,504
2026-08-31T06:15:00+00:00,90.671,90.701,90.599,90.626,502
2026-08-31T06:20:00+00:00,90.626,90.626,90.459,90.521,653
2026-08-31T06:25:00+00:00,90.521,90.581,90.464,90.49,485
2026-08-31T06:30:00+00:00,90.49,90.606,90.449,90.574,566
2026-08-31T06:35:00+00:00,90.574,90.624,90.531,90.579,482
2026-08-31T06:40:00+00:00,90.579,90.701,90.565,90.565,486
2026-08-31T06:45:00+00:00,90.565,90.62,90.45,90.509,796
2026-08-31T06:50:00+00:00,90.509,90.571,90.47,90.54,622
2026-08-31T06:55:00+00:00,90.54,90.561,90.374,90.38,678
2026-08-31T07:00:00+00:00,90.38,90.445,90.229,90.239,870
2026-08-31T07:05:00+00:00,90.239,90.341,90.06,90.065,680
2026-08-31T07:10:00+00:00,90.065,90.081,89.829,89.88,782
2026-08-31T07:15:00+00:00,89.88,89.916,89.545,89.549,877
2026-08-31T07:20:00+00:00,89.549,89.736,89.509,89.63,930
2026-08-31T07:25:00+00:00,89.63,89.856,89.62,89.81,647
2026-08-31T07:30:00+00:00,89.81,89.899,89.736,89.8,617
2026-08-31T07:35:00+00:00,89.8,89.866,89.691,89.866,641
2026-08-31T07:40:00+00:00,89.866,89.911,89.765,89.794,692
2026-08-31T07:45:00+00:00,89.794,89.971,89.784,89.949,555
2026-08-31T07:50:00+00:00,89.949,90.101,89.939,90.029,613
2026-08-31T07:55:00+00:00,90.029,90.331,90.019,90.314,724
2026-08-31T08:00:00+00:00,90.314,90.371,90.115,90.169,879
2026-08-31T08:05:00+00:00,90.169,90.281,90.125,90.195,516
2026-08-31T08:10:00+00:00,90.195,90.431,90.189,90.376,697
2026-08-31T08:15:00+00:00,90.376,90.526,90.26,90.491,872
2026-08-31T08:20:00+00:00,90.491,90.645,90.399,90.479,960
2026-08-31T08:25:00+00:00,90.479,90.554,90.249,90.554,1568
2026-08-31T08:30:00+00:00,90.554,90.714,90.501,90.63,1143
2026-08-31T08:35:00+00:00,90.63,91.036,90.575,91.03,889
2026-08-31T08:40:00+00:00,91.03,91.344,90.949,91.23,1213
2026-08-31T08:45:00+00:00,91.23,91.24,91.01,91.109,964
2026-08-31T08:50:00+00:00,91.109,91.109,90.931,91.095,599
2026-08-31T08:55:00+00:00,91.095,91.315,91.069,91.25,747
2026-08-31T09:00:00+00:00,91.25,91.3,91.119,91.13,786
2026-08-31T09:05:00+00:00,91.13,91.264,91.1,91.195,584
2026-08-31T09:10:00+00:00,91.195,91.334,91.189,91.216,516
2026-08-31T09:15:00+00:00,91.216,91.416,91.201,91.24,870
2026-08-31T09:20:00+00:00,91.24,91.251,90.981,90.986,847
2026-08-31T09:25:00+00:00,90.986,91.06,90.949,91.035,629
2026-08-31T09:30:00+00:00,91.035,91.066,90.976,90.981,421
2026-08-31T09:35:00+00:00,90.981,91.121,90.936,91.099,452
2026-08-31T09:40:00+00:00,91.099,91.111,91.031,91.066,424
2026-08-31T09:45:00+00:00,91.066,91.209,91.004,91.184,702
2026-08-31T09:50:00+00:00,91.184,91.324,91.144,91.256,738
2026-08-31T09:55:00+00:00,91.256,91.341,91.195,91.209,583
2026-08-31T10:00:00+00:00,91.209,91.341,91.181,91.276,765
2026-08-31T10:05:00+00:00,91.276,91.351,91.184,91.345,419
2026-08-31T10:10:00+00:00,91.345,91.456,91.289,91.289,488
2026-08-31T10:15:00+00:00,91.289,91.494,91.275,91.396,434
2026-08-31T10:20:00+00:00,91.396,91.396,91.189,91.191,357
2026-08-31T10:25:00+00:00,91.191,91.21,90.904,90.97,579
2026-08-31T10:30:00+00:00,90.97,91.014,90.829,90.986,770
2026-08-31T10:35:00+00:00,90.986,91.104,90.929,91.07,799
2026-08-31T10:40:00+00:00,91.07,91.135,91.039,91.041,427
2026-08-31T10:45:00+00:00,91.041,91.151,91.034,91.091,312
2026-08-31T10:50:00+00:00,91.091,91.136,90.806,90.944,810
2026-08-31T10:55:00+00:00,90.944,90.951,90.829,90.889,422
2026-08-31T11:00:00+00:00,90.889,90.94,90.839,90.86,502
2026-08-31T11:05:00+00:00,90.86,91.031,90.85,91,443
2026-08-31T11:10:00+00:00,91,91.025,90.874,90.979,477
2026-08-31T11:15:00+00:00,90.979,91.071,90.919,90.931,396
2026-08-31T11:20:00+00:00,90.931,91.151,90.931,91.151,352
2026-08-31T11:25:00+00:00,91.151,91.204,91.094,91.159,384
2026-08-31T11:30:00+00:00,91.159,91.2,91.126,91.18,442
2026-08-31T11:35:00+00:00,91.18,91.225,91.109,91.189,415
2026-08-31T11:40:00+00:00,91.189,91.24,90.979,91.16,857
2026-08-31T11:45:00+00:00,91.16,91.231,91.101,91.21,450
2026-08-31T11:50:00+00:00,91.21,91.246,91.065,91.115,422
2026-08-31T11:55:00+00:00,91.115,91.115,90.899,90.94,691
2026-08-31T12:00:00+00:00,90.94,90.971,90.71,90.869,993
2026-08-31T12:05:00+00:00,90.869,91.094,90.699,90.751,1095
2026-08-31T12:10:00+00:00,90.751,90.84,90.649,90.649,814
2026-08-31T12:15:00+00:00,90.649,90.831,90.614,90.719,695
2026-08-31T12:20:00+00:00,90.719,90.79,90.651,90.739,418
2026-08-31T12:25:00+00:00,90.739,91.241,90.726,91.15,2270
2026-08-31T12:30:00+00:00,91.15,91.274,90.835,90.919,1081
2026-08-31T12:35:00+00:00,90.919,91.034,90.785,90.829,789
2026-08-31T12:40:00+00:00,90.829,90.861,90.575,90.579,939
2026-08-31T12:45:00+00:00,90.579,90.981,90.575,90.886,884
2026-08-31T12:50:00+00:00,90.886,90.886,90.789,90.799,644
2026-08-31T12:55:00+00:00,90.799,90.849,90.649,90.679,710
2026-08-31T13:00:00+00:00,90.679,90.846,90.445,90.504,1913
2026-08-31T13:05:00+00:00,90.504,90.51,90.285,90.349,1269
2026-08-31T13:10:00+00:00,90.349,90.484,90.24,90.24,1067
2026-08-31T13:15:00+00:00,90.24,90.371,90.199,90.289,890
2026-08-31T13:20:00+00:00,90.289,90.545,90.219,90.499,1076
2026-08-31T13:25:00+00:00,90.499,90.659,90.285,90.44,1811
2026-08-31T13:30:00+00:00,90.44,90.966,90.391,90.959,1200
2026-08-31T13:35:00+00:00,90.959,91.225,90.865,90.889,1154
2026-08-31T13:40:00+00:00,90.889,91.111,90.834,91.1,861
2026-08-31T13:45:00+00:00,91.1,91.236,91.089,91.151,850
2026-08-31T13:50:00+00:00,91.151,91.191,91.014,91.089,859
2026-08-31T13:55:00+00:00,91.089,91.111,90.879,90.899,921
2026-08-31T14:00:00+00:00,90.899,90.97,90.625,90.684,1350
2026-08-31T14:05:00+00:00,90.684,90.781,90.606,90.621,1036
2026-08-31T14:10:00+00:00,90.621,90.63,90.469,90.569,714
2026-08-31T14:15:00+00:00,90.569,90.621,90.519,90.571,756
2026-08-31T14:20:00+00:00,90.571,90.8,90.559,90.75,1153
2026-08-31T14:25:00+00:00,90.75,90.826,90.679,90.729,981
2026-08-31T14:30:00+00:00,90.729,90.755,90.48,90.516,1184
2026-08-31T14:35:00+00:00,90.516,90.516,90.289,90.405,1077
2026-08-31T14:40:00+00:00,90.405,90.571,90.346,90.425,941
2026-08-31T14:45:00+00:00,90.425,90.584,90.394,90.439,875
2026-08-31T14:50:00+00:00,90.439,90.446,90.344,90.419,737
2026-08-31T14:55:00+00:00,90.419,90.421,90.244,90.335,865
2026-08-31T15:00:00+00:00,90.335,90.381,90.194,90.309,952
2026-08-31T15:05:00+00:00,90.309,90.465,90.229,90.38,826
2026-08-31T15:10:00+00:00,90.38,90.43,90.184,90.265,751
2026-08-31T15:15:00+00:00,90.265,90.424,90.256,90.281,915
2026-08-31T15:20:00+00:00,90.281,90.531,90.276,90.44,961
2026-08-31T15:25:00+00:00,90.44,90.511,90.409,90.471,1067
2026-08-31T15:30:00+00:00,90.471,90.639,90.269,90.549,1190
2026-08-31T15:35:00+00:00,90.549,90.671,90.481,90.665,877
2026-08-31T15:40:00+00:00,90.665,90.67,90.47,90.501,823
2026-08-31T15:45:00+00:00,90.501,90.561,90.375,90.521,646
2026-08-31T15:50:00+00:00,90.521,90.615,90.456,90.501,701
2026-08-31T15:55:00+00:00,90.501,90.575,90.359,90.439,869
2026-08-31T16:00:00+00:00,90.439,90.496,90.24,90.25,893
2026-08-31T16:05:00+00:00,90.25,90.316,90.234,90.27,794
2026-08-31T16:10:00+00:00,90.27,90.346,90.195,90.239,405
2026-08-31T16:15:00+00:00,90.239,90.304,90.199,90.27,398
2026-08-31T16:20:00+00:00,90.27,90.381,90.259,90.329,512
2026-08-31T16:25:00+00:00,90.329,90.441,90.324,90.44,541
2026-08-31T16:30:00+00:00,90.44,90.451,90.284,90.441,728
2026-08-31T16:35:00+00:00,90.441,90.441,90.219,90.235,582
2026-08-31T16:40:00+00:00,90.235,90.261,90.104,90.15,769
2026-08-31T16:45:00+00:00,90.15,90.221,90.059,90.124,629
2026-08-31T16:50:00+00:00,90.124,90.24,90.034,90.229,568
2026-08-31T16:55:00+00:00,90.229,90.331,90.229,90.319,535
2026-08-31T17:00:00+00:00,90.319,90.611,90.319,90.549,942
2026-08-31T17:05:00+00:00,90.549,90.591,90.389,90.461,664
2026-08-31T17:10:00+00:00,90.461,90.499,90.374,90.406,458
2026-08-31T17:15:00+00:00,90.406,90.431,90.344,90.365,403
2026-08-31T17:20:00+00:00,90.365,90.434,90.285,90.321,463
2026-08-31T17:25:00+00:00,90.321,90.406,90.31,90.351,384
2026-08-31T17:30:00+00:00,90.351,90.404,90.271,90.291,626
2026-08-31T17:35:00+00:00,90.291,90.321,90.199,90.265,557
2026-08-31T17:40:00+00:00,90.265,90.291,90.219,90.23,458
2026-08-31T17:45:00+00:00,90.23,90.33,90.195,90.3,453
2026-08-31T17:50:00+00:00,90.3,90.321,90.19,90.229,552
2026-08-31T17:55:00+00:00,90.229,90.254,90.179,90.191,426
2026-08-31T18:00:00+00:00,90.191,90.389,90.145,90.309,855
2026-08-31T18:05:00+00:00,90.309,90.36,90.196,90.341,592
2026-08-31T18:10:00+00:00,90.341,90.376,90.285,90.33,455
2026-08-31T18:15:00+00:00,90.33,90.371,90.289,90.349,501
2026-08-31T18:20:00+00:00,90.349,90.536,90.329,90.536,852
2026-08-31T18:25:00+00:00,90.536,90.611,90.374,90.504,1960
2026-08-31T18:30:00+00:00,90.504,90.641,90.504,90.589,808
2026-08-31T18:35:00+00:00,90.589,90.646,90.544,90.545,410
2026-08-31T18:40:00+00:00,90.545,90.59,90.444,90.476,281
2026-08-31T18:45:00+00:00,90.476,90.52,90.444,90.509,175
2026-08-31T18:50:00+00:00,90.509,90.509,90.379,90.401,260
2026-08-31T18:55:00+00:00,90.401,90.41,90.179,90.211,763
2026-08-31T19:00:00+00:00,90.211,90.306,90.174,90.274,743
2026-08-31T19:05:00+00:00,90.274,90.361,90.249,90.344,736
2026-08-31T19:10:00+00:00,90.344,90.39,90.259,90.271,668
2026-08-31T19:15:00+00:00,90.271,90.301,90.259,90.301,190
2026-08-31T19:20:00+00:00,90.301,90.324,90.244,90.251,262
2026-08-31T19:25:00+00:00,90.251,90.291,90.249,90.286,283
2026-08-31T19:30:00+00:00,90.286,90.334,90.285,90.304,251
2026-08-31T19:35:00+00:00,90.304,90.461,90.291,90.449,415
2026-08-31T19:40:00+00:00,90.449,90.531,90.446,90.479,317
2026-08-31T19:45:00+00:00,90.479,90.516,90.239,90.4,924
2026-08-31T19:50:00+00:00,90.4,90.479,90.365,90.419,406
2026-08-31T19:55:00+00:00,90.419,90.481,90.4,90.46,386
2026-08-31T20:00:00+00:00,90.46,90.481,90.439,90.451,232
2026-08-31T20:05:00+00:00,90.451,90.451,90.396,90.409,246
2026-08-31T20:10:00+00:00,90.409,90.451,90.384,90.446,384
2026-08-31T20:15:00+00:00,90.446,90.569,90.434,90.566,227
2026-08-31T20:20:00+00:00,90.566,90.631,90.559,90.561,244
2026-08-31T20:25:00+00:00,90.561,90.705,90.509,90.656,409
2026-08-31T20:30:00+00:00,90.656,90.721,90.64,90.664,410
2026-08-31T20:35:00+00:00,90.664,90.71,90.649,90.661,283
2026-08-31T20:40:00+00:00,90.661,90.696,90.639,90.679,197
2026-08-31T20:45:00+00:00,90.679,90.691,90.654,90.679,202
2026-08-31T20:50:00+00:00,90.679,90.746,90.679,90.73,259
2026-08-31T20:55:00+00:00,90.73,90.771,90.709,90.711,281
2026-09-01T00:00:00+00:00,90.711,91.06,90.711,90.98,460
2026-09-01T00:05:00+00:00,90.98,91.106,90.944,91.059,510
2026-09-01T00:10:00+00:00,91.059,91.076,90.944,90.961,555
2026-09-01T00:15:00+00:00,90.961,91.051,90.959,91.03,312
2026-09-01T00:20:00+00:00,91.03,91.056,90.969,91.056,286
2026-09-01T00:25:00+00:00,91.056,91.076,91.024,91.039,209
2026-09-01T00:30:00+00:00,91.039,91.091,91.001,91.081,307
2026-09-01T00:35:00+00:00,91.081,91.141,91.029,91.061,351
2026-09-01T00:40:00+00:00,91.061,91.096,91.01,91.024,316
2026-09-01T00:45:00+00:00,91.024,91.094,91.021,91.084,306
2026-09-01T00:50:00+00:00,91.084,91.136,91.064,91.064,355
2026-09-01T00:55:00+00:00,91.064,91.115,90.996,91,421
2026-09-01T01:00:00+00:00,91,91.231,90.965,91.015,1726
2026-09-01T01:05:00+00:00,91.015,91.131,90.984,91.025,1128
2026-09-01T01:10:00+00:00,91.025,91.056,90.895,90.976,856
2026-09-01T01:15:00+00:00,90.976,91.14,90.954,91.049,912
2026-09-01T01:20:00+00:00,91.049,91.121,91.009,91.095,801
2026-09-01T01:25:00+00:00,91.095,91.161,90.999,91.05,642
2026-09-01T01:30:00+00:00,91.05,91.216,91.025,91.164,656
2026-09-01T01:35:00+00:00,91.164,91.224,91.064,91.086,834
2026-09-01T01:40:00+00:00,91.086,91.124,91.03,91.055,576
2026-09-01T01:45:00+00:00,91.055,91.056,90.94,90.959,688
2026-09-01T01:50:00+00:00,90.959,91.016,90.845,90.854,626
2026-09-01T01:55:00+00:00,90.854,90.9,90.829,90.841,416
2026-09-01T02:00:00+00:00,90.841,90.97,90.815,90.97,602
2026-09-01T02:05:00+00:00,90.97,90.971,90.861,90.909,378
2026-09-01T02:10:00+00:00,90.909,90.951,90.866,90.925,468
2026-09-01T02:15:00+00:00,90.925,91.031,90.9,91.01,215
2026-09-01T02:20:00+00:00,91.01,91.061,91.01,91.026,290
2026-09-01T02:25:00+00:00,91.026,91.051,90.949,90.971,297
2026-09-01T02:30:00+00:00,90.971,91.231,90.971,91.195,992
2026-09-01T02:35:00+00:00,91.195,91.289,91.151,91.261,692
2026-09-01T02:40:00+00:00,91.261,91.286,91.099,91.236,714
2026-09-01T02:45:00+00:00,91.236,91.295,91.219,91.259,621
2026-09-01T02:50:00+00:00,91.259,91.295,91.239,91.281,469
2026-09-01T02:55:00+00:00,91.281,91.311,91.061,91.104,648
2026-09-01T03:00:00+00:00,91.104,91.271,91.089,91.266,789
2026-09-01T03:05:00+00:00,91.266,91.27,91.209,91.231,397
2026-09-01T03:10:00+00:00,91.231,91.261,91.159,91.184,380
2026-09-01T03:15:00+00:00,91.184,91.184,91.046,91.074,552
2026-09-01T03:20:00+00:00,91.074,91.15,91.055,91.099,423
2026-09-01T03:25:00+00:00,91.099,91.141,91.08,91.121,381
2026-09-01T03:30:00+00:00,91.121,91.171,91.081,91.101,402
2026-09-01T03:35:00+00:00,91.101,91.141,91.091,91.126,316
2026-09-01T03:40:00+00:00,91.126,91.171,91.106,91.169,269
2026-09-01T03:45:00+00:00,91.169,91.184,91.119,91.184,273
2026-09-01T03:50:00+00:00,91.184,91.19,91.149,91.181,133
2026-09-01T03:55:00+00:00,91.181,91.216,91.176,91.211,147
2026-09-01T04:00:00+00:00,91.211,91.23,91.154,91.176,240
2026-09-01T04:05:00+00:00,91.176,91.176,91.114,91.119,183
2026-09-01T04:10:00+00:00,91.119,91.22,91.115,91.18,170
2026-09-01T04:15:00+00:00,91.18,91.231,91.156,91.23,184
2026-09-01T04:20:00+00:00,91.23,91.27,91.23,91.254,165
2026-09-01T04:25:00+00:00,91.254,91.27,91.229,91.24,119
2026-09-01T04:30:00+00:00,91.24,91.289,91.239,91.271,170
2026-09-01T04:35:00+00:00,91.271,91.396,91.264,91.349,240
2026-09-01T04:40:00+00:00,91.349,91.529,91.339,91.461,391
2026-09-01T04:45:00+00:00,91.461,91.501,91.45,91.46,303
2026-09-01T04:50:00+00:00,91.46,91.506,91.394,91.504,219
2026-09-01T04:55:00+00:00,91.504,91.526,91.469,91.479,216
2026-09-01T05:00:00+00:00,91.479,91.519,91.446,91.46,252
2026-09-01T05:05:00+00:00,91.46,91.541,91.46,91.469,224
2026-09-01T05:10:00+00:00,91.469,91.496,91.376,91.419,295
2026-09-01T05:15:00+00:00,91.419,91.431,91.374,91.39,207
2026-09-01T05:20:00+00:00,91.39,91.409,91.34,91.35,385
2026-09-01T05:25:00+00:00,91.35,91.451,91.339,91.415,290
2026-09-01T05:30:00+00:00,91.415,91.551,91.369,91.369,716
2026-09-01T05:35:00+00:00,91.369,91.381,90.855,91.031,1214
2026-09-01T05:40:00+00:00,91.031,91.031,90.769,90.876,1485
2026-09-01T05:45:00+00:00,90.876,90.886,90.71,90.78,1116
2026-09-01T05:50:00+00:00,90.78,90.961,90.77,90.856,973
2026-09-01T05:55:00+00:00,90.856,91.05,90.834,91.029,669
2026-09-01T06:00:00+00:00,91.029,91.161,91.005,91.146,795
2026-09-01T06:05:00+00:00,91.146,91.334,91.146,91.266,808
2026-09-01T06:10:00+00:00,91.266,91.361,91.176,91.331,581
2026-09-01T06:15:00+00:00,91.331,91.339,91.115,91.15,685
2026-09-01T06:20:00+00:00,91.15,91.23,91.119,91.22,499
2026-09-01T06:25:00+00:00,91.22,91.249,91.154,91.181,503
2026-09-01T06:30:00+00:00,91.181,91.181,90.92,91.091,740
2026-09-01T06:35:00+00:00,91.091,91.145,91.069,91.121,458
2026-09-01T06:40:00+00:00,91.121,91.121,91.074,91.109,448
2026-09-01T06:45:00+00:00,91.109,91.266,91.07,91.211,719
2026-09-01T06:50:00+00:00,91.211,91.231,91.065,91.189,436
2026-09-01T06:55:00+00:00,91.189,91.231,91.089,91.229,576
2026-09-01T07:00:00+00:00,91.229,91.245,91.064,91.134,839
2026-09-01T07:05:00+00:00,91.134,91.661,91.124,91.649,1318
2026-09-01T07:10:00+00:00,91.649,91.649,91.346,91.354,1156
2026-09-01T07:15:00+00:00,91.354,91.779,91.354,91.739,976
2026-09-01T07:20:00+00:00,91.739,91.786,91.644,91.756,735
2026-09-01T07:25:00+00:00,91.756,91.756,91.58,91.629,742
2026-09-01T07:30:00+00:00,91.629,91.72,91.541,91.699,917
2026-09-01T07:35:00+00:00,91.699,91.726,91.58,91.65,726
2026-09-01T07:40:00+00:00,91.65,91.781,91.645,91.77,762
2026-09-01T07:45:00+00:00,91.77,91.936,91.724,91.73,1012
2026-09-01T07:50:00+00:00,91.73,91.921,91.724,91.871,703
2026-09-01T07:55:00+00:00,91.871,91.879,91.689,91.689,786
2026-09-01T08:00:00+00:00,91.689,91.806,91.609,91.76,1074
2026-09-01T08:05:00+00:00,91.76,92.259,91.76,92.235,2186
2026-09-01T08:10:00+00:00,92.235,92.264,91.929,91.969,1290
2026-09-01T08:15:00+00:00,91.969,92.076,91.886,91.981,997
2026-09-01T08:20:00+00:00,91.981,92.176,91.97,92.15,914
2026-09-01T08:25:00+00:00,92.15,92.261,92.045,92.26,2329
2026-09-01T08:30:00+00:00,92.26,92.276,91.944,92.02,1512
2026-09-01T08:35:00+00:00,92.02,92.335,92.019,92.284,1281
2026-09-01T08:40:00+00:00,92.284,92.466,92.264,92.39,1153
2026-09-01T08:45:00+00:00,92.39,92.459,92.291,92.376,953
2026-09-01T08:50:00+00:00,92.376,92.476,92.209,92.295,966
2026-09-01T08:55:00+00:00,92.295,92.491,92.264,92.424,1020
2026-09-01T09:00:00+00:00,92.424,92.424,92.219,92.219,1023
2026-09-01T09:05:00+00:00,92.219,92.3,92.076,92.289,999
2026-09-01T09:10:00+00:00,92.289,92.309,92.12,92.176,834
2026-09-01T09:15:00+00:00,92.176,92.21,92.069,92.071,597
2026-09-01T09:20:00+00:00,92.071,92.239,92.059,92.21,619
2026-09-01T09:25:00+00:00,92.21,92.366,92.204,92.36,498
2026-09-01T09:30:00+00:00,92.36,92.401,92.175,92.2,635
2026-09-01T09:35:00+00:00,92.2,92.245,92.12,92.141,554
2026-09-01T09:40:00+00:00,92.141,92.216,92.11,92.154,637
2026-09-01T09:45:00+00:00,92.154,92.341,92.129,92.309,732
2026-09-01T09:50:00+00:00,92.309,92.364,92.186,92.269,702
2026-09-01T09:55:00+00:00,92.269,92.3,92.209,92.254,567
2026-09-01T10:00:00+00:00,92.254,92.351,92.119,92.121,709
2026-09-01T10:05:00+00:00,92.121,92.276,92.074,92.276,606
2026-09-01T10:10:00+00:00,92.276,92.306,92.195,92.195,609
2026-09-01T10:15:00+00:00,92.195,92.225,92.08,92.159,535
2026-09-01T10:20:00+00:00,92.159,92.204,91.931,91.96,676
2026-09-01T10:25:00+00:00,91.96,92.121,91.906,91.944,671
2026-09-01T10:30:00+00:00,91.944,91.961,91.819,91.819,739
2026-09-01T10:35:00+00:00,91.819,91.97,91.801,91.961,562
2026-09-01T10:40:00+00:00,91.961,92.121,91.949,92.065,577
2026-09-01T10:45:00+00:00,92.065,92.215,91.909,91.999,935
2026-09-01T10:50:00+00:00,91.999,92.134,91.98,92.099,771
2026-09-01T10:55:00+00:00,92.099,92.145,91.994,92.091,627
2026-09-01T11:00:00+00:00,92.091,92.151,92.049,92.125,725
2026-09-01T11:05:00+00:00,92.125,92.241,92.079,92.096,625
2026-09-01T11:10:00+00:00,92.096,92.136,92.055,92.114,484
2026-09-01T11:15:00+00:00,92.114,92.126,92.026,92.029,400
2026-09-01T11:20:00+00:00,92.029,92.081,91.974,92.059,673
2026-09-01T11:25:00+00:00,92.059,92.124,91.931,91.945,668
2026-09-01T11:30:00+00:00,91.945,91.97,91.739,91.761,818
2026-09-01T11:35:00+00:00,91.761,91.86,91.739,91.749,478
2026-09-01T11:40:00+00:00,91.749,91.816,91.734,91.811,302
2026-09-01T11:45:00+00:00,91.811,91.946,91.805,91.901,520
2026-09-01T11:50:00+00:00,91.901,92.006,91.831,92.006,641
2026-09-01T11:55:00+00:00,92.006,92.061,91.975,92.055,690
2026-09-01T12:00:00+00:00,92.055,92.191,91.959,92.004,995
2026-09-01T12:05:00+00:00,92.004,92.074,91.946,91.946,962
2026-09-01T12:10:00+00:00,91.946,92.061,91.784,91.784,941
2026-09-01T12:15:00+00:00,91.784,92.06,91.74,92.06,862
2026-09-01T12:20:00+00:00,92.06,92.291,92.05,92.26,993
2026-09-01T12:25:00+00:00,92.26,92.286,92.139,92.2,861
2026-09-01T12:30:00+00:00,92.2,92.401,92.199,92.351,707
2026-09-01T12:35:00+00:00,92.351,92.565,92.344,92.524,687
2026-09-01T12:40:00+00:00,92.524,92.664,92.479,92.57,985
2026-09-01T12:45:00+00:00,92.57,92.631,92.381,92.501,961
2026-09-01T12:50:00+00:00,92.501,92.54,92.419,92.43,647
2026-09-01T12:55:00+00:00,92.43,92.516,92.334,92.359,668
2026-09-01T13:00:00+00:00,92.359,92.735,92.359,92.705,2885
2026-09-01T13:05:00+00:00,92.705,92.761,92.6,92.651,1454
2026-09-01T13:10:00+00:00,92.651,92.736,92.606,92.641,1032
2026-09-01T13:15:00+00:00,92.641,92.726,92.565,92.58,1130
2026-09-01T13:20:00+00:00,92.58,92.749,92.579,92.666,1104
2026-09-01T13:25:00+00:00,92.666,92.799,92.545,92.6,1261
2026-09-01T13:30:00+00:00,92.6,92.619,92.419,92.47,1091
2026-09-01T13:35:00+00:00,92.47,92.746,92.444,92.711,1017
2026-09-01T13:40:00+00:00,92.711,92.794,92.639,92.66,1022
2026-09-01T13:45:00+00:00,92.66,92.745,92.59,92.641,715
2026-09-01T13:50:00+00:00,92.641,92.691,92.504,92.654,1071
2026-09-01T13:55:00+00:00,92.654,92.669,92.509,92.564,1029
2026-09-01T14:00:00+00:00,92.564,92.571,92.376,92.386,1443
2026-09-01T14:05:00+00:00,92.386,92.42,92.219,92.241,1389
2026-09-01T14:10:00+00:00,92.241,92.32,91.894,91.93,1697
2026-09-01T14:15:00+00:00,91.93,92.056,91.921,92.01,1550
2026-09-01T14:20:00+00:00,92.01,92.05,91.884,91.995,1279
2026-09-01T14:25:00+00:00,91.995,92.089,91.959,91.985,1456
2026-09-01T14:30:00+00:00,91.985,92.106,91.92,91.986,1198
2026-09-01T14:35:00+00:00,91.986,92.356,91.966,92.356,1496
2026-09-01T14:40:00+00:00,92.356,92.356,92.166,92.224,1398
2026-09-01T14:45:00+00:00,92.224,92.261,92.014,92.164,1492
2026-09-01T14:50:00+00:00,92.164,92.295,92.064,92.249,1315
2026-09-01T14:55:00+00:00,92.249,92.43,92.144,92.425,1283
2026-09-01T15:00:00+00:00,92.425,92.465,92.339,92.421,1227
2026-09-01T15:05:00+00:00,92.421,92.5,92.414,92.421,1178
2026-09-01T15:10:00+00:00,92.421,92.431,92.185,92.306,1642
2026-09-01T15:15:00+00:00,92.306,92.531,92.186,92.476,1453
2026-09-01T15:20:00+00:00,92.476,92.646,92.419,92.601,1328
2026-09-01T15:25:00+00:00,92.601,92.666,92.355,92.391,1821
2026-09-01T15:30:00+00:00,92.391,92.576,92.385,92.529,1409
2026-09-01T15:35:00+00:00,92.529,92.599,92.484,92.574,1068
2026-09-01T15:40:00+00:00,92.574,92.574,92.474,92.505,950
2026-09-01T15:45:00+00:00,92.505,92.626,92.495,92.614,1015
2026-09-01T15:50:00+00:00,92.614,92.676,92.534,92.579,837
2026-09-01T15:55:00+00:00,92.579,92.619,92.514,92.545,767
2026-09-01T16:00:00+00:00,92.545,92.675,92.504,92.629,1365
2026-09-01T16:05:00+00:00,92.629,92.755,92.554,92.739,1040
2026-09-01T16:10:00+00:00,92.739,93.249,92.739,93.229,2232
2026-09-01T16:15:00+00:00,93.229,93.565,93.084,93.51,1870
2026-09-01T16:20:00+00:00,93.51,94.144,93.505,94.07,2820
2026-09-01T16:25:00+00:00,94.07,94.24,93.92,94.061,1449
2026-09-01T16:30:00+00:00,94.061,94.301,93.99,94.239,1528
2026-09-01T16:35:00+00:00,94.239,94.321,93.94,93.946,1424
2026-09-01T16:40:00+00:00,93.946,93.995,93.76,93.871,1446
2026-09-01T16:45:00+00:00,93.871,93.874,93.669,93.671,1117
2026-09-01T16:50:00+00:00,93.671,93.986,93.671,93.889,1290
2026-09-01T16:55:00+00:00,93.889,94,93.839,93.925,1092
2026-09-01T17:00:00+00:00,93.925,94.125,93.87,93.995,1193
2026-09-01T17:05:00+00:00,93.995,94.096,93.835,93.89,1154
2026-09-01T17:10:00+00:00,93.89,93.99,93.775,93.99,935
2026-09-01T17:15:00+00:00,93.99,94.091,93.949,94.004,968
2026-09-01T17:20:00+00:00,94.004,94.066,93.969,94.034,693
2026-09-01T17:25:00+00:00,94.034,94.364,94.015,94.066,1468
2026-09-01T17:30:00+00:00,94.066,94.276,94.064,94.199,1184
2026-09-01T17:35:00+00:00,94.199,94.475,94.181,94.46,1325
2026-09-01T17:40:00+00:00,94.46,94.561,94.431,94.476,1233
2026-09-01T17:45:00+00:00,94.476,94.536,94.374,94.445,973
2026-09-01T17:50:00+00:00,94.445,94.535,94.431,94.496,880
2026-09-01T17:55:00+00:00,94.496,94.535,94.369,94.405,897
2026-09-01T18:00:00+00:00,94.405,94.416,94.18,94.35,1597
2026-09-01T18:05:00+00:00,94.35,94.486,94.324,94.486,980
2026-09-01T18:10:00+00:00,94.486,94.511,94.239,94.331,1049
2026-09-01T18:15:00+00:00,94.331,94.481,94.309,94.429,991
2026-09-01T18:20:00+00:00,94.429,94.566,94.33,94.365,1497
2026-09-01T18:25:00+00:00,94.365,94.686,94.329,94.656,2760
2026-09-01T18:30:00+00:00,94.656,94.884,94.644,94.78,1564
2026-09-01T18:35:00+00:00,94.78,94.994,94.699,94.944,1273
2026-09-01T18:40:00+00:00,94.944,94.944,94.814,94.89,794
2026-09-01T18:45:00+00:00,94.89,95.04,94.879,94.931,879
2026-09-01T18:50:00+00:00,94.931,94.98,94.821,94.979,929
2026-09-01T18:55:00+00:00,94.979,95.094,94.979,95.046,625
2026-09-01T19:00:00+00:00,95.046,95.136,94.969,95.01,793
2026-09-01T19:05:00+00:00,95.01,95.041,94.919,94.974,526
2026-09-01T19:10:00+00:00,94.974,95.051,94.92,94.93,430
2026-09-01T19:15:00+00:00,94.93,95.021,94.864,94.989,544
2026-09-01T19:20:00+00:00,94.989,95.094,94.985,95.09,535
2026-09-01T19:25:00+00:00,95.09,95.136,95.075,95.096,438
2026-09-01T19:30:00+00:00,95.096,95.131,94.984,95.009,496
2026-09-01T19:35:00+00:00,95.009,95.136,94.954,95.069,514
2026-09-01T19:40:00+00:00,95.069,95.076,95.02,95.039,518
2026-09-01T19:45:00+00:00,95.039,95.055,94.984,95.035,371
2026-09-01T19:50:00+00:00,95.035,95.136,95.009,95.101,578
2026-09-01T19:55:00+00:00,95.101,95.136,95.069,95.13,631
2026-09-01T20:00:00+00:00,95.13,95.411,95.094,95.254,1434
2026-09-01T20:05:00+00:00,95.254,95.32,95.195,95.314,813
2026-09-01T20:10:00+00:00,95.314,95.4,95.284,95.399,595
2026-09-01T20:15:00+00:00,95.399,95.41,95.179,95.241,565
2026-09-01T20:20:00+00:00,95.241,95.246,95.165,95.18,452
2026-09-01T20:25:00+00:00,95.18,95.256,95.126,95.256,545
2026-09-01T20:30:00+00:00,95.256,95.35,95.219,95.244,855
2026-09-01T20:35:00+00:00,95.244,95.304,95.169,95.225,585
2026-09-01T20:40:00+00:00,95.225,95.225,94.974,95.04,1334
2026-09-01T20:45:00+00:00,95.04,95.149,95.04,95.119,757
2026-09-01T20:50:00+00:00,95.119,95.171,95.1,95.129,432
2026-09-01T20:55:00+00:00,95.129,95.225,95.095,95.184,802
2026-09-02T00:00:00+00:00,95.184,95.531,95.135,95.525,724
2026-09-02T00:05:00+00:00,95.525,95.67,95.449,95.506,832
2026-09-02T00:10:00+00:00,95.506,95.51,95.404,95.429,739
2026-09-02T00:15:00+00:00,95.429,95.461,95.289,95.42,578
2026-09-02T00:20:00+00:00,95.42,95.596,95.284,95.581,613
2026-09-02T00:25:00+00:00,95.581,95.779,95.574,95.611,929
2026-09-02T00:30:00+00:00,95.611,95.82,95.599,95.811,925
2026-09-02T00:35:00+00:00,95.811,96.005,95.769,96.005,1009
2026-09-02T00:40:00+00:00,96.005,96.241,95.96,96.104,1316
2026-09-02T00:45:00+00:00,96.104,96.18,95.989,96.104,868
2026-09-02T00:50:00+00:00,96.104,96.396,96.1,96.299,1027
2026-09-02T00:55:00+00:00,96.299,96.716,96.16,96.706,1487
2026-09-02T01:00:00+00:00,96.706,96.974,96.419,96.524,3508
2026-09-02T01:05:00+00:00,96.524,96.571,96.354,96.449,2384
2026-09-02T01:10:00+00:00,96.449,96.666,96.426,96.546,1822
2026-09-02T01:15:00+00:00,96.546,96.635,96.17,96.509,2029
2026-09-02T01:20:00+00:00,96.509,96.6,96.399,96.534,1582
2026-09-02T01:25:00+00:00,96.534,96.57,96.399,96.489,1376
2026-09-02T01:30:00+00:00,96.489,96.561,96.41,96.419,1186
2026-09-02T01:35:00+00:00,96.419,96.71,96.396,96.63,1422
2026-09-02T01:40:00+00:00,96.63,96.726,96.585,96.649,1093
2026-09-02T01:45:00+00:00,96.649,96.734,96.501,96.535,1084
2026-09-02T01:50:00+00:00,96.535,96.546,96.106,96.18,1578
2026-09-02T01:55:00+00:00,96.18,96.199,95.924,95.974,1153
2026-09-02T02:00:00+00:00,95.974,95.985,95.944,95.97,114
